state,city,station,month,raw_rows,pm25_days,pm25_mean,pm25_median,pm10_days,pm10_mean,pm10_median,aqi_ready_days,aqi_provisional_mean,aqi_provisional_median,expected_days,pm25_coverage_rate,pm10_coverage_rate,pm25_valid75,pm10_valid75,aqi_ready_coverage_rate,aqi_ready_valid75
Gujarat,Ahmedabad,"Chandkheda, Ahmedabad - IITM",2021-08-01,31,27,56.52444444444445,33.49,27,95.27851851851852,68.74,27,115.1529509479278,68.74,31,0.8709677419354839,0.8709677419354839,True,True,0.8709677419354839,True
Gujarat,Ahmedabad,"Chandkheda, Ahmedabad - IITM",2021-09-01,30,30,17.741666666666667,17.17,30,35.117666666666665,33.82,30,37.058,37.14,30,1.0,1.0,True,True,1.0,True
Gujarat,Ahmedabad,"Chandkheda, Ahmedabad - IITM",2021-10-01,31,2,61.785,61.785,2,105.41499999999999,105.41499999999999,2,127.71844827586206,127.71844827586206,31,0.06451612903225806,0.06451612903225806,False,False,0.06451612903225806,False
Gujarat,Ahmedabad,"Chandkheda, Ahmedabad - IITM",2021-11-01,30,29,57.19103448275862,54.95,29,106.43241379310345,103.38,29,111.0526310680927,102.58134228187919,30,0.9666666666666667,0.9666666666666667,True,True,0.9666666666666667,True
Gujarat,Ahmedabad,"Chandkheda, Ahmedabad - IITM",2021-12-01,31,31,56.524193548387096,52.59,31,100.42774193548387,98.75,31,112.03728810452246,98.75,31,1.0,1.0,True,True,1.0,True
Gujarat,Ahmedabad,"Chandkheda, Ahmedabad - IITM",2022-01-01,31,31,53.788387096774194,47.64,31,98.11806451612902,89.72,31,111.25436442675431,90.09,31,1.0,1.0,True,True,1.0,True
Gujarat,Ahmedabad,"Chandkheda, Ahmedabad - IITM",2022-02-01,28,26,61.02307692307693,59.99,26,115.84576923076922,107.895,26,128.70213688277784,107.75931034482758,28,0.9285714285714286,0.9285714285714286,True,True,0.9285714285714286,True
Gujarat,Ahmedabad,"Chandkheda, Ahmedabad - IITM",2022-03-01,31,30,51.36,47.71,30,139.19733333333335,133.675,30,135.43385998611433,126.75775630641054,31,0.967741935483871,0.967741935483871,True,True,0.967741935483871,True
Gujarat,Ahmedabad,"Chandkheda, Ahmedabad - IITM",2022-04-01,30,27,42.00518518518519,38.89,27,129.78925925925927,128.0,27,119.18918623089648,118.93959731543625,30,0.9,0.9,True,True,0.9,True
Gujarat,Ahmedabad,"Chandkheda, Ahmedabad - IITM",2022-05-01,31,14,78.4557142857143,75.16,14,139.34785714285712,135.64,14,163.5129026095996,149.3393103448276,31,0.45161290322580644,0.45161290322580644,False,False,0.45161290322580644,False
Gujarat,Ahmedabad,"Chandkheda, Ahmedabad - IITM",2022-06-01,30,13,85.07923076923076,58.66,13,108.76692307692308,101.72,13,179.69494595992452,111.1506329113924,30,0.43333333333333335,0.43333333333333335,False,False,0.43333333333333335,False
Gujarat,Ahmedabad,"Chandkheda, Ahmedabad - IITM",2022-07-01,31,4,45.825,32.39,4,80.825,54.285000000000004,4,94.85603448275863,54.790000000000006,31,0.12903225806451613,0.12903225806451613,False,False,0.12903225806451613,False
Gujarat,Ahmedabad,"Chandkheda, Ahmedabad - IITM",2022-08-01,31,23,23.731739130434786,20.78,23,42.77913043478261,37.36,23,45.16956521739131,42.42,31,0.7419354838709677,0.7419354838709677,False,False,0.7419354838709677,False
Gujarat,Ahmedabad,"Chandkheda, Ahmedabad - IITM",2022-09-01,30,21,32.37428571428571,30.2,21,58.669999999999995,53.67,21,61.17952380952381,61.19,30,0.7,0.7,False,False,0.7,False
Gujarat,Ahmedabad,"Chandkheda, Ahmedabad - IITM",2022-10-01,31,14,34.02428571428571,33.14,14,67.52714285714286,60.065,14,84.36615928852449,83.505,31,0.45161290322580644,0.45161290322580644,False,False,0.45161290322580644,False
Gujarat,Ahmedabad,"Chandkheda, Ahmedabad - IITM",2022-11-01,30,0,,,0,,,0,,,30,0.0,0.0,False,False,0.0,False
Gujarat,Ahmedabad,"Chandkheda, Ahmedabad - IITM",2022-12-01,31,0,,,0,,,0,,,31,0.0,0.0,False,False,0.0,False
Gujarat,Ahmedabad,"Chandkheda, Ahmedabad - IITM",2023-01-01,31,19,57.77315789473685,57.61,19,101.19631578947369,102.45,19,103.96415108588411,101.96342281879195,31,0.6129032258064516,0.6129032258064516,False,False,0.6129032258064516,False
Gujarat,Ahmedabad,"Chandkheda, Ahmedabad - IITM",2023-02-01,28,28,73.03928571428571,72.63,28,123.09928571428573,122.56,28,147.13832512315273,140.70241379310343,28,1.0,1.0,True,True,1.0,True
Gujarat,Ahmedabad,"Chandkheda, Ahmedabad - IITM",2023-03-01,31,30,51.804,46.52,30,92.372,85.05,30,101.58917198348692,91.55166666666668,31,0.967741935483871,0.967741935483871,True,True,0.967741935483871,True
Gujarat,Ahmedabad,"Chandkheda, Ahmedabad - IITM",2023-04-01,30,21,55.63761904761904,54.82,21,95.65666666666667,94.82,21,100.29759160688111,95.18448275862069,30,0.7,0.7,False,False,0.7,False
Gujarat,Ahmedabad,"Chandkheda, Ahmedabad - IITM",2023-05-01,31,24,45.62583333333333,45.629999999999995,24,79.12458333333333,79.345,24,79.55923561289825,79.345,31,0.7741935483870968,0.7741935483870968,True,True,0.7741935483870968,True
Gujarat,Ahmedabad,"Chandkheda, Ahmedabad - IITM",2023-06-01,30,30,36.85666666666667,37.065,30,64.23,64.235,30,64.7977011494253,64.235,30,1.0,1.0,True,True,1.0,True
Gujarat,Ahmedabad,"Chandkheda, Ahmedabad - IITM",2023-07-01,31,31,31.287419354838708,30.81,31,53.84225806451613,50.93,31,81.11537615634812,92.97103448275863,31,1.0,1.0,True,True,1.0,True
Gujarat,Ahmedabad,"Maninagar, Ahmedabad - GPCB",2021-08-01,31,31,39.14290322580646,39.11,31,99.90096774193547,99.54,31,98.10874465002415,99.54,31,1.0,1.0,True,True,1.0,True
Gujarat,Ahmedabad,"Maninagar, Ahmedabad - GPCB",2021-09-01,30,30,38.629000000000005,36.989999999999995,30,91.91766666666668,92.595,30,91.75296707394023,92.595,30,1.0,1.0,True,True,1.0,True
Gujarat,Ahmedabad,"Maninagar, Ahmedabad - GPCB",2021-10-01,31,31,51.29258064516129,48.29,31,149.96225806451613,152.29,31,134.81394554725233,135.07859060402683,31,1.0,1.0,True,True,1.0,True
Gujarat,Ahmedabad,"Maninagar, Ahmedabad - GPCB",2021-11-01,30,30,83.04266666666668,72.365,30,197.15233333333333,178.69,30,187.70463377161116,157.91079495487156,30,1.0,1.0,True,True,1.0,True
Gujarat,Ahmedabad,"Maninagar, Ahmedabad - GPCB",2021-12-01,31,31,62.372903225806446,59.34,31,171.1358064516129,135.07,31,152.42991718219642,123.63711409395972,31,1.0,1.0,True,True,1.0,True
Gujarat,Ahmedabad,"Maninagar, Ahmedabad - GPCB",2022-01-01,31,31,57.96064516129032,56.63,31,162.34935483870967,150.89,31,144.2338487208009,134.14838926174497,31,1.0,1.0,True,True,1.0,True
Gujarat,Ahmedabad,"Maninagar, Ahmedabad - GPCB",2022-02-01,28,28,61.980000000000004,60.805,28,207.02142857142857,193.47,28,177.44480525846862,162.43979865771811,28,1.0,1.0,True,True,1.0,True
Gujarat,Ahmedabad,"Maninagar, Ahmedabad - GPCB",2022-03-01,31,31,58.84064516129032,59.07,31,185.38709677419354,176.84,31,158.1859571783712,151.3903355704698,31,1.0,1.0,True,True,1.0,True
Gujarat,Ahmedabad,"Maninagar, Ahmedabad - GPCB",2022-04-01,30,30,50.766333333333336,47.11,30,141.26766666666666,125.19,30,129.4799712257965,117.07255033557047,30,1.0,1.0,True,True,1.0,True
Gujarat,Ahmedabad,"Maninagar, Ahmedabad - GPCB",2022-05-01,31,31,37.69129032258065,38.1,31,152.45354838709676,148.78,31,134.88589305044383,132.74644295302014,31,1.0,1.0,True,True,1.0,True
Gujarat,Ahmedabad,"Maninagar, Ahmedabad - GPCB",2022-06-01,30,30,35.99666666666667,34.925,30,112.635,108.45,30,107.19909403621483,105.95,30,1.0,1.0,True,True,1.0,True
Gujarat,Ahmedabad,"Maninagar, Ahmedabad - GPCB",2022-07-01,31,31,26.106451612903225,26.38,31,78.84774193548387,78.32,31,81.34906732318943,79.78,31,1.0,1.0,True,True,1.0,True
Gujarat,Ahmedabad,"Maninagar, Ahmedabad - GPCB",2022-08-01,31,31,28.629354838709677,25.31,31,84.11354838709677,84.21,31,86.07601186561506,85.38,31,1.0,1.0,True,True,1.0,True
Gujarat,Ahmedabad,"Maninagar, Ahmedabad - GPCB",2022-09-01,30,30,27.178,24.67,30,73.636,72.825,30,78.2138567114457,76.995,30,1.0,1.0,True,True,1.0,True
Gujarat,Ahmedabad,"Maninagar, Ahmedabad - GPCB",2022-10-01,31,31,74.74096774193549,60.25,31,159.20387096774192,172.22,31,159.2311601847372,155.36362416107383,31,1.0,1.0,True,True,1.0,True
Gujarat,Ahmedabad,"Maninagar, Ahmedabad - GPCB",2022-11-01,30,30,53.66266666666666,39.489999999999995,30,137.801,102.105,30,137.11708799472433,110.81,30,1.0,1.0,True,True,1.0,True
Gujarat,Ahmedabad,"Maninagar, Ahmedabad - GPCB",2022-12-01,31,31,40.26064516129032,37.05,30,93.90766666666667,94.02,31,126.92404431407402,131.07999999999998,31,1.0,0.967741935483871,True,True,1.0,True
Gujarat,Ahmedabad,"Maninagar, Ahmedabad - GPCB",2023-01-01,31,31,52.9458064516129,56.49,31,129.94709677419354,121.35,31,122.99048390829482,117.16557046979867,31,1.0,1.0,True,True,1.0,True
Gujarat,Ahmedabad,"Maninagar, Ahmedabad - GPCB",2023-02-01,28,26,63.61692307692307,67.20500000000001,28,153.10285714285715,146.60500000000002,28,165.4551577131232,147.8356375838926,28,0.9285714285714286,1.0,True,True,1.0,True
Gujarat,Ahmedabad,"Maninagar, Ahmedabad - GPCB",2023-03-01,31,31,38.13161290322581,31.77,31,81.29967741935484,74.6,31,102.8879765154588,93.1274358974359,31,1.0,1.0,True,True,1.0,True
Gujarat,Ahmedabad,"Maninagar, Ahmedabad - GPCB",2023-04-01,30,30,46.81166666666666,44.715,30,152.92566666666664,140.76,30,137.44638983440157,127.41771812080538,30,1.0,1.0,True,True,1.0,True
Gujarat,Ahmedabad,"Maninagar, Ahmedabad - GPCB",2023-05-01,31,29,50.8303448275862,44.49,27,142.08296296296297,132.61,29,132.16950885308952,122.00261744966444,31,0.9354838709677419,0.8709677419354839,True,True,0.9354838709677419,True
Gujarat,Ahmedabad,"Maninagar, Ahmedabad - GPCB",2023-06-01,30,30,33.98833333333333,35.30500000000001,30,93.914,93.595,30,92.31419450230142,93.595,30,1.0,1.0,True,True,1.0,True
Gujarat,Ahmedabad,"Maninagar, Ahmedabad - GPCB",2023-07-01,31,31,35.56161290322581,36.07,31,93.61548387096774,87.21,31,99.54496755235336,98.27,31,1.0,1.0,True,True,1.0,True
Gujarat,Ahmedabad,"Raikhad, Ahmedabad - IITM",2021-08-01,31,29,48.69275862068965,45.98,29,106.0648275862069,101.7,29,114.11649761224646,106.60778523489932,31,0.9354838709677419,0.9354838709677419,True,True,0.9354838709677419,True
Gujarat,Ahmedabad,"Raikhad, Ahmedabad - IITM",2021-09-01,30,30,23.692333333333334,20.32,30,60.678,56.709999999999994,30,78.14354566089193,75.15948717948717,30,1.0,1.0,True,True,1.0,True
Gujarat,Ahmedabad,"Raikhad, Ahmedabad - IITM",2021-10-01,31,6,23.78333333333333,23.55,6,60.065,58.58,6,118.43987341772151,119.17088607594937,31,0.1935483870967742,0.1935483870967742,False,False,0.1935483870967742,False
Gujarat,Ahmedabad,"Raikhad, Ahmedabad - IITM",2021-11-01,30,30,68.37333333333332,67.89,30,170.022,167.20499999999998,30,154.33847296150583,145.82241610738257,30,1.0,1.0,True,True,1.0,True
Gujarat,Ahmedabad,"Raikhad, Ahmedabad - IITM",2021-12-01,31,31,70.0525806451613,67.12,31,167.60903225806453,162.02,31,205.61515223173404,188.9,31,1.0,1.0,True,True,1.0,True
Gujarat,Ahmedabad,"Raikhad, Ahmedabad - IITM",2022-01-01,31,24,75.84375,68.50999999999999,24,176.20416666666665,157.35,24,173.7243300005023,160.12275862068964,31,0.7741935483870968,0.7741935483870968,True,True,0.7741935483870968,True
Gujarat,Ahmedabad,"Raikhad, Ahmedabad - IITM",2022-02-01,28,28,92.59642857142856,75.025,28,203.76321428571427,171.88,28,197.1560755881229,155.5353448275862,28,1.0,1.0,True,True,1.0,True
Gujarat,Ahmedabad,"Raikhad, Ahmedabad - IITM",2022-03-01,31,31,78.85387096774193,75.21,31,180.0906451612903,176.82,31,171.83419367859787,151.37704697986578,31,1.0,1.0,True,True,1.0,True
Gujarat,Ahmedabad,"Raikhad, Ahmedabad - IITM",2022-04-01,30,19,71.7221052631579,61.5,19,159.4884210526316,142.71,19,152.83617643984562,128.713355704698,30,0.6333333333333333,0.6333333333333333,False,False,0.6333333333333333,False
Gujarat,Ahmedabad,"Raikhad, Ahmedabad - IITM",2022-05-01,31,31,85.17354838709677,78.78,31,174.15645161290323,162.24,31,181.20523028292365,161.69724137931036,31,1.0,1.0,True,True,1.0,True
Gujarat,Ahmedabad,"Raikhad, Ahmedabad - IITM",2022-06-01,30,30,45.601,39.019999999999996,30,101.943,89.00999999999999,30,104.88266365810384,89.00999999999999,30,1.0,1.0,True,True,1.0,True
Gujarat,Ahmedabad,"Raikhad, Ahmedabad - IITM",2022-07-01,31,7,26.607142857142858,28.14,7,62.85857142857143,64.9,7,66.72018315018315,67.42128205128205,31,0.22580645161290322,0.22580645161290322,False,False,0.22580645161290322,False
Gujarat,Ahmedabad,"Raikhad, Ahmedabad - IITM",2022-08-01,31,0,,,0,,,0,,,31,0.0,0.0,False,False,0.0,False
Gujarat,Ahmedabad,"Raikhad, Ahmedabad - IITM",2022-09-01,30,0,,,0,,,0,,,30,0.0,0.0,False,False,0.0,False
Gujarat,Ahmedabad,"Raikhad, Ahmedabad - IITM",2022-10-01,31,0,,,0,,,0,,,31,0.0,0.0,False,False,0.0,False
Gujarat,Ahmedabad,"Raikhad, Ahmedabad - IITM",2022-11-01,30,0,,,0,,,0,,,30,0.0,0.0,False,False,0.0,False
Gujarat,Ahmedabad,"Raikhad, Ahmedabad - IITM",2022-12-01,31,0,,,0,,,0,,,31,0.0,0.0,False,False,0.0,False
Gujarat,Ahmedabad,"Raikhad, Ahmedabad - IITM",2023-01-01,31,19,79.38157894736842,77.88,19,179.12684210526314,169.76,19,177.0456074982643,158.6248275862069,31,0.6129032258064516,0.6129032258064516,False,False,0.6129032258064516,False
Gujarat,Ahmedabad,"Raikhad, Ahmedabad - IITM",2023-02-01,28,28,114.795,104.25,28,224.13964285714286,207.015,28,245.36472358135697,246.23275862068965,28,1.0,1.0,True,True,1.0,True
Gujarat,Ahmedabad,"Raikhad, Ahmedabad - IITM",2023-03-01,31,31,110.61387096774195,118.39,31,210.17225806451614,218.24,31,246.80985297472986,294.5037931034483,31,1.0,1.0,True,True,1.0,True
Gujarat,Ahmedabad,"Raikhad, Ahmedabad - IITM",2023-04-01,30,30,47.928999999999995,46.745,30,163.70333333333335,153.3,30,143.6173536657888,135.7496644295302,30,1.0,1.0,True,True,1.0,True
Gujarat,Ahmedabad,"Raikhad, Ahmedabad - IITM",2023-05-01,31,31,59.78709677419355,61.86,31,189.31096774193549,185.28,31,160.65226202118686,156.99812080536913,31,1.0,1.0,True,True,1.0,True
Gujarat,Ahmedabad,"Raikhad, Ahmedabad - IITM",2023-06-01,30,16,56.7275,59.879999999999995,16,148.190625,134.70499999999998,16,150.85138631709393,123.39459731543624,30,0.5333333333333333,0.5333333333333333,False,False,0.5333333333333333,False
Gujarat,Ahmedabad,"Raikhad, Ahmedabad - IITM",2023-07-01,31,0,,,0,,,0,,,31,0.0,0.0,False,False,0.0,False
Gujarat,Ahmedabad,"Rakhial, Ahmedabad - IITM",2021-08-01,31,28,27.89428571428571,26.47,28,53.65071428571429,50.760000000000005,28,54.091009108341325,51.0,31,0.9032258064516129,0.9032258064516129,True,True,0.9032258064516129,True
Gujarat,Ahmedabad,"Rakhial, Ahmedabad - IITM",2021-09-01,30,30,31.634,30.509999999999998,30,56.14966666666667,55.665,30,64.95857312314655,55.665,30,1.0,1.0,True,True,1.0,True
Gujarat,Ahmedabad,"Rakhial, Ahmedabad - IITM",2021-10-01,31,31,43.77483870967742,45.96,31,83.9625806451613,94.51,31,90.07791319753876,94.51,31,1.0,1.0,True,True,1.0,True
Gujarat,Ahmedabad,"Rakhial, Ahmedabad - IITM",2021-11-01,30,30,52.05166666666666,47.730000000000004,30,103.99499999999999,97.66499999999999,30,105.91462909820258,97.66499999999999,30,1.0,1.0,True,True,1.0,True
Gujarat,Ahmedabad,"Rakhial, Ahmedabad - IITM",2021-12-01,31,24,37.69166666666667,35.605000000000004,24,69.87791666666666,72.18,24,76.07626803209133,72.18,31,0.7741935483870968,0.7741935483870968,True,True,0.7741935483870968,True
Gujarat,Ahmedabad,"Rakhial, Ahmedabad - IITM",2022-01-01,31,28,49.92892857142857,45.555,28,98.65821428571428,89.12,28,101.59795921909611,89.12,31,0.9032258064516129,0.9032258064516129,True,True,0.9032258064516129,True
Gujarat,Ahmedabad,"Rakhial, Ahmedabad - IITM",2022-02-01,28,27,34.61074074074074,31.73,27,62.038518518518515,62.57,27,69.3362962962963,62.57,28,0.9642857142857143,0.9642857142857143,True,True,0.9642857142857143,True
Gujarat,Ahmedabad,"Rakhial, Ahmedabad - IITM",2022-03-01,31,31,77.49032258064516,61.64,31,132.57,117.75,31,153.22038106437046,117.6771812080537,31,1.0,1.0,True,True,1.0,True
Gujarat,Ahmedabad,"Rakhial, Ahmedabad - IITM",2022-04-01,30,3,58.13333333333333,56.49,3,111.27666666666666,106.69,3,110.77560364113246,104.78060402684564,30,0.1,0.1,False,False,0.1,False
Gujarat,Ahmedabad,"Rakhial, Ahmedabad - IITM",2022-05-01,31,0,,,0,,,0,,,31,0.0,0.0,False,False,0.0,False
Gujarat,Ahmedabad,"Rakhial, Ahmedabad - IITM",2022-06-01,30,0,,,0,,,0,,,30,0.0,0.0,False,False,0.0,False
Gujarat,Ahmedabad,"Rakhial, Ahmedabad - IITM",2022-07-01,31,2,16.64,16.64,2,33.150000000000006,33.150000000000006,2,47.75,47.75,31,0.06451612903225806,0.06451612903225806,False,False,0.06451612903225806,False
Gujarat,Ahmedabad,"Rakhial, Ahmedabad - IITM",2022-08-01,31,0,,,0,,,0,,,31,0.0,0.0,False,False,0.0,False
Gujarat,Ahmedabad,"Rakhial, Ahmedabad - IITM",2022-09-01,30,0,,,0,,,0,,,30,0.0,0.0,False,False,0.0,False
Gujarat,Ahmedabad,"Rakhial, Ahmedabad - IITM",2022-10-01,31,0,,,0,,,0,,,31,0.0,0.0,False,False,0.0,False
Gujarat,Ahmedabad,"Rakhial, Ahmedabad - IITM",2022-11-01,30,0,,,0,,,0,,,30,0.0,0.0,False,False,0.0,False
Gujarat,Ahmedabad,"Rakhial, Ahmedabad - IITM",2022-12-01,31,0,,,0,,,0,,,31,0.0,0.0,False,False,0.0,False
Gujarat,Ahmedabad,"Rakhial, Ahmedabad - IITM",2023-01-01,31,20,78.2855,74.535,20,160.541,154.03,20,162.96572540809353,147.20568965517242,31,0.6451612903225806,0.6451612903225806,False,False,0.6451612903225806,False
Gujarat,Ahmedabad,"Rakhial, Ahmedabad - IITM",2023-02-01,28,28,99.77571428571427,97.78999999999999,28,195.93392857142857,192.095,28,225.27504782523118,224.1796551724138,28,1.0,1.0,True,True,1.0,True
Gujarat,Ahmedabad,"Rakhial, Ahmedabad - IITM",2023-03-01,31,31,67.48,60.75,31,140.22870967741935,127.18,31,145.9056327782478,118.39476510067115,31,1.0,1.0,True,True,1.0,True
Gujarat,Ahmedabad,"Rakhial, Ahmedabad - IITM",2023-04-01,30,30,61.41366666666667,61.445,30,125.79899999999999,125.725,30,122.12891714880814,117.42802013422818,30,1.0,1.0,True,True,1.0,True
Gujarat,Ahmedabad,"Rakhial, Ahmedabad - IITM",2023-05-01,31,31,48.09935483870967,45.31,31,97.68806451612903,92.54,31,97.51330665691185,92.54,31,1.0,1.0,True,True,1.0,True
Gujarat,Ahmedabad,"Rakhial, Ahmedabad - IITM",2023-06-01,30,30,30.024,35.54,30,61.501999999999995,73.34,30,63.88941666666667,73.34,30,1.0,1.0,True,True,1.0,True
Gujarat,Ahmedabad,"Rakhial, Ahmedabad - IITM",2023-07-01,31,23,30.456521739130434,29.05,23,53.45260869565218,58.02,22,76.09750744018095,59.455,31,0.7419354838709677,0.7419354838709677,False,False,0.7096774193548387,False
Gujarat,Ahmedabad,"SAC ISRO Bopal, Ahmedabad - IITM",2021-08-01,31,30,27.175333333333334,26.855,30,43.687000000000005,43.395,30,45.26003831417624,44.75833333333334,31,0.967741935483871,0.967741935483871,True,True,0.967741935483871,True
Gujarat,Ahmedabad,"SAC ISRO Bopal, Ahmedabad - IITM",2021-09-01,30,30,16.419,16.119999999999997,30,27.851999999999997,26.43,30,32.348555555555556,29.5,30,1.0,1.0,True,True,1.0,True
Gujarat,Ahmedabad,"SAC ISRO Bopal, Ahmedabad - IITM",2021-10-01,31,31,49.92161290322581,45.78,31,83.42451612903226,74.25,31,93.48412309974044,75.97310344827586,31,1.0,1.0,True,True,1.0,True
Gujarat,Ahmedabad,"SAC ISRO Bopal, Ahmedabad - IITM",2021-11-01,30,30,65.04866666666666,62.22,30,108.54933333333334,106.38,30,122.40204713415105,105.1767414950243,30,1.0,1.0,True,True,1.0,True
Gujarat,Ahmedabad,"SAC ISRO Bopal, Ahmedabad - IITM",2021-12-01,31,29,76.54068965517241,72.13,29,124.69862068965519,117.42,29,154.96129284996636,138.9955172413793,31,0.9354838709677419,0.9354838709677419,True,True,0.9354838709677419,True
Gujarat,Ahmedabad,"SAC ISRO Bopal, Ahmedabad - IITM",2022-01-01,31,31,80.95645161290322,80.56,31,130.44709677419354,128.81,31,168.7895313196115,167.77379310344827,31,1.0,1.0,True,True,1.0,True
Gujarat,Ahmedabad,"SAC ISRO Bopal, Ahmedabad - IITM",2022-02-01,28,23,95.19782608695652,82.36,23,150.4791304347826,129.87,23,194.9656685610683,173.91862068965517,28,0.8214285714285714,0.8214285714285714,True,True,0.8214285714285714,True
Gujarat,Ahmedabad,"SAC ISRO Bopal, Ahmedabad - IITM",2022-03-01,31,31,85.0425806451613,83.67,31,134.85451612903225,132.33,31,181.59006467134023,178.39068965517242,31,1.0,1.0,True,True,1.0,True
Gujarat,Ahmedabad,"SAC ISRO Bopal, Ahmedabad - IITM",2022-04-01,30,30,63.605000000000004,58.864999999999995,30,103.33,99.845,30,130.63956482224003,100.27000000000001,30,1.0,1.0,True,True,1.0,True
Gujarat,Ahmedabad,"SAC ISRO Bopal, Ahmedabad - IITM",2022-05-01,31,26,103.5023076923077,102.75,26,168.6946153846154,168.04500000000002,26,233.17527111220775,241.11206896551724,31,0.8387096774193549,0.8387096774193549,True,True,0.8387096774193549,True
Gujarat,Ahmedabad,"SAC ISRO Bopal, Ahmedabad - IITM",2022-06-01,30,30,69.02033333333334,40.04,23,129.48434782608695,92.87,30,134.45092119849758,66.27448275862069,30,1.0,0.7666666666666667,True,True,1.0,True
Gujarat,Ahmedabad,"SAC ISRO Bopal, Ahmedabad - IITM",2022-07-01,31,31,26.330645161290324,26.62,0,,,31,44.51442343344457,44.36666666666667,31,1.0,0.0,True,False,1.0,True
Gujarat,Ahmedabad,"SAC ISRO Bopal, Ahmedabad - IITM",2022-08-01,31,31,28.377741935483872,27.01,0,,,31,48.51996292176493,45.01666666666667,31,1.0,0.0,True,False,1.0,True
Gujarat,Ahmedabad,"SAC ISRO Bopal, Ahmedabad - IITM",2022-09-01,30,30,43.956,47.120000000000005,0,,,30,77.22514559386973,78.23724137931035,30,1.0,0.0,True,False,1.0,True
Gujarat,Ahmedabad,"SAC ISRO Bopal, Ahmedabad - IITM",2022-10-01,31,31,56.4741935483871,59.37,0,,,31,115.24568566710643,98.9355172413793,31,1.0,0.0,True,False,1.0,True
Gujarat,Ahmedabad,"SAC ISRO Bopal, Ahmedabad - IITM",2022-11-01,30,30,104.33333333333333,100.565,0,,,30,242.13098102111735,233.65293103448278,30,1.0,0.0,True,False,1.0,True
Gujarat,Ahmedabad,"SAC ISRO Bopal, Ahmedabad - IITM",2022-12-01,31,31,69.19322580645161,65.71,0,,,31,133.0002439402954,117.07896551724136,31,1.0,0.0,True,False,1.0,True
Gujarat,Ahmedabad,"SAC ISRO Bopal, Ahmedabad - IITM",2023-01-01,31,31,66.51161290322581,65.68,20,135.813,135.82,31,125.56812618046898,124.11550335570469,31,1.0,0.6451612903225806,True,False,1.0,True
Gujarat,Ahmedabad,"SAC ISRO Bopal, Ahmedabad - IITM",2023-02-01,28,28,65.72642857142857,65.73,28,135.8032142857143,135.79500000000002,28,124.1242833173538,124.11882550335571,28,1.0,1.0,True,True,1.0,True
Gujarat,Ahmedabad,"SAC ISRO Bopal, Ahmedabad - IITM",2023-03-01,31,31,65.71290322580644,65.69,31,135.77548387096775,135.79,31,124.10585841091145,124.11550335570469,31,1.0,1.0,True,True,1.0,True
Gujarat,Ahmedabad,"SAC ISRO Bopal, Ahmedabad - IITM",2023-04-01,30,30,65.72166666666666,65.73,30,135.86366666666666,135.865,30,124.16444966442954,124.16533557046981,30,1.0,1.0,True,True,1.0,True
Gujarat,Ahmedabad,"SAC ISRO Bopal, Ahmedabad - IITM",2023-05-01,31,31,65.69225806451612,65.7,31,135.80903225806452,135.82,31,124.12814894998918,124.13543624161073,31,1.0,1.0,True,True,1.0,True
Gujarat,Ahmedabad,"SAC ISRO Bopal, Ahmedabad - IITM",2023-06-01,30,28,43.53821428571428,41.39,28,97.47178571428572,93.77000000000001,28,96.47849712368169,93.77000000000001,30,0.9333333333333333,0.9333333333333333,True,True,0.9333333333333333,True
Gujarat,Ahmedabad,"SAC ISRO Bopal, Ahmedabad - IITM",2023-07-01,31,29,39.78241379310345,41.4,29,90.05655172413793,93.77,29,90.05655172413793,93.77,31,0.9354838709677419,0.9354838709677419,True,True,0.9354838709677419,True
Gujarat,Ahmedabad,"SAC ISRO Satellite, Ahmedabad - IITM",2021-08-01,31,31,27.46741935483871,26.38,31,53.52645161290322,51.65,31,54.59132616487455,52.57,31,1.0,1.0,True,True,1.0,True
Gujarat,Ahmedabad,"SAC ISRO Satellite, Ahmedabad - IITM",2021-09-01,30,30,26.366,26.549999999999997,30,53.290333333333336,54.295,30,54.56525925925926,56.495000000000005,30,1.0,1.0,True,True,1.0,True
Gujarat,Ahmedabad,"SAC ISRO Satellite, Ahmedabad - IITM",2021-10-01,31,31,48.2358064516129,48.42,31,96.72387096774193,98.94,31,95.92299258684145,98.94,31,1.0,1.0,True,True,1.0,True
Gujarat,Ahmedabad,"SAC ISRO Satellite, Ahmedabad - IITM",2021-11-01,30,30,51.48833333333334,47.775,30,100.46900000000001,96.325,30,105.27096112011108,96.325,30,1.0,1.0,True,True,1.0,True
Gujarat,Ahmedabad,"SAC ISRO Satellite, Ahmedabad - IITM",2021-12-01,31,31,46.954193548387096,43.77,31,89.38354838709677,85.88,31,93.21639375592568,88.14,31,1.0,1.0,True,True,1.0,True
Gujarat,Ahmedabad,"SAC ISRO Satellite, Ahmedabad - IITM",2022-01-01,31,31,47.2616129032258,41.47,31,89.3016129032258,83.16,31,93.65258606540087,83.16,31,1.0,1.0,True,True,1.0,True
Gujarat,Ahmedabad,"SAC ISRO Satellite, Ahmedabad - IITM",2022-02-01,28,28,73.02607142857143,52.385000000000005,28,124.3075,96.765,28,140.88911266813062,96.765,28,1.0,1.0,True,True,1.0,True
Gujarat,Ahmedabad,"SAC ISRO Satellite, Ahmedabad - IITM",2022-03-01,31,31,56.79258064516129,56.41,31,103.75258064516129,103.21,31,104.997856305664,102.46838926174496,31,1.0,1.0,True,True,1.0,True
Gujarat,Ahmedabad,"SAC ISRO Satellite, Ahmedabad - IITM",2022-04-01,30,30,53.10133333333333,49.375,30,94.625,88.945,30,97.64460610969682,88.945,30,1.0,1.0,True,True,1.0,True
Gujarat,Ahmedabad,"SAC ISRO Satellite, Ahmedabad - IITM",2022-05-01,31,31,59.75354838709677,55.19,31,103.98967741935483,96.21,31,113.47721719136102,96.21,31,1.0,1.0,True,True,1.0,True
Gujarat,Ahmedabad,"SAC ISRO Satellite, Ahmedabad - IITM",2022-06-01,30,30,31.156,27.265,30,55.727,48.980000000000004,30,55.75,49.325,30,1.0,1.0,True,True,1.0,True
Gujarat,Ahmedabad,"SAC ISRO Satellite, Ahmedabad - IITM",2022-07-01,31,7,19.107142857142858,19.85,7,35.925714285714285,36.93,7,36.04,36.93,31,0.22580645161290322,0.22580645161290322,False,False,0.22580645161290322,False
Gujarat,Ahmedabad,"SAC ISRO Satellite, Ahmedabad - IITM",2022-08-01,31,0,,,0,,,0,,,31,0.0,0.0,False,False,0.0,False
Gujarat,Ahmedabad,"SAC ISRO Satellite, Ahmedabad - IITM",2022-09-01,30,0,,,0,,,0,,,30,0.0,0.0,False,False,0.0,False
Gujarat,Ahmedabad,"SAC ISRO Satellite, Ahmedabad - IITM",2022-10-01,31,0,,,0,,,0,,,31,0.0,0.0,False,False,0.0,False
Gujarat,Ahmedabad,"SAC ISRO Satellite, Ahmedabad - IITM",2022-11-01,30,0,,,0,,,0,,,30,0.0,0.0,False,False,0.0,False
Gujarat,Ahmedabad,"SAC ISRO Satellite, Ahmedabad - IITM",2022-12-01,31,0,,,0,,,0,,,31,0.0,0.0,False,False,0.0,False
Gujarat,Ahmedabad,"SAC ISRO Satellite, Ahmedabad - IITM",2023-01-01,31,9,57.416666666666664,57.41,9,116.16777777777777,116.16,9,111.07791946308726,111.07275167785235,31,0.2903225806451613,0.2903225806451613,False,False,0.2903225806451613,False
Gujarat,Ahmedabad,"SAC ISRO Satellite, Ahmedabad - IITM",2023-02-01,28,28,57.419642857142854,57.41,28,116.1925,116.17500000000001,28,111.09434563758388,111.08271812080537,28,1.0,1.0,True,True,1.0,True
Gujarat,Ahmedabad,"SAC ISRO Satellite, Ahmedabad - IITM",2023-03-01,31,31,57.424838709677424,57.43,31,116.19548387096773,116.2,31,111.09632820956917,111.0993288590604,31,1.0,1.0,True,True,1.0,True
Gujarat,Ahmedabad,"SAC ISRO Satellite, Ahmedabad - IITM",2023-04-01,30,30,57.410666666666664,57.42,30,116.20833333333333,116.2,30,111.10486577181207,111.0993288590604,30,1.0,1.0,True,True,1.0,True
Gujarat,Ahmedabad,"SAC ISRO Satellite, Ahmedabad - IITM",2023-05-01,31,31,57.42677419354839,57.42,31,116.18806451612903,116.2,31,111.0913985711193,111.0993288590604,31,1.0,1.0,True,True,1.0,True
Gujarat,Ahmedabad,"SAC ISRO Satellite, Ahmedabad - IITM",2023-06-01,30,30,32.01833333333333,27.56,30,86.55566666666667,81.345,30,85.87512975391499,81.345,30,1.0,1.0,True,True,1.0,True
Gujarat,Ahmedabad,"SAC ISRO Satellite, Ahmedabad - IITM",2023-07-01,31,31,26.511290322580646,27.56,31,78.25903225806452,81.32,31,78.25903225806452,81.32,31,1.0,1.0,True,True,1.0,True
Gujarat,Ahmedabad,"SVPI Airport Hansol, Ahmedabad - IITM",2021-08-01,31,31,40.947741935483876,42.92,31,73.26870967741935,77.8,31,74.50333333333334,77.8,31,1.0,1.0,True,True,1.0,True
Gujarat,Ahmedabad,"SVPI Airport Hansol, Ahmedabad - IITM",2021-09-01,30,30,53.37566666666667,24.939999999999998,30,67.39399999999999,44.959999999999994,30,89.11910763297828,60.51555555555555,30,1.0,1.0,True,True,1.0,True
Gujarat,Ahmedabad,"SVPI Airport Hansol, Ahmedabad - IITM",2021-10-01,31,30,57.891333333333336,57.945,30,115.212,115.995,30,112.58687603178277,110.96312080536913,31,0.967741935483871,0.967741935483871,True,True,0.967741935483871,True
Gujarat,Ahmedabad,"SVPI Airport Hansol, Ahmedabad - IITM",2021-11-01,30,30,69.58833333333334,68.6,30,132.75,132.305,30,137.0503443647304,126.94482758620688,30,1.0,1.0,True,True,1.0,True
Gujarat,Ahmedabad,"SVPI Airport Hansol, Ahmedabad - IITM",2021-12-01,31,31,54.892258064516135,53.73,31,119.17354838709677,112.48,31,118.32703349003184,108.62765100671142,31,1.0,1.0,True,True,1.0,True
Gujarat,Ahmedabad,"SVPI Airport Hansol, Ahmedabad - IITM",2022-01-01,31,31,46.766451612903225,42.36,31,110.01451612903227,103.33,31,104.77876186068039,102.54812080536912,31,1.0,1.0,True,True,1.0,True
Gujarat,Ahmedabad,"SVPI Airport Hansol, Ahmedabad - IITM",2022-02-01,28,28,81.6375,70.83000000000001,28,155.67107142857142,129.99,28,169.19131010686436,139.01258620689657,28,1.0,1.0,True,True,1.0,True
Gujarat,Ahmedabad,"SVPI Airport Hansol, Ahmedabad - IITM",2022-03-01,31,31,82.94903225806452,85.07,31,160.06387096774193,162.95,31,176.34120514217886,183.16999999999996,31,1.0,1.0,True,True,1.0,True
Gujarat,Ahmedabad,"SVPI Airport Hansol, Ahmedabad - IITM",2022-04-01,30,30,72.78533333333333,69.31,30,139.79833333333332,130.07,30,145.17066604952558,129.3686206896552,30,1.0,1.0,True,True,1.0,True
Gujarat,Ahmedabad,"SVPI Airport Hansol, Ahmedabad - IITM",2022-05-01,31,31,72.1774193548387,68.77,31,132.43322580645162,125.77,31,143.61679763495607,127.52517241379309,31,1.0,1.0,True,True,1.0,True
Gujarat,Ahmedabad,"SVPI Airport Hansol, Ahmedabad - IITM",2022-06-01,30,30,39.727,38.2,30,68.262,63.215,30,85.40163613705296,90.66499999999999,30,1.0,1.0,True,True,1.0,True
Gujarat,Ahmedabad,"SVPI Airport Hansol, Ahmedabad - IITM",2022-07-01,31,7,21.22142857142857,21.5,7,41.854285714285716,44.11,7,57.73126984126984,51.0,31,0.22580645161290322,0.22580645161290322,False,False,0.22580645161290322,False
Gujarat,Ahmedabad,"SVPI Airport Hansol, Ahmedabad - IITM",2022-08-01,31,0,,,0,,,0,,,31,0.0,0.0,False,False,0.0,False
Gujarat,Ahmedabad,"SVPI Airport Hansol, Ahmedabad - IITM",2022-09-01,30,0,,,0,,,0,,,30,0.0,0.0,False,False,0.0,False
Gujarat,Ahmedabad,"SVPI Airport Hansol, Ahmedabad - IITM",2022-10-01,31,0,,,0,,,0,,,31,0.0,0.0,False,False,0.0,False
Gujarat,Ahmedabad,"SVPI Airport Hansol, Ahmedabad - IITM",2022-11-01,30,0,,,0,,,0,,,30,0.0,0.0,False,False,0.0,False
Gujarat,Ahmedabad,"SVPI Airport Hansol, Ahmedabad - IITM",2022-12-01,31,0,,,0,,,0,,,31,0.0,0.0,False,False,0.0,False
Gujarat,Ahmedabad,"SVPI Airport Hansol, Ahmedabad - IITM",2023-01-01,31,0,,,0,,,0,,,31,0.0,0.0,False,False,0.0,False
Gujarat,Ahmedabad,"SVPI Airport Hansol, Ahmedabad - IITM",2023-02-01,28,0,,,0,,,0,,,28,0.0,0.0,False,False,0.0,False
Gujarat,Ahmedabad,"SVPI Airport Hansol, Ahmedabad - IITM",2023-03-01,31,2,10.935,10.935,2,79.05000000000001,79.05000000000001,2,79.05000000000001,79.05000000000001,31,0.06451612903225806,0.06451612903225806,False,False,0.06451612903225806,False
Gujarat,Ahmedabad,"SVPI Airport Hansol, Ahmedabad - IITM",2023-04-01,30,26,21.39153846153846,17.84,26,72.79115384615385,69.645,26,88.4904146565911,94.565,30,0.8666666666666667,0.8666666666666667,True,True,0.8666666666666667,True
Gujarat,Ahmedabad,"SVPI Airport Hansol, Ahmedabad - IITM",2023-05-01,31,27,23.488518518518518,24.21,27,46.73925925925926,44.66,27,90.32233040175069,102.26150501672241,31,0.8709677419354839,0.8709677419354839,True,True,0.8709677419354839,True
Gujarat,Ahmedabad,"SVPI Airport Hansol, Ahmedabad - IITM",2023-06-01,30,23,22.122608695652172,19.11,23,55.646956521739135,48.06,23,69.36376347691133,55.89999999999999,30,0.7666666666666667,0.7666666666666667,True,True,0.7666666666666667,True
Gujarat,Ahmedabad,"SVPI Airport Hansol, Ahmedabad - IITM",2023-07-01,31,29,21.37034482758621,22.86,29,43.37344827586207,43.31,29,50.96322796934866,51.0,31,0.9354838709677419,0.9354838709677419,True,True,0.9354838709677419,True
Gujarat,Ahmedabad,"Sardar Vallabhbhai Patel Stadium, Ahmedabad - IITM",2021-08-01,31,31,32.55258064516129,33.39,31,66.57709677419355,68.22,31,66.59870967741935,68.22,31,1.0,1.0,True,True,1.0,True
Gujarat,Ahmedabad,"Sardar Vallabhbhai Patel Stadium, Ahmedabad - IITM",2021-09-01,30,30,22.985333333333333,21.634999999999998,30,46.416000000000004,44.565,30,47.5034367816092,44.565,30,1.0,1.0,True,True,1.0,True
Gujarat,Ahmedabad,"Sardar Vallabhbhai Patel Stadium, Ahmedabad - IITM",2021-10-01,31,2,36.980000000000004,36.980000000000004,2,73.85,73.85,2,73.85,73.85,31,0.06451612903225806,0.06451612903225806,False,False,0.06451612903225806,False
Gujarat,Ahmedabad,"Sardar Vallabhbhai Patel Stadium, Ahmedabad - IITM",2021-11-01,30,28,66.72571428571429,68.39,28,140.84571428571428,142.815,28,143.05502988557512,129.04957995834297,30,0.9333333333333333,0.9333333333333333,True,True,0.9333333333333333,True
Gujarat,Ahmedabad,"Sardar Vallabhbhai Patel Stadium, Ahmedabad - IITM",2021-12-01,31,31,72.87032258064517,63.97,31,146.38935483870966,133.01,31,153.93431493038878,122.26838926174496,31,1.0,1.0,True,True,1.0,True
Gujarat,Ahmedabad,"Sardar Vallabhbhai Patel Stadium, Ahmedabad - IITM",2022-01-01,31,31,66.06161290322581,56.93,31,130.75451612903225,115.9,31,138.6333131414073,110.9,31,1.0,1.0,True,True,1.0,True
Gujarat,Ahmedabad,"Sardar Vallabhbhai Patel Stadium, Ahmedabad - IITM",2022-02-01,28,28,85.31428571428572,73.475,28,162.21071428571426,142.85000000000002,28,176.00969168766304,143.58706896551723,28,1.0,1.0,True,True,1.0,True
Gujarat,Ahmedabad,"Sardar Vallabhbhai Patel Stadium, Ahmedabad - IITM",2022-03-01,31,31,81.85677419354839,74.67,31,154.75290322580645,147.51,31,173.89952898256965,147.66655172413795,31,1.0,1.0,True,True,1.0,True
Gujarat,Ahmedabad,"Sardar Vallabhbhai Patel Stadium, Ahmedabad - IITM",2022-04-01,30,30,66.03766666666667,60.695,30,126.21033333333334,116.815,30,133.03554943497502,115.11248322147651,30,1.0,1.0,True,True,1.0,True
Gujarat,Ahmedabad,"Sardar Vallabhbhai Patel Stadium, Ahmedabad - IITM",2022-05-01,31,28,77.2682142857143,75.56,28,144.0575,142.71,28,160.6572534696887,150.7048275862069,31,0.9032258064516129,0.9032258064516129,True,True,0.9032258064516129,True
Gujarat,Ahmedabad,"Sardar Vallabhbhai Patel Stadium, Ahmedabad - IITM",2022-06-01,30,30,31.377,26.87,30,60.55433333333334,52.985,30,77.54563857817548,71.99444444444444,30,1.0,1.0,True,True,1.0,True
Gujarat,Ahmedabad,"Sardar Vallabhbhai Patel Stadium, Ahmedabad - IITM",2022-07-01,31,31,16.598064516129032,15.62,31,32.990967741935485,28.99,31,44.59322580645161,46.21,31,1.0,1.0,True,True,1.0,True
Gujarat,Ahmedabad,"Sardar Vallabhbhai Patel Stadium, Ahmedabad - IITM",2022-08-01,31,31,30.000967741935483,28.41,31,59.31677419354838,57.88,31,65.45070361550118,62.91,31,1.0,1.0,True,True,1.0,True
Gujarat,Ahmedabad,"Sardar Vallabhbhai Patel Stadium, Ahmedabad - IITM",2022-09-01,30,30,34.03366666666667,35.635000000000005,30,69.85633333333334,70.92500000000001,30,71.78358612975391,70.92500000000001,30,1.0,1.0,True,True,1.0,True
Gujarat,Ahmedabad,"Sardar Vallabhbhai Patel Stadium, Ahmedabad - IITM",2022-10-01,31,31,56.76903225806451,52.39,31,125.93354838709678,114.32,31,119.38650567811011,109.85020134228188,31,1.0,1.0,True,True,1.0,True
Gujarat,Ahmedabad,"Sardar Vallabhbhai Patel Stadium, Ahmedabad - IITM",2022-11-01,30,30,79.84866666666667,80.97999999999999,30,154.05433333333335,155.84,30,168.62940727365364,169.20758620689654,30,1.0,1.0,True,True,1.0,True
Gujarat,Ahmedabad,"Sardar Vallabhbhai Patel Stadium, Ahmedabad - IITM",2022-12-01,31,31,62.571935483870966,62.88,31,124.3674193548387,124.56,31,120.40208412031265,117.08583892617449,31,1.0,1.0,True,True,1.0,True
Gujarat,Ahmedabad,"Sardar Vallabhbhai Patel Stadium, Ahmedabad - IITM",2023-01-01,31,31,69.78806451612903,64.0,31,137.56193548387097,128.28,31,138.66127790082652,119.12563758389263,31,1.0,1.0,True,True,1.0,True
Gujarat,Ahmedabad,"Sardar Vallabhbhai Patel Stadium, Ahmedabad - IITM",2023-02-01,28,28,80.3625,79.84,28,155.24428571428572,155.14499999999998,26,178.82591056003577,173.0139655172414,28,1.0,1.0,True,True,0.9285714285714286,True
Gujarat,Ahmedabad,"Sardar Vallabhbhai Patel Stadium, Ahmedabad - IITM",2023-03-01,31,29,58.568275862068965,51.87,29,116.19379310344827,106.55,29,123.6736185748829,104.68758389261745,31,0.9354838709677419,0.9354838709677419,True,True,0.9354838709677419,True
Gujarat,Ahmedabad,"Sardar Vallabhbhai Patel Stadium, Ahmedabad - IITM",2023-04-01,30,30,54.2,52.47,30,105.907,102.025,30,106.25571457224409,101.68104026845637,30,1.0,1.0,True,True,1.0,True
Gujarat,Ahmedabad,"Sardar Vallabhbhai Patel Stadium, Ahmedabad - IITM",2023-05-01,31,26,40.75538461538462,39.865,26,82.3076923076923,79.56,26,83.15222824528193,83.28944444444444,31,0.8387096774193549,0.8387096774193549,True,True,0.8387096774193549,True
Gujarat,Ahmedabad,"Sardar Vallabhbhai Patel Stadium, Ahmedabad - IITM",2023-06-01,30,12,38.12416666666667,35.44,12,74.40583333333333,68.73,12,82.0552969348659,74.38388888888889,30,0.4,0.4,False,False,0.4,False
Gujarat,Ahmedabad,"Sardar Vallabhbhai Patel Stadium, Ahmedabad - IITM",2023-07-01,31,31,34.940000000000005,31.45,31,67.92612903225806,63.49,31,84.95239038491579,72.31,31,1.0,1.0,True,True,1.0,True
Gujarat,Ankleshwar,"GIDC, Ankleshwar - GPCB",2021-08-01,31,30,44.058,44.144999999999996,30,76.29733333333334,74.215,30,77.777131451053,76.85172413793103,31,0.967741935483871,0.967741935483871,True,True,0.967741935483871,True
Gujarat,Ankleshwar,"GIDC, Ankleshwar - GPCB",2021-09-01,30,30,38.498000000000005,37.095,30,61.913333333333334,62.519999999999996,30,65.99402681992338,63.230000000000004,30,1.0,1.0,True,True,1.0,True
Gujarat,Ankleshwar,"GIDC, Ankleshwar - GPCB",2021-10-01,31,30,89.9,87.44999999999999,30,148.75733333333335,138.46,30,198.181668283074,191.29482758620688,31,0.967741935483871,0.967741935483871,True,True,0.967741935483871,True
Gujarat,Ankleshwar,"GIDC, Ankleshwar - GPCB",2021-11-01,30,30,118.07133333333333,115.46,30,164.42366666666666,162.64499999999998,30,273.5304458700882,284.50137931034476,30,1.0,1.0,True,True,1.0,True
Gujarat,Ankleshwar,"GIDC, Ankleshwar - GPCB",2021-12-01,31,31,105.8441935483871,106.15,31,150.19806451612905,153.94,31,244.80577101171843,252.7189655172414,31,1.0,1.0,True,True,1.0,True
Gujarat,Ankleshwar,"GIDC, Ankleshwar - GPCB",2022-01-01,31,31,87.65096774193547,85.71,31,135.4325806451613,125.19,31,183.3881652433895,185.35482758620688,31,1.0,1.0,True,True,1.0,True
Gujarat,Ankleshwar,"GIDC, Ankleshwar - GPCB",2022-02-01,28,28,89.66642857142857,89.53,28,155.46714285714285,143.87,28,198.1683076834066,197.46172413793101,28,1.0,1.0,True,True,1.0,True
Gujarat,Ankleshwar,"GIDC, Ankleshwar - GPCB",2022-03-01,31,31,74.30870967741936,73.38,31,135.71032258064517,136.3,31,149.82673544803697,143.26275862068962,31,1.0,1.0,True,True,1.0,True
Gujarat,Ankleshwar,"GIDC, Ankleshwar - GPCB",2022-04-01,30,30,60.84733333333334,58.165,30,113.43166666666666,97.08,30,119.10068331222489,102.3126510067114,30,1.0,1.0,True,True,1.0,True
Gujarat,Ankleshwar,"GIDC, Ankleshwar - GPCB",2022-05-01,31,31,54.516129032258064,51.38,31,110.70516129032258,99.01,31,110.13543714575562,101.0,31,1.0,1.0,True,True,1.0,True
Gujarat,Ankleshwar,"GIDC, Ankleshwar - GPCB",2022-06-01,30,29,42.464827586206894,37.63,26,67.36461538461539,63.84,30,78.15466658952404,69.665,30,0.9666666666666667,0.8666666666666667,True,True,1.0,True
Gujarat,Ankleshwar,"GIDC, Ankleshwar - GPCB",2022-07-01,31,29,33.6948275862069,31.58,26,60.10423076923077,54.33,29,71.7020124610936,63.02,31,0.9354838709677419,0.8387096774193549,True,True,0.9354838709677419,True
Gujarat,Ankleshwar,"GIDC, Ankleshwar - GPCB",2022-08-01,31,30,31.90266666666667,27.810000000000002,28,57.13071428571429,55.42,30,75.21454892156004,64.92,31,0.967741935483871,0.9032258064516129,True,True,0.967741935483871,True
Gujarat,Ankleshwar,"GIDC, Ankleshwar - GPCB",2022-09-01,30,25,39.2064,37.69,25,79.33359999999999,74.97,25,95.24719998229298,105.6367088607595,30,0.8333333333333334,0.8333333333333334,True,True,0.8333333333333334,True
Gujarat,Ankleshwar,"GIDC, Ankleshwar - GPCB",2022-10-01,31,30,62.93666666666666,66.99000000000001,30,126.10933333333334,138.995,30,133.87583994435232,126.245,31,0.967741935483871,0.967741935483871,True,True,0.967741935483871,True
Gujarat,Ankleshwar,"GIDC, Ankleshwar - GPCB",2022-11-01,30,30,93.47233333333334,93.52000000000001,30,181.4226666666667,185.39499999999998,30,210.50674311501967,209.60275862068966,30,1.0,1.0,True,True,1.0,True
Gujarat,Ankleshwar,"GIDC, Ankleshwar - GPCB",2022-12-01,31,31,93.39322580645161,94.03,31,143.7183870967742,137.08,31,209.0247028477786,211.3437931034483,31,1.0,1.0,True,True,1.0,True
Gujarat,Ankleshwar,"GIDC, Ankleshwar - GPCB",2023-01-01,31,16,66.499375,65.15,16,104.57,107.065,16,132.21678378922917,115.55269428718478,31,0.5161290322580645,0.5161290322580645,False,False,0.5161290322580645,False
Gujarat,Ankleshwar,"GIDC, Ankleshwar - GPCB",2023-02-01,28,26,81.73307692307692,83.485,26,152.99769230769232,144.70499999999998,26,174.34131956938634,177.7591379310345,28,0.9285714285714286,0.9285714285714286,True,True,0.9285714285714286,True
Gujarat,Ankleshwar,"GIDC, Ankleshwar - GPCB",2023-03-01,31,31,57.24161290322581,51.13,31,109.29903225806451,91.61,31,122.04804000913674,101.79731543624162,31,1.0,1.0,True,True,1.0,True
Gujarat,Ankleshwar,"GIDC, Ankleshwar - GPCB",2023-04-01,30,30,42.76200000000001,41.65,30,87.253,84.895,30,99.1267502436069,109.3538136097188,30,1.0,1.0,True,True,1.0,True
Gujarat,Ankleshwar,"GIDC, Ankleshwar - GPCB",2023-05-01,31,31,29.884516129032257,28.19,31,62.80032258064516,58.12,31,69.5725360879003,62.977777777777774,31,1.0,1.0,True,True,1.0,True
Gujarat,Ankleshwar,"GIDC, Ankleshwar - GPCB",2023-06-01,30,30,22.316666666666666,23.0,30,52.18033333333334,53.565,30,98.38433218576597,103.52671641791045,30,1.0,1.0,True,True,1.0,True
Gujarat,Ankleshwar,"GIDC, Ankleshwar - GPCB",2023-07-01,31,31,20.707741935483874,20.46,31,47.09064516129032,44.97,31,108.8422746091969,107.39113924050632,31,1.0,1.0,True,True,1.0,True
Gujarat,Gandhinagar,"GIFT City, Gandhinagar - IITM",2021-08-01,31,31,31.813225806451616,31.43,31,54.056774193548385,56.08,31,59.56397231491781,59.166666666666664,31,1.0,1.0,True,True,1.0,True
Gujarat,Gandhinagar,"GIFT City, Gandhinagar - IITM",2021-09-01,30,30,15.683333333333334,14.47,30,36.559,34.15,30,51.57914814814815,51.0,30,1.0,1.0,True,True,1.0,True
Gujarat,Gandhinagar,"GIFT City, Gandhinagar - IITM",2021-10-01,31,31,33.81193548387097,29.39,31,79.5983870967742,81.16,31,80.62264559428448,81.16,31,1.0,1.0,True,True,1.0,True
Gujarat,Gandhinagar,"GIFT City, Gandhinagar - IITM",2021-11-01,30,30,58.37866666666666,56.235,30,103.81266666666667,103.595,30,114.36382072051222,105.9204443415876,30,1.0,1.0,True,True,1.0,True
Gujarat,Gandhinagar,"GIFT City, Gandhinagar - IITM",2021-12-01,31,31,49.03290322580645,43.4,31,83.98451612903226,81.11,31,98.77990698091092,91.33,31,1.0,1.0,True,True,1.0,True
Gujarat,Gandhinagar,"GIFT City, Gandhinagar - IITM",2022-01-01,31,31,61.80774193548387,54.83,31,103.55451612903227,90.35,31,123.4005009560652,101.0,31,1.0,1.0,True,True,1.0,True
Gujarat,Gandhinagar,"GIFT City, Gandhinagar - IITM",2022-02-01,28,28,77.71000000000001,67.27,28,150.09285714285716,130.315,28,165.8834433897346,122.40448275862067,28,1.0,1.0,True,True,1.0,True
Gujarat,Gandhinagar,"GIFT City, Gandhinagar - IITM",2022-03-01,31,31,52.07258064516129,48.88,31,102.68096774193549,103.27,31,101.56967405991743,102.50825503355705,31,1.0,1.0,True,True,1.0,True
Gujarat,Gandhinagar,"GIFT City, Gandhinagar - IITM",2022-04-01,30,30,56.443999999999996,52.38,30,108.54433333333333,102.185,30,110.11124284502043,101.78734899328859,30,1.0,1.0,True,True,1.0,True
Gujarat,Gandhinagar,"GIFT City, Gandhinagar - IITM",2022-05-01,31,30,71.779,65.345,30,162.235,143.78,29,154.95058678203296,136.67322147651007,31,0.967741935483871,0.967741935483871,True,True,0.9354838709677419,True
Gujarat,Gandhinagar,"GIFT City, Gandhinagar - IITM",2022-06-01,30,26,37.68961538461538,33.065,26,89.02999999999999,79.195,26,87.7417635696865,79.195,30,0.8666666666666667,0.8666666666666667,True,True,0.8666666666666667,True
Gujarat,Gandhinagar,"GIFT City, Gandhinagar - IITM",2022-07-01,31,30,25.53166666666667,24.485,6,57.17666666666667,58.64,30,47.8228562513615,43.97,31,0.967741935483871,0.1935483870967742,True,False,0.967741935483871,True
Gujarat,Gandhinagar,"GIFT City, Gandhinagar - IITM",2022-08-01,31,31,28.368387096774192,30.0,0,,,31,51.7566814979607,52.31793103448276,31,1.0,0.0,True,False,1.0,True
Gujarat,Gandhinagar,"GIFT City, Gandhinagar - IITM",2022-09-01,30,30,27.903000000000002,27.564999999999998,0,,,30,62.22953575513238,55.94172413793103,30,1.0,0.0,True,False,1.0,True
Gujarat,Gandhinagar,"GIFT City, Gandhinagar - IITM",2022-10-01,31,31,37.79354838709677,37.31,0,,,31,64.09977011494253,62.87827586206897,31,1.0,0.0,True,False,1.0,True
Gujarat,Gandhinagar,"GIFT City, Gandhinagar - IITM",2022-11-01,30,30,59.91833333333333,58.47,0,,,30,106.31497701149425,97.4148275862069,30,1.0,0.0,True,False,1.0,True
Gujarat,Gandhinagar,"GIFT City, Gandhinagar - IITM",2022-12-01,31,26,58.223846153846154,58.59,0,,,26,100.98759640889615,97.61758620689656,31,0.8387096774193549,0.0,True,False,0.8387096774193549,True
Gujarat,Gandhinagar,"GIFT City, Gandhinagar - IITM",2023-01-01,31,31,62.38225806451613,58.81,19,121.56368421052632,114.39,31,118.64097412573463,106.62107382550334,31,1.0,0.6129032258064516,True,False,1.0,True
Gujarat,Gandhinagar,"GIFT City, Gandhinagar - IITM",2023-02-01,28,28,75.18285714285715,73.96000000000001,28,144.49535714285713,143.745,28,159.05368168744008,145.24275862068964,28,1.0,1.0,True,True,1.0,True
Gujarat,Gandhinagar,"GIFT City, Gandhinagar - IITM",2023-03-01,31,31,51.627741935483876,49.77,31,106.6716129032258,102.72,31,106.94789057192556,102.14281879194631,31,1.0,1.0,True,True,1.0,True
Gujarat,Gandhinagar,"GIFT City, Gandhinagar - IITM",2023-04-01,30,30,53.44166666666667,55.870000000000005,30,109.46133333333334,109.115,30,106.51790048599861,106.39184563758388,30,1.0,1.0,True,True,1.0,True
Gujarat,Gandhinagar,"GIFT City, Gandhinagar - IITM",2023-05-01,31,31,36.204193548387096,35.63,31,88.06225806451613,84.83,31,86.8789932885906,84.83,31,1.0,1.0,True,True,1.0,True
Gujarat,Gandhinagar,"GIFT City, Gandhinagar - IITM",2023-06-01,30,30,29.59,30.075,30,70.77033333333334,71.005,30,71.11766666666668,71.005,30,1.0,1.0,True,True,1.0,True
Gujarat,Gandhinagar,"GIFT City, Gandhinagar - IITM",2023-07-01,31,25,30.426399999999997,25.41,25,68.0556,59.07,25,72.22522774049217,62.43333333333333,31,0.8064516129032258,0.8064516129032258,True,True,0.8064516129032258,True
Gujarat,Gandhinagar,"IIPHG Lekawada, Gandhinagar - IITM",2021-08-01,31,29,37.54758620689655,38.77,29,48.73862068965518,50.96,29,62.35361474435196,64.12862068965518,31,0.9354838709677419,0.9354838709677419,True,True,0.9354838709677419,True
Gujarat,Gandhinagar,"IIPHG Lekawada, Gandhinagar - IITM",2021-09-01,30,30,23.336666666666666,23.415,30,37.047333333333334,40.39,30,40.3227203065134,41.34,30,1.0,1.0,True,True,1.0,True
Gujarat,Gandhinagar,"IIPHG Lekawada, Gandhinagar - IITM",2021-10-01,31,31,62.52870967741936,63.72,31,93.65064516129033,102.34,31,119.93159842031788,110.28551724137931,31,1.0,1.0,True,True,1.0,True
Gujarat,Gandhinagar,"IIPHG Lekawada, Gandhinagar - IITM",2021-11-01,30,30,67.76866666666666,66.095,30,93.611,92.42500000000001,30,133.13502076093738,118.39327586206896,30,1.0,1.0,True,True,1.0,True
Gujarat,Gandhinagar,"IIPHG Lekawada, Gandhinagar - IITM",2021-12-01,31,30,66.91333333333334,59.54,30,88.16266666666667,79.785,30,133.04182683226068,99.22275862068966,31,0.967741935483871,0.967741935483871,True,True,0.967741935483871,True
Gujarat,Gandhinagar,"IIPHG Lekawada, Gandhinagar - IITM",2022-01-01,31,31,64.14064516129032,58.62,31,83.38225806451612,78.2,31,134.19443475561545,101.34765886287626,31,1.0,1.0,True,True,1.0,True
Gujarat,Gandhinagar,"IIPHG Lekawada, Gandhinagar - IITM",2022-02-01,28,28,110.27178571428571,96.31,28,136.28785714285715,120.63,28,233.01553299347003,219.12724137931033,28,1.0,1.0,True,True,1.0,True
Gujarat,Gandhinagar,"IIPHG Lekawada, Gandhinagar - IITM",2022-03-01,31,31,101.67290322580645,96.51,31,128.7816129032258,125.14,31,230.72143053004632,219.81,31,1.0,1.0,True,True,1.0,True
Gujarat,Gandhinagar,"IIPHG Lekawada, Gandhinagar - IITM",2022-04-01,30,30,109.33099999999999,107.32,30,135.95,131.445,30,251.75103234429298,256.7131034482759,30,1.0,1.0,True,True,1.0,True
Gujarat,Gandhinagar,"IIPHG Lekawada, Gandhinagar - IITM",2022-05-01,31,31,125.98451612903226,113.67,31,151.3158064516129,138.37,31,277.3359194971157,278.3906896551724,31,1.0,1.0,True,True,1.0,True
Gujarat,Gandhinagar,"IIPHG Lekawada, Gandhinagar - IITM",2022-06-01,30,24,61.4725,54.75,24,76.85125000000001,70.78999999999999,24,123.76562481579724,95.14224137931035,30,0.8,0.8,True,True,0.8,True
Gujarat,Gandhinagar,"IIPHG Lekawada, Gandhinagar - IITM",2022-07-01,31,0,,,0,,,0,,,31,0.0,0.0,False,False,0.0,False
Gujarat,Gandhinagar,"IIPHG Lekawada, Gandhinagar - IITM",2022-08-01,31,0,,,0,,,0,,,31,0.0,0.0,False,False,0.0,False
Gujarat,Gandhinagar,"IIPHG Lekawada, Gandhinagar - IITM",2022-09-01,30,0,,,0,,,0,,,30,0.0,0.0,False,False,0.0,False
Gujarat,Gandhinagar,"IIPHG Lekawada, Gandhinagar - IITM",2022-10-01,31,0,,,0,,,0,,,31,0.0,0.0,False,False,0.0,False
Gujarat,Gandhinagar,"IIPHG Lekawada, Gandhinagar - IITM",2022-11-01,30,0,,,0,,,0,,,30,0.0,0.0,False,False,0.0,False
Gujarat,Gandhinagar,"IIPHG Lekawada, Gandhinagar - IITM",2022-12-01,31,0,,,0,,,0,,,31,0.0,0.0,False,False,0.0,False
Gujarat,Gandhinagar,"IIPHG Lekawada, Gandhinagar - IITM",2023-01-01,31,19,93.5463157894737,94.48,19,120.31368421052632,120.32,19,207.98662727387836,212.88000000000002,31,0.6129032258064516,0.6129032258064516,False,False,0.6129032258064516,False
Gujarat,Gandhinagar,"IIPHG Lekawada, Gandhinagar - IITM",2023-02-01,28,28,104.75357142857142,108.72,28,131.6007142857143,138.28,28,242.5199249627678,261.4924137931034,28,1.0,1.0,True,True,1.0,True
Gujarat,Gandhinagar,"IIPHG Lekawada, Gandhinagar - IITM",2023-03-01,31,31,74.1974193548387,69.31,31,100.82709677419355,96.02,31,152.69722068448147,129.3686206896552,31,1.0,1.0,True,True,1.0,True
Gujarat,Gandhinagar,"IIPHG Lekawada, Gandhinagar - IITM",2023-04-01,30,30,89.37966666666667,93.435,30,114.97166666666666,116.745,30,195.86879791499598,209.31258620689653,30,1.0,1.0,True,True,1.0,True
Gujarat,Gandhinagar,"IIPHG Lekawada, Gandhinagar - IITM",2023-05-01,31,31,67.80967741935484,59.44,31,88.74709677419354,83.84,31,131.18107897664072,99.05379310344827,31,1.0,1.0,True,True,1.0,True
Gujarat,Gandhinagar,"IIPHG Lekawada, Gandhinagar - IITM",2023-06-01,30,30,52.39,56.1,30,67.32566666666666,71.14,30,89.50506896551724,93.4103448275862,30,1.0,1.0,True,True,1.0,True
Gujarat,Gandhinagar,"IIPHG Lekawada, Gandhinagar - IITM",2023-07-01,31,21,56.23190476190476,53.73,21,71.7747619047619,71.29,21,110.3567159277504,89.40586206896552,31,0.6774193548387096,0.6774193548387096,False,False,0.6774193548387096,False
Gujarat,Gandhinagar,"Sector-10, Gandhinagar - GPCB",2021-08-01,31,14,23.0,23.655,13,67.23384615384614,67.58,14,63.52847555129434,66.84,31,0.45161290322580644,0.41935483870967744,False,False,0.45161290322580644,False
Gujarat,Gandhinagar,"Sector-10, Gandhinagar - GPCB",2021-09-01,30,30,18.127666666666666,18.905,30,37.568999999999996,36.31,30,38.34011111111111,37.595,30,1.0,1.0,True,True,1.0,True
Gujarat,Gandhinagar,"Sector-10, Gandhinagar - GPCB",2021-10-01,31,31,35.46806451612903,37.2,31,90.23,92.28,31,88.88252219095043,92.28,31,1.0,1.0,True,True,1.0,True
Gujarat,Gandhinagar,"Sector-10, Gandhinagar - GPCB",2021-11-01,30,30,38.942,38.075,30,94.22033333333334,92.62,30,93.09745938440174,93.6746551724138,30,1.0,1.0,True,True,1.0,True
Gujarat,Gandhinagar,"Sector-10, Gandhinagar - GPCB",2021-12-01,31,31,45.965806451612906,43.72,31,89.22,89.0,31,89.24270001717046,89.0,31,1.0,1.0,True,True,1.0,True
Gujarat,Gandhinagar,"Sector-10, Gandhinagar - GPCB",2022-01-01,31,31,40.761935483870964,40.87,31,93.42,85.23,31,91.41325731050907,85.23,31,1.0,1.0,True,True,1.0,True
Gujarat,Gandhinagar,"Sector-10, Gandhinagar - GPCB",2022-02-01,28,28,39.97571428571428,38.375,28,106.10571428571428,92.865,28,100.61985618408437,92.865,28,1.0,1.0,True,True,1.0,True
Gujarat,Gandhinagar,"Sector-10, Gandhinagar - GPCB",2022-03-01,31,31,33.156129032258065,33.17,31,94.55483870967741,93.13,31,92.76854215347403,93.13,31,1.0,1.0,True,True,1.0,True
Gujarat,Gandhinagar,"Sector-10, Gandhinagar - GPCB",2022-04-01,30,30,30.888666666666666,29.03,30,98.74633333333333,93.81,30,97.69784940854302,94.82499999999999,30,1.0,1.0,True,True,1.0,True
Gujarat,Gandhinagar,"Sector-10, Gandhinagar - GPCB",2022-05-01,31,31,29.93032258064516,28.5,31,109.23935483870967,99.69,31,104.39164104784587,99.69,31,1.0,1.0,True,True,1.0,True
Gujarat,Gandhinagar,"Sector-10, Gandhinagar - GPCB",2022-06-01,30,29,23.372758620689652,20.01,29,73.77275862068964,70.1,29,73.17069891228883,70.1,30,0.9666666666666667,0.9666666666666667,True,True,0.9666666666666667,True
Gujarat,Gandhinagar,"Sector-10, Gandhinagar - GPCB",2022-07-01,31,31,17.2758064516129,17.97,31,36.571612903225805,36.02,31,37.30569892473118,36.12,31,1.0,1.0,True,True,1.0,True
Gujarat,Gandhinagar,"Sector-10, Gandhinagar - GPCB",2022-08-01,31,31,20.443870967741937,19.96,31,42.40483870967742,40.56,31,43.710033370411566,40.56,31,1.0,1.0,True,True,1.0,True
Gujarat,Gandhinagar,"Sector-10, Gandhinagar - GPCB",2022-09-01,30,30,24.69633333333333,24.159999999999997,30,51.978,54.395,30,52.19277777777778,54.395,30,1.0,1.0,True,True,1.0,True
Gujarat,Gandhinagar,"Sector-10, Gandhinagar - GPCB",2022-10-01,31,31,42.52451612903226,41.1,28,98.78428571428572,94.81,31,101.2157501658451,94.41,31,1.0,0.9032258064516129,True,True,1.0,True
Gujarat,Gandhinagar,"Sector-10, Gandhinagar - GPCB",2022-11-01,30,30,45.30533333333334,44.03,30,98.68033333333332,89.75999999999999,30,98.41350720948252,90.39,30,1.0,1.0,True,True,1.0,True
Gujarat,Gandhinagar,"Sector-10, Gandhinagar - GPCB",2022-12-01,31,31,41.4141935483871,39.6,31,86.09225806451613,85.51,31,85.51573306656913,85.51,31,1.0,1.0,True,True,1.0,True
Gujarat,Gandhinagar,"Sector-10, Gandhinagar - GPCB",2023-01-01,31,31,44.53741935483871,44.26,31,106.92129032258065,102.99,31,103.88247861713721,102.3355033557047,31,1.0,1.0,True,True,1.0,True
Gujarat,Gandhinagar,"Sector-10, Gandhinagar - GPCB",2023-02-01,28,28,51.267857142857146,50.79,28,122.12678571428572,123.52,28,114.78363317023175,115.96295302013422,28,1.0,1.0,True,True,1.0,True
Gujarat,Gandhinagar,"Sector-10, Gandhinagar - GPCB",2023-03-01,31,31,30.771290322580644,29.29,28,72.01464285714286,63.43,31,68.8725539438551,60.67,31,1.0,0.9032258064516129,True,True,1.0,True
Gujarat,Gandhinagar,"Sector-10, Gandhinagar - GPCB",2023-04-01,30,30,32.92766666666667,31.384999999999998,30,74.42133333333332,75.685,30,74.42574488930032,75.685,30,1.0,1.0,True,True,1.0,True
Gujarat,Gandhinagar,"Sector-10, Gandhinagar - GPCB",2023-05-01,31,31,22.4741935483871,21.18,31,53.9483870967742,52.92,31,54.21677419354839,52.92,31,1.0,1.0,True,True,1.0,True
Gujarat,Gandhinagar,"Sector-10, Gandhinagar - GPCB",2023-06-01,30,30,24.205666666666666,23.854999999999997,30,56.775,57.915,30,58.237494535729894,57.915,30,1.0,1.0,True,True,1.0,True
Gujarat,Gandhinagar,"Sector-10, Gandhinagar - GPCB",2023-07-01,31,30,23.046333333333333,23.66,30,56.32899999999999,52.515,30,56.93933333333334,52.57,31,0.967741935483871,0.967741935483871,True,True,0.967741935483871,True
Gujarat,Vapi,"Phase-1 GIDC, Vapi - GPCB",2021-08-01,31,30,23.20133333333333,23.86,31,52.12354838709677,53.21,31,52.12354838709677,53.21,31,0.967741935483871,1.0,True,True,1.0,True
Gujarat,Vapi,"Phase-1 GIDC, Vapi - GPCB",2021-09-01,30,30,17.488333333333333,17.295,30,40.501999999999995,37.445,30,41.02591666666667,37.445,30,1.0,1.0,True,True,1.0,True
Gujarat,Vapi,"Phase-1 GIDC, Vapi - GPCB",2021-10-01,31,31,53.85870967741935,50.66,31,126.2290322580645,116.28,31,116.80110943553986,111.15248322147652,31,1.0,1.0,True,True,1.0,True
Gujarat,Vapi,"Phase-1 GIDC, Vapi - GPCB",2021-11-01,30,30,72.491,75.185,30,162.00466666666668,168.815,30,153.62784579186916,154.08906503124274,30,1.0,1.0,True,True,1.0,True
Gujarat,Vapi,"Phase-1 GIDC, Vapi - GPCB",2021-12-01,31,31,96.21935483870968,96.36,31,186.2116129032258,195.2,31,220.4518215164761,219.29793103448276,31,1.0,1.0,True,True,1.0,True
Gujarat,Vapi,"Phase-1 GIDC, Vapi - GPCB",2022-01-01,31,30,110.51700000000001,105.005,31,173.82709677419356,167.37,31,236.809888167021,246.60827586206898,31,0.967741935483871,1.0,True,True,1.0,True
Gujarat,Vapi,"Phase-1 GIDC, Vapi - GPCB",2022-02-01,28,5,75.2,93.8,28,187.18535714285716,183.25,28,167.26678588535785,160.46312080536916,28,0.17857142857142858,1.0,False,True,1.0,True
Gujarat,Vapi,"Phase-1 GIDC, Vapi - GPCB",2022-03-01,31,23,76.78956521739131,80.11,31,148.69290322580645,152.99,31,158.8259679617505,162.41413793103447,31,0.7419354838709677,1.0,False,True,1.0,True
Gujarat,Vapi,"Phase-1 GIDC, Vapi - GPCB",2022-04-01,30,28,57.979285714285716,55.519999999999996,28,96.00464285714285,94.355,28,105.95615404466191,96.7143103448276,30,0.9333333333333333,0.9333333333333333,True,True,0.9333333333333333,True
Gujarat,Vapi,"Phase-1 GIDC, Vapi - GPCB",2022-05-01,31,21,53.28047619047619,45.0,24,102.49208333333333,87.18,24,109.22571448504652,90.63,31,0.6774193548387096,0.7741935483870968,False,True,0.7741935483870968,True
Gujarat,Vapi,"Phase-1 GIDC, Vapi - GPCB",2022-06-01,30,2,12.0,12.0,15,51.51,48.0,15,130.34075949367087,129.8227848101266,30,0.06666666666666667,0.5,False,False,0.5,False
Gujarat,Vapi,"Phase-1 GIDC, Vapi - GPCB",2022-07-01,31,17,18.960588235294118,16.0,31,46.473225806451616,45.99,31,113.78328301361145,113.37996655518394,31,0.5483870967741935,1.0,False,True,1.0,True
Gujarat,Vapi,"Phase-1 GIDC, Vapi - GPCB",2022-08-01,31,0,,,1,48.0,48.0,1,108.75444816053512,108.75444816053512,31,0.0,0.03225806451612903,False,False,0.03225806451612903,False
Gujarat,Vapi,"Phase-1 GIDC, Vapi - GPCB",2022-09-01,30,24,35.999583333333334,33.415,24,85.71583333333332,71.0,24,85.85609836650467,79.06103448275863,30,0.8,0.8,True,True,0.8,True
Gujarat,Vapi,"Phase-1 GIDC, Vapi - GPCB",2022-10-01,31,31,60.857419354838704,63.14,31,81.54516129032258,85.33,31,117.64505747126437,108.3055172413793,31,1.0,1.0,True,True,1.0,True
Gujarat,Vapi,"Phase-1 GIDC, Vapi - GPCB",2022-11-01,30,30,123.01833333333335,120.09,30,151.487,145.495,30,279.9141892542101,300.3122413793103,30,1.0,1.0,True,True,1.0,True
Gujarat,Vapi,"Phase-1 GIDC, Vapi - GPCB",2022-12-01,31,31,149.1716129032258,150.08,31,180.7348387096774,178.39,31,314.7067346146882,323.3172093023256,31,1.0,1.0,True,True,1.0,True
Gujarat,Vapi,"Phase-1 GIDC, Vapi - GPCB",2023-01-01,31,31,140.31064516129032,137.4,31,175.38064516129032,171.83,31,312.26111467522054,313.5860465116279,31,1.0,1.0,True,True,1.0,True
Gujarat,Vapi,"Phase-1 GIDC, Vapi - GPCB",2023-02-01,28,28,155.68249999999998,153.865,28,194.2907142857143,189.39499999999998,28,321.14106054530873,326.221976744186,28,1.0,1.0,True,True,1.0,True
Gujarat,Vapi,"Phase-1 GIDC, Vapi - GPCB",2023-03-01,31,31,96.20645161290322,83.01,31,120.14290322580645,106.17,31,198.91830890804238,176.13758620689657,31,1.0,1.0,True,True,1.0,True
Gujarat,Vapi,"Phase-1 GIDC, Vapi - GPCB",2023-04-01,30,30,64.42866666666666,60.47,30,85.04833333333333,81.53,30,123.29085832665062,101.0,30,1.0,1.0,True,True,1.0,True
Gujarat,Vapi,"Phase-1 GIDC, Vapi - GPCB",2023-05-01,31,31,37.8783870967742,33.89,31,56.93322580645162,54.77,31,66.17298479792362,63.030344827586205,31,1.0,1.0,True,True,1.0,True
Gujarat,Vapi,"Phase-1 GIDC, Vapi - GPCB",2023-06-01,30,30,26.773333333333333,25.61,30,44.354,46.56,30,50.185174968071514,51.0,30,1.0,1.0,True,True,1.0,True
Gujarat,Vapi,"Phase-1 GIDC, Vapi - GPCB",2023-07-01,31,31,27.29612903225806,27.36,31,41.44967741935484,40.97,31,65.50618712149301,62.977777777777774,31,1.0,1.0,True,True,1.0,True
Maharashtra,Akola,"Ramdaspeth, Akola - MPCB",2021-08-01,31,0,,,0,,,0,,,31,0.0,0.0,False,False,0.0,False
Maharashtra,Akola,"Ramdaspeth, Akola - MPCB",2021-09-01,30,0,,,0,,,0,,,30,0.0,0.0,False,False,0.0,False
Maharashtra,Akola,"Ramdaspeth, Akola - MPCB",2021-10-01,31,0,,,0,,,0,,,31,0.0,0.0,False,False,0.0,False
Maharashtra,Akola,"Ramdaspeth, Akola - MPCB",2021-11-01,30,0,,,0,,,0,,,30,0.0,0.0,False,False,0.0,False
Maharashtra,Akola,"Ramdaspeth, Akola - MPCB",2021-12-01,31,0,,,0,,,0,,,31,0.0,0.0,False,False,0.0,False
Maharashtra,Akola,"Ramdaspeth, Akola - MPCB",2022-01-01,31,0,,,0,,,0,,,31,0.0,0.0,False,False,0.0,False
Maharashtra,Akola,"Ramdaspeth, Akola - MPCB",2022-02-01,28,0,,,0,,,0,,,28,0.0,0.0,False,False,0.0,False
Maharashtra,Akola,"Ramdaspeth, Akola - MPCB",2022-03-01,31,0,,,0,,,0,,,31,0.0,0.0,False,False,0.0,False
Maharashtra,Akola,"Ramdaspeth, Akola - MPCB",2022-04-01,30,0,,,0,,,0,,,30,0.0,0.0,False,False,0.0,False
Maharashtra,Akola,"Ramdaspeth, Akola - MPCB",2022-05-01,31,0,,,0,,,0,,,31,0.0,0.0,False,False,0.0,False
Maharashtra,Akola,"Ramdaspeth, Akola - MPCB",2022-06-01,30,0,,,0,,,0,,,30,0.0,0.0,False,False,0.0,False
Maharashtra,Akola,"Ramdaspeth, Akola - MPCB",2022-07-01,31,0,,,0,,,0,,,31,0.0,0.0,False,False,0.0,False
Maharashtra,Akola,"Ramdaspeth, Akola - MPCB",2022-08-01,31,0,,,0,,,0,,,31,0.0,0.0,False,False,0.0,False
Maharashtra,Akola,"Ramdaspeth, Akola - MPCB",2022-09-01,30,0,,,0,,,0,,,30,0.0,0.0,False,False,0.0,False
Maharashtra,Akola,"Ramdaspeth, Akola - MPCB",2022-10-01,31,0,,,0,,,0,,,31,0.0,0.0,False,False,0.0,False
Maharashtra,Akola,"Ramdaspeth, Akola - MPCB",2022-11-01,30,0,,,0,,,0,,,30,0.0,0.0,False,False,0.0,False
Maharashtra,Akola,"Ramdaspeth, Akola - MPCB",2022-12-01,31,0,,,0,,,0,,,31,0.0,0.0,False,False,0.0,False
Maharashtra,Akola,"Ramdaspeth, Akola - MPCB",2023-01-01,31,0,,,0,,,0,,,31,0.0,0.0,False,False,0.0,False
Maharashtra,Akola,"Ramdaspeth, Akola - MPCB",2023-02-01,28,0,,,0,,,0,,,28,0.0,0.0,False,False,0.0,False
Maharashtra,Akola,"Ramdaspeth, Akola - MPCB",2023-03-01,31,0,,,0,,,0,,,31,0.0,0.0,False,False,0.0,False
Maharashtra,Akola,"Ramdaspeth, Akola - MPCB",2023-04-01,30,0,,,0,,,0,,,30,0.0,0.0,False,False,0.0,False
Maharashtra,Akola,"Ramdaspeth, Akola - MPCB",2023-05-01,31,0,,,0,,,0,,,31,0.0,0.0,False,False,0.0,False
Maharashtra,Akola,"Ramdaspeth, Akola - MPCB",2023-06-01,30,16,42.485625,42.75,16,92.305625,91.69,16,90.47382969798657,91.69,30,0.5333333333333333,0.5333333333333333,False,False,0.5333333333333333,False
Maharashtra,Akola,"Ramdaspeth, Akola - MPCB",2023-07-01,31,31,18.758709677419354,18.84,31,46.134838709677425,44.22,31,46.43322580645162,44.22,31,1.0,1.0,True,True,1.0,True
Maharashtra,Amravati,"Shivneri Colony, Amravati - MPCB",2021-08-01,31,0,,,0,,,0,,,31,0.0,0.0,False,False,0.0,False
Maharashtra,Amravati,"Shivneri Colony, Amravati - MPCB",2021-09-01,30,0,,,0,,,0,,,30,0.0,0.0,False,False,0.0,False
Maharashtra,Amravati,"Shivneri Colony, Amravati - MPCB",2021-10-01,31,0,,,0,,,0,,,31,0.0,0.0,False,False,0.0,False
Maharashtra,Amravati,"Shivneri Colony, Amravati - MPCB",2021-11-01,30,0,,,0,,,0,,,30,0.0,0.0,False,False,0.0,False
Maharashtra,Amravati,"Shivneri Colony, Amravati - MPCB",2021-12-01,31,0,,,0,,,0,,,31,0.0,0.0,False,False,0.0,False
Maharashtra,Amravati,"Shivneri Colony, Amravati - MPCB",2022-01-01,31,0,,,0,,,0,,,31,0.0,0.0,False,False,0.0,False
Maharashtra,Amravati,"Shivneri Colony, Amravati - MPCB",2022-02-01,28,0,,,0,,,0,,,28,0.0,0.0,False,False,0.0,False
Maharashtra,Amravati,"Shivneri Colony, Amravati - MPCB",2022-03-01,31,0,,,0,,,0,,,31,0.0,0.0,False,False,0.0,False
Maharashtra,Amravati,"Shivneri Colony, Amravati - MPCB",2022-04-01,30,0,,,0,,,0,,,30,0.0,0.0,False,False,0.0,False
Maharashtra,Amravati,"Shivneri Colony, Amravati - MPCB",2022-05-01,31,0,,,0,,,0,,,31,0.0,0.0,False,False,0.0,False
Maharashtra,Amravati,"Shivneri Colony, Amravati - MPCB",2022-06-01,30,0,,,0,,,0,,,30,0.0,0.0,False,False,0.0,False
Maharashtra,Amravati,"Shivneri Colony, Amravati - MPCB",2022-07-01,31,0,,,0,,,0,,,31,0.0,0.0,False,False,0.0,False
Maharashtra,Amravati,"Shivneri Colony, Amravati - MPCB",2022-08-01,31,0,,,0,,,0,,,31,0.0,0.0,False,False,0.0,False
Maharashtra,Amravati,"Shivneri Colony, Amravati - MPCB",2022-09-01,30,0,,,0,,,0,,,30,0.0,0.0,False,False,0.0,False
Maharashtra,Amravati,"Shivneri Colony, Amravati - MPCB",2022-10-01,31,0,,,0,,,0,,,31,0.0,0.0,False,False,0.0,False
Maharashtra,Amravati,"Shivneri Colony, Amravati - MPCB",2022-11-01,30,0,,,0,,,0,,,30,0.0,0.0,False,False,0.0,False
Maharashtra,Amravati,"Shivneri Colony, Amravati - MPCB",2022-12-01,31,0,,,0,,,0,,,31,0.0,0.0,False,False,0.0,False
Maharashtra,Amravati,"Shivneri Colony, Amravati - MPCB",2023-01-01,31,0,,,0,,,0,,,31,0.0,0.0,False,False,0.0,False
Maharashtra,Amravati,"Shivneri Colony, Amravati - MPCB",2023-02-01,28,0,,,0,,,0,,,28,0.0,0.0,False,False,0.0,False
Maharashtra,Amravati,"Shivneri Colony, Amravati - MPCB",2023-03-01,31,0,,,0,,,0,,,31,0.0,0.0,False,False,0.0,False
Maharashtra,Amravati,"Shivneri Colony, Amravati - MPCB",2023-04-01,30,0,,,0,,,0,,,30,0.0,0.0,False,False,0.0,False
Maharashtra,Amravati,"Shivneri Colony, Amravati - MPCB",2023-05-01,31,1,27.74,27.74,1,121.37,121.37,1,114.53442953020135,114.53442953020135,31,0.03225806451612903,0.03225806451612903,False,False,0.03225806451612903,False
Maharashtra,Amravati,"Shivneri Colony, Amravati - MPCB",2023-06-01,30,30,24.744000000000003,25.134999999999998,30,92.05433333333333,95.765,30,89.0301230425056,95.765,30,1.0,1.0,True,True,1.0,True
Maharashtra,Amravati,"Shivneri Colony, Amravati - MPCB",2023-07-01,31,31,13.50741935483871,12.75,31,36.861612903225804,35.99,31,37.35677419354838,35.99,31,1.0,1.0,True,True,1.0,True
Maharashtra,Amravati,"Shri Shivaji Science College, Amaravati - MPCB",2021-08-01,31,0,,,0,,,0,,,31,0.0,0.0,False,False,0.0,False
Maharashtra,Amravati,"Shri Shivaji Science College, Amaravati - MPCB",2021-09-01,30,0,,,0,,,0,,,30,0.0,0.0,False,False,0.0,False
Maharashtra,Amravati,"Shri Shivaji Science College, Amaravati - MPCB",2021-10-01,31,0,,,0,,,0,,,31,0.0,0.0,False,False,0.0,False
Maharashtra,Amravati,"Shri Shivaji Science College, Amaravati - MPCB",2021-11-01,30,0,,,0,,,0,,,30,0.0,0.0,False,False,0.0,False
Maharashtra,Amravati,"Shri Shivaji Science College, Amaravati - MPCB",2021-12-01,31,0,,,0,,,0,,,31,0.0,0.0,False,False,0.0,False
Maharashtra,Amravati,"Shri Shivaji Science College, Amaravati - MPCB",2022-01-01,31,0,,,0,,,0,,,31,0.0,0.0,False,False,0.0,False
Maharashtra,Amravati,"Shri Shivaji Science College, Amaravati - MPCB",2022-02-01,28,0,,,0,,,0,,,28,0.0,0.0,False,False,0.0,False
Maharashtra,Amravati,"Shri Shivaji Science College, Amaravati - MPCB",2022-03-01,31,0,,,0,,,0,,,31,0.0,0.0,False,False,0.0,False
Maharashtra,Amravati,"Shri Shivaji Science College, Amaravati - MPCB",2022-04-01,30,0,,,0,,,0,,,30,0.0,0.0,False,False,0.0,False
Maharashtra,Amravati,"Shri Shivaji Science College, Amaravati - MPCB",2022-05-01,31,0,,,0,,,0,,,31,0.0,0.0,False,False,0.0,False
Maharashtra,Amravati,"Shri Shivaji Science College, Amaravati - MPCB",2022-06-01,30,0,,,0,,,0,,,30,0.0,0.0,False,False,0.0,False
Maharashtra,Amravati,"Shri Shivaji Science College, Amaravati - MPCB",2022-07-01,31,0,,,0,,,0,,,31,0.0,0.0,False,False,0.0,False
Maharashtra,Amravati,"Shri Shivaji Science College, Amaravati - MPCB",2022-08-01,31,0,,,0,,,0,,,31,0.0,0.0,False,False,0.0,False
Maharashtra,Amravati,"Shri Shivaji Science College, Amaravati - MPCB",2022-09-01,30,0,,,0,,,0,,,30,0.0,0.0,False,False,0.0,False
Maharashtra,Amravati,"Shri Shivaji Science College, Amaravati - MPCB",2022-10-01,31,0,,,0,,,0,,,31,0.0,0.0,False,False,0.0,False
Maharashtra,Amravati,"Shri Shivaji Science College, Amaravati - MPCB",2022-11-01,30,0,,,0,,,0,,,30,0.0,0.0,False,False,0.0,False
Maharashtra,Amravati,"Shri Shivaji Science College, Amaravati - MPCB",2022-12-01,31,0,,,0,,,0,,,31,0.0,0.0,False,False,0.0,False
Maharashtra,Amravati,"Shri Shivaji Science College, Amaravati - MPCB",2023-01-01,31,0,,,0,,,0,,,31,0.0,0.0,False,False,0.0,False
Maharashtra,Amravati,"Shri Shivaji Science College, Amaravati - MPCB",2023-02-01,28,0,,,0,,,0,,,28,0.0,0.0,False,False,0.0,False
Maharashtra,Amravati,"Shri Shivaji Science College, Amaravati - MPCB",2023-03-01,31,0,,,0,,,0,,,31,0.0,0.0,False,False,0.0,False
Maharashtra,Amravati,"Shri Shivaji Science College, Amaravati - MPCB",2023-04-01,30,0,,,0,,,0,,,30,0.0,0.0,False,False,0.0,False
Maharashtra,Amravati,"Shri Shivaji Science College, Amaravati - MPCB",2023-05-01,31,1,20.92,20.92,1,80.24,80.24,1,80.24,80.24,31,0.03225806451612903,0.03225806451612903,False,False,0.03225806451612903,False
Maharashtra,Amravati,"Shri Shivaji Science College, Amaravati - MPCB",2023-06-01,30,30,25.586333333333336,26.1,30,77.014,79.66,30,80.06830201342282,79.66,30,1.0,1.0,True,True,1.0,True
Maharashtra,Amravati,"Shri Shivaji Science College, Amaravati - MPCB",2023-07-01,31,31,14.886774193548387,14.32,31,35.22709677419355,34.16,31,37.810322580645156,36.1,31,1.0,1.0,True,True,1.0,True
Maharashtra,Aurangabad,"Rachnakar Colony, Aurangabad - MPCB",2021-08-01,31,0,,,0,,,0,,,31,0.0,0.0,False,False,0.0,False
Maharashtra,Aurangabad,"Rachnakar Colony, Aurangabad - MPCB",2021-09-01,30,0,,,0,,,0,,,30,0.0,0.0,False,False,0.0,False
Maharashtra,Aurangabad,"Rachnakar Colony, Aurangabad - MPCB",2021-10-01,31,0,,,0,,,0,,,31,0.0,0.0,False,False,0.0,False
Maharashtra,Aurangabad,"Rachnakar Colony, Aurangabad - MPCB",2021-11-01,30,0,,,0,,,0,,,30,0.0,0.0,False,False,0.0,False
Maharashtra,Aurangabad,"Rachnakar Colony, Aurangabad - MPCB",2021-12-01,31,0,,,0,,,0,,,31,0.0,0.0,False,False,0.0,False
Maharashtra,Aurangabad,"Rachnakar Colony, Aurangabad - MPCB",2022-01-01,31,0,,,0,,,0,,,31,0.0,0.0,False,False,0.0,False
Maharashtra,Aurangabad,"Rachnakar Colony, Aurangabad - MPCB",2022-02-01,28,0,,,0,,,0,,,28,0.0,0.0,False,False,0.0,False
Maharashtra,Aurangabad,"Rachnakar Colony, Aurangabad - MPCB",2022-03-01,31,0,,,0,,,0,,,31,0.0,0.0,False,False,0.0,False
Maharashtra,Aurangabad,"Rachnakar Colony, Aurangabad - MPCB",2022-04-01,30,0,,,0,,,0,,,30,0.0,0.0,False,False,0.0,False
Maharashtra,Aurangabad,"Rachnakar Colony, Aurangabad - MPCB",2022-05-01,31,0,,,0,,,0,,,31,0.0,0.0,False,False,0.0,False
Maharashtra,Aurangabad,"Rachnakar Colony, Aurangabad - MPCB",2022-06-01,30,0,,,0,,,0,,,30,0.0,0.0,False,False,0.0,False
Maharashtra,Aurangabad,"Rachnakar Colony, Aurangabad - MPCB",2022-07-01,31,0,,,0,,,0,,,31,0.0,0.0,False,False,0.0,False
Maharashtra,Aurangabad,"Rachnakar Colony, Aurangabad - MPCB",2022-08-01,31,0,,,0,,,0,,,31,0.0,0.0,False,False,0.0,False
Maharashtra,Aurangabad,"Rachnakar Colony, Aurangabad - MPCB",2022-09-01,30,0,,,0,,,0,,,30,0.0,0.0,False,False,0.0,False
Maharashtra,Aurangabad,"Rachnakar Colony, Aurangabad - MPCB",2022-10-01,31,0,,,0,,,0,,,31,0.0,0.0,False,False,0.0,False
Maharashtra,Aurangabad,"Rachnakar Colony, Aurangabad - MPCB",2022-11-01,30,0,,,0,,,0,,,30,0.0,0.0,False,False,0.0,False
Maharashtra,Aurangabad,"Rachnakar Colony, Aurangabad - MPCB",2022-12-01,31,0,,,0,,,0,,,31,0.0,0.0,False,False,0.0,False
Maharashtra,Aurangabad,"Rachnakar Colony, Aurangabad - MPCB",2023-01-01,31,0,,,0,,,0,,,31,0.0,0.0,False,False,0.0,False
Maharashtra,Aurangabad,"Rachnakar Colony, Aurangabad - MPCB",2023-02-01,28,0,,,0,,,0,,,28,0.0,0.0,False,False,0.0,False
Maharashtra,Aurangabad,"Rachnakar Colony, Aurangabad - MPCB",2023-03-01,31,0,,,0,,,0,,,31,0.0,0.0,False,False,0.0,False
Maharashtra,Aurangabad,"Rachnakar Colony, Aurangabad - MPCB",2023-04-01,30,0,,,0,,,0,,,30,0.0,0.0,False,False,0.0,False
Maharashtra,Aurangabad,"Rachnakar Colony, Aurangabad - MPCB",2023-05-01,31,0,,,0,,,0,,,31,0.0,0.0,False,False,0.0,False
Maharashtra,Aurangabad,"Rachnakar Colony, Aurangabad - MPCB",2023-06-01,30,18,35.055,34.89,19,100.37210526315789,97.89,19,96.18108795478629,97.89,30,0.6,0.6333333333333333,False,False,0.6333333333333333,False
Maharashtra,Aurangabad,"Rachnakar Colony, Aurangabad - MPCB",2023-07-01,31,16,18.626875,11.855,16,42.80375,42.61,16,44.043124999999996,44.595,31,0.5161290322580645,0.5161290322580645,False,False,0.5161290322580645,False
Maharashtra,Badlapur,"Katrap, Badlapur - MPCB",2021-08-01,31,0,,,0,,,0,,,31,0.0,0.0,False,False,0.0,False
Maharashtra,Badlapur,"Katrap, Badlapur - MPCB",2021-09-01,30,0,,,0,,,0,,,30,0.0,0.0,False,False,0.0,False
Maharashtra,Badlapur,"Katrap, Badlapur - MPCB",2021-10-01,31,0,,,0,,,0,,,31,0.0,0.0,False,False,0.0,False
Maharashtra,Badlapur,"Katrap, Badlapur - MPCB",2021-11-01,30,0,,,0,,,0,,,30,0.0,0.0,False,False,0.0,False
Maharashtra,Badlapur,"Katrap, Badlapur - MPCB",2021-12-01,31,0,,,0,,,0,,,31,0.0,0.0,False,False,0.0,False
Maharashtra,Badlapur,"Katrap, Badlapur - MPCB",2022-01-01,31,0,,,0,,,0,,,31,0.0,0.0,False,False,0.0,False
Maharashtra,Badlapur,"Katrap, Badlapur - MPCB",2022-02-01,28,0,,,0,,,0,,,28,0.0,0.0,False,False,0.0,False
Maharashtra,Badlapur,"Katrap, Badlapur - MPCB",2022-03-01,31,0,,,0,,,0,,,31,0.0,0.0,False,False,0.0,False
Maharashtra,Badlapur,"Katrap, Badlapur - MPCB",2022-04-01,30,0,,,0,,,0,,,30,0.0,0.0,False,False,0.0,False
Maharashtra,Badlapur,"Katrap, Badlapur - MPCB",2022-05-01,31,0,,,0,,,0,,,31,0.0,0.0,False,False,0.0,False
Maharashtra,Badlapur,"Katrap, Badlapur - MPCB",2022-06-01,30,0,,,0,,,0,,,30,0.0,0.0,False,False,0.0,False
Maharashtra,Badlapur,"Katrap, Badlapur - MPCB",2022-07-01,31,0,,,0,,,0,,,31,0.0,0.0,False,False,0.0,False
Maharashtra,Badlapur,"Katrap, Badlapur - MPCB",2022-08-01,31,0,,,0,,,0,,,31,0.0,0.0,False,False,0.0,False
Maharashtra,Badlapur,"Katrap, Badlapur - MPCB",2022-09-01,30,0,,,0,,,0,,,30,0.0,0.0,False,False,0.0,False
Maharashtra,Badlapur,"Katrap, Badlapur - MPCB",2022-10-01,31,0,,,0,,,0,,,31,0.0,0.0,False,False,0.0,False
Maharashtra,Badlapur,"Katrap, Badlapur - MPCB",2022-11-01,30,0,,,0,,,0,,,30,0.0,0.0,False,False,0.0,False
Maharashtra,Badlapur,"Katrap, Badlapur - MPCB",2022-12-01,31,0,,,0,,,0,,,31,0.0,0.0,False,False,0.0,False
Maharashtra,Badlapur,"Katrap, Badlapur - MPCB",2023-01-01,31,0,,,0,,,0,,,31,0.0,0.0,False,False,0.0,False
Maharashtra,Badlapur,"Katrap, Badlapur - MPCB",2023-02-01,28,0,,,0,,,0,,,28,0.0,0.0,False,False,0.0,False
Maharashtra,Badlapur,"Katrap, Badlapur - MPCB",2023-03-01,31,0,,,0,,,0,,,31,0.0,0.0,False,False,0.0,False
Maharashtra,Badlapur,"Katrap, Badlapur - MPCB",2023-04-01,30,0,,,0,,,0,,,30,0.0,0.0,False,False,0.0,False
Maharashtra,Badlapur,"Katrap, Badlapur - MPCB",2023-05-01,31,0,,,0,,,0,,,31,0.0,0.0,False,False,0.0,False
Maharashtra,Badlapur,"Katrap, Badlapur - MPCB",2023-06-01,30,15,23.540000000000003,23.12,15,68.27933333333334,56.91,15,66.58420134228189,56.91,30,0.5,0.5,False,False,0.5,False
Maharashtra,Badlapur,"Katrap, Badlapur - MPCB",2023-07-01,31,30,19.101666666666667,18.78,29,53.32655172413793,46.41,30,53.28171010439971,46.905,31,0.967741935483871,0.9354838709677419,True,True,0.967741935483871,True
Maharashtra,Belapur,"CBD Belapur, Belapur - MPCB",2021-08-01,31,0,,,0,,,0,,,31,0.0,0.0,False,False,0.0,False
Maharashtra,Belapur,"CBD Belapur, Belapur - MPCB",2021-09-01,30,0,,,0,,,0,,,30,0.0,0.0,False,False,0.0,False
Maharashtra,Belapur,"CBD Belapur, Belapur - MPCB",2021-10-01,31,0,,,0,,,0,,,31,0.0,0.0,False,False,0.0,False
Maharashtra,Belapur,"CBD Belapur, Belapur - MPCB",2021-11-01,30,0,,,0,,,0,,,30,0.0,0.0,False,False,0.0,False
Maharashtra,Belapur,"CBD Belapur, Belapur - MPCB",2021-12-01,31,0,,,0,,,0,,,31,0.0,0.0,False,False,0.0,False
Maharashtra,Belapur,"CBD Belapur, Belapur - MPCB",2022-01-01,31,0,,,0,,,0,,,31,0.0,0.0,False,False,0.0,False
Maharashtra,Belapur,"CBD Belapur, Belapur - MPCB",2022-02-01,28,0,,,0,,,0,,,28,0.0,0.0,False,False,0.0,False
Maharashtra,Belapur,"CBD Belapur, Belapur - MPCB",2022-03-01,31,0,,,0,,,0,,,31,0.0,0.0,False,False,0.0,False
Maharashtra,Belapur,"CBD Belapur, Belapur - MPCB",2022-04-01,30,0,,,0,,,0,,,30,0.0,0.0,False,False,0.0,False
Maharashtra,Belapur,"CBD Belapur, Belapur - MPCB",2022-05-01,31,0,,,0,,,0,,,31,0.0,0.0,False,False,0.0,False
Maharashtra,Belapur,"CBD Belapur, Belapur - MPCB",2022-06-01,30,0,,,0,,,0,,,30,0.0,0.0,False,False,0.0,False
Maharashtra,Belapur,"CBD Belapur, Belapur - MPCB",2022-07-01,31,0,,,0,,,0,,,31,0.0,0.0,False,False,0.0,False
Maharashtra,Belapur,"CBD Belapur, Belapur - MPCB",2022-08-01,31,0,,,0,,,0,,,31,0.0,0.0,False,False,0.0,False
Maharashtra,Belapur,"CBD Belapur, Belapur - MPCB",2022-09-01,30,0,,,0,,,0,,,30,0.0,0.0,False,False,0.0,False
Maharashtra,Belapur,"CBD Belapur, Belapur - MPCB",2022-10-01,31,0,,,0,,,0,,,31,0.0,0.0,False,False,0.0,False
Maharashtra,Belapur,"CBD Belapur, Belapur - MPCB",2022-11-01,30,0,,,0,,,0,,,30,0.0,0.0,False,False,0.0,False
Maharashtra,Belapur,"CBD Belapur, Belapur - MPCB",2022-12-01,31,0,,,0,,,0,,,31,0.0,0.0,False,False,0.0,False
Maharashtra,Belapur,"CBD Belapur, Belapur - MPCB",2023-01-01,31,0,,,0,,,0,,,31,0.0,0.0,False,False,0.0,False
Maharashtra,Belapur,"CBD Belapur, Belapur - MPCB",2023-02-01,28,0,,,0,,,0,,,28,0.0,0.0,False,False,0.0,False
Maharashtra,Belapur,"CBD Belapur, Belapur - MPCB",2023-03-01,31,0,,,0,,,0,,,31,0.0,0.0,False,False,0.0,False
Maharashtra,Belapur,"CBD Belapur, Belapur - MPCB",2023-04-01,30,0,,,0,,,0,,,30,0.0,0.0,False,False,0.0,False
Maharashtra,Belapur,"CBD Belapur, Belapur - MPCB",2023-05-01,31,0,,,0,,,0,,,31,0.0,0.0,False,False,0.0,False
Maharashtra,Belapur,"CBD Belapur, Belapur - MPCB",2023-06-01,30,12,20.892500000000002,16.810000000000002,12,50.0625,37.650000000000006,12,59.15851851851852,57.26111111111111,30,0.4,0.4,False,False,0.4,False
Maharashtra,Belapur,"CBD Belapur, Belapur - MPCB",2023-07-01,31,31,12.973225806451614,12.72,31,32.32354838709677,29.67,31,36.00741935483871,34.43,31,1.0,1.0,True,True,1.0,True
Maharashtra,Bhiwandi,"Gokul Nagar, Bhiwandi - MPCB",2021-08-01,31,0,,,0,,,0,,,31,0.0,0.0,False,False,0.0,False
Maharashtra,Bhiwandi,"Gokul Nagar, Bhiwandi - MPCB",2021-09-01,30,0,,,0,,,0,,,30,0.0,0.0,False,False,0.0,False
Maharashtra,Bhiwandi,"Gokul Nagar, Bhiwandi - MPCB",2021-10-01,31,0,,,0,,,0,,,31,0.0,0.0,False,False,0.0,False
Maharashtra,Bhiwandi,"Gokul Nagar, Bhiwandi - MPCB",2021-11-01,30,0,,,0,,,0,,,30,0.0,0.0,False,False,0.0,False
Maharashtra,Bhiwandi,"Gokul Nagar, Bhiwandi - MPCB",2021-12-01,31,0,,,0,,,0,,,31,0.0,0.0,False,False,0.0,False
Maharashtra,Bhiwandi,"Gokul Nagar, Bhiwandi - MPCB",2022-01-01,31,0,,,0,,,0,,,31,0.0,0.0,False,False,0.0,False
Maharashtra,Bhiwandi,"Gokul Nagar, Bhiwandi - MPCB",2022-02-01,28,0,,,0,,,0,,,28,0.0,0.0,False,False,0.0,False
Maharashtra,Bhiwandi,"Gokul Nagar, Bhiwandi - MPCB",2022-03-01,31,0,,,0,,,0,,,31,0.0,0.0,False,False,0.0,False
Maharashtra,Bhiwandi,"Gokul Nagar, Bhiwandi - MPCB",2022-04-01,30,0,,,0,,,0,,,30,0.0,0.0,False,False,0.0,False
Maharashtra,Bhiwandi,"Gokul Nagar, Bhiwandi - MPCB",2022-05-01,31,0,,,0,,,0,,,31,0.0,0.0,False,False,0.0,False
Maharashtra,Bhiwandi,"Gokul Nagar, Bhiwandi - MPCB",2022-06-01,30,0,,,0,,,0,,,30,0.0,0.0,False,False,0.0,False
Maharashtra,Bhiwandi,"Gokul Nagar, Bhiwandi - MPCB",2022-07-01,31,0,,,0,,,0,,,31,0.0,0.0,False,False,0.0,False
Maharashtra,Bhiwandi,"Gokul Nagar, Bhiwandi - MPCB",2022-08-01,31,0,,,0,,,0,,,31,0.0,0.0,False,False,0.0,False
Maharashtra,Bhiwandi,"Gokul Nagar, Bhiwandi - MPCB",2022-09-01,30,0,,,0,,,0,,,30,0.0,0.0,False,False,0.0,False
Maharashtra,Bhiwandi,"Gokul Nagar, Bhiwandi - MPCB",2022-10-01,31,0,,,0,,,0,,,31,0.0,0.0,False,False,0.0,False
Maharashtra,Bhiwandi,"Gokul Nagar, Bhiwandi - MPCB",2022-11-01,30,0,,,0,,,0,,,30,0.0,0.0,False,False,0.0,False
Maharashtra,Bhiwandi,"Gokul Nagar, Bhiwandi - MPCB",2022-12-01,31,0,,,0,,,0,,,31,0.0,0.0,False,False,0.0,False
Maharashtra,Bhiwandi,"Gokul Nagar, Bhiwandi - MPCB",2023-01-01,31,0,,,0,,,0,,,31,0.0,0.0,False,False,0.0,False
Maharashtra,Bhiwandi,"Gokul Nagar, Bhiwandi - MPCB",2023-02-01,28,0,,,0,,,0,,,28,0.0,0.0,False,False,0.0,False
Maharashtra,Bhiwandi,"Gokul Nagar, Bhiwandi - MPCB",2023-03-01,31,0,,,0,,,0,,,31,0.0,0.0,False,False,0.0,False
Maharashtra,Bhiwandi,"Gokul Nagar, Bhiwandi - MPCB",2023-04-01,30,0,,,0,,,0,,,30,0.0,0.0,False,False,0.0,False
Maharashtra,Bhiwandi,"Gokul Nagar, Bhiwandi - MPCB",2023-05-01,31,0,,,0,,,0,,,31,0.0,0.0,False,False,0.0,False
Maharashtra,Bhiwandi,"Gokul Nagar, Bhiwandi - MPCB",2023-06-01,30,11,45.03,25.46,11,74.00909090909092,63.0,11,91.12213117542709,63.0,30,0.36666666666666664,0.36666666666666664,False,False,0.36666666666666664,False
Maharashtra,Bhiwandi,"Gokul Nagar, Bhiwandi - MPCB",2023-07-01,31,30,34.589666666666666,16.865000000000002,31,74.20870967741936,45.33,31,78.40172023102976,45.33,31,0.967741935483871,1.0,True,True,1.0,True
Maharashtra,Chandrapur,"Chauhan Colony, Chandrapur - MPCB",2021-08-01,31,31,18.536774193548386,14.09,31,40.4741935483871,36.94,31,47.842903225806445,37.06,31,1.0,1.0,True,True,1.0,True
Maharashtra,Chandrapur,"Chauhan Colony, Chandrapur - MPCB",2021-09-01,30,30,11.901,12.004999999999999,30,33.78933333333334,35.86,30,34.971000000000004,36.185,30,1.0,1.0,True,True,1.0,True
Maharashtra,Chandrapur,"Chauhan Colony, Chandrapur - MPCB",2021-10-01,31,31,42.516774193548386,41.81,31,98.50290322580646,100.96,31,102.84957389486229,101.35214765100672,31,1.0,1.0,True,True,1.0,True
Maharashtra,Chandrapur,"Chauhan Colony, Chandrapur - MPCB",2021-11-01,30,30,51.95233333333333,53.185,30,96.749,93.72,30,103.33595176656637,102.35189886600324,30,1.0,1.0,True,True,1.0,True
Maharashtra,Chandrapur,"Chauhan Colony, Chandrapur - MPCB",2021-12-01,31,31,65.83580645161291,65.86,31,122.50612903225807,122.3,31,127.14808609118259,117.59103448275862,31,1.0,1.0,True,True,1.0,True
Maharashtra,Chandrapur,"Chauhan Colony, Chandrapur - MPCB",2022-01-01,31,31,47.68064516129032,47.19,31,109.37741935483871,100.39,31,106.12975965067659,101.0,31,1.0,1.0,True,True,1.0,True
Maharashtra,Chandrapur,"Chauhan Colony, Chandrapur - MPCB",2022-02-01,28,28,42.666071428571435,42.18,28,105.1557142857143,103.4,28,103.50825919921293,102.8961052586866,28,1.0,1.0,True,True,1.0,True
Maharashtra,Chandrapur,"Chauhan Colony, Chandrapur - MPCB",2022-03-01,31,31,53.82258064516129,49.52,31,123.73548387096774,124.52,31,124.80489030704501,116.62738255033557,31,1.0,1.0,True,True,1.0,True
Maharashtra,Chandrapur,"Chauhan Colony, Chandrapur - MPCB",2022-04-01,30,28,40.464642857142856,41.349999999999994,28,130.86357142857142,130.54500000000002,28,124.94153031705625,123.5706711409396,30,0.9333333333333333,0.9333333333333333,True,True,0.9333333333333333,True
Maharashtra,Chandrapur,"Chauhan Colony, Chandrapur - MPCB",2022-05-01,31,31,31.82225806451613,33.36,31,128.0809677419355,132.75,31,116.9970060859734,122.09563758389262,31,1.0,1.0,True,True,1.0,True
Maharashtra,Chandrapur,"Chauhan Colony, Chandrapur - MPCB",2022-06-01,30,30,22.20133333333333,16.515,30,79.03966666666666,86.78,30,87.72669284373474,86.78,30,1.0,1.0,True,True,1.0,True
Maharashtra,Chandrapur,"Chauhan Colony, Chandrapur - MPCB",2022-07-01,31,31,14.659354838709678,7.86,31,27.16548387096774,21.6,31,69.28448028673836,66.78888888888888,31,1.0,1.0,True,True,1.0,True
Maharashtra,Chandrapur,"Chauhan Colony, Chandrapur - MPCB",2022-08-01,31,31,14.213870967741935,11.27,31,42.836129032258064,41.42,31,64.66673835125448,65.15555555555555,31,1.0,1.0,True,True,1.0,True
Maharashtra,Chandrapur,"Chauhan Colony, Chandrapur - MPCB",2022-09-01,30,30,19.031333333333336,19.46,30,44.334666666666664,43.225,30,53.52139957264957,51.0,30,1.0,1.0,True,True,1.0,True
Maharashtra,Chandrapur,"Chauhan Colony, Chandrapur - MPCB",2022-10-01,31,31,45.76516129032258,32.83,31,89.48677419354838,86.78,31,107.3030014203389,88.27379310344828,31,1.0,1.0,True,True,1.0,True
Maharashtra,Chandrapur,"Chauhan Colony, Chandrapur - MPCB",2022-11-01,30,30,83.02833333333334,83.73,30,150.99666666666664,150.515,30,177.17929488221395,178.59551724137933,30,1.0,1.0,True,True,1.0,True
Maharashtra,Chandrapur,"Chauhan Colony, Chandrapur - MPCB",2022-12-01,31,31,80.88225806451612,77.16,31,126.70516129032258,123.02,31,178.8080657709461,171.8020689655172,31,1.0,1.0,True,True,1.0,True
Maharashtra,Chandrapur,"Chauhan Colony, Chandrapur - MPCB",2023-01-01,31,31,85.74645161290321,80.3,31,134.87645161290322,124.52,31,193.90028923269583,201.0,31,1.0,1.0,True,True,1.0,True
Maharashtra,Chandrapur,"Chauhan Colony, Chandrapur - MPCB",2023-02-01,28,28,67.53178571428572,66.205,28,143.90642857142856,144.865,28,146.25386889608887,137.78946308724835,28,1.0,1.0,True,True,1.0,True
Maharashtra,Chandrapur,"Chauhan Colony, Chandrapur - MPCB",2023-03-01,31,31,59.70258064516129,53.02,31,108.46483870967741,97.98,31,120.87221187847298,97.98,31,1.0,1.0,True,True,1.0,True
Maharashtra,Chandrapur,"Chauhan Colony, Chandrapur - MPCB",2023-04-01,30,30,52.01566666666667,52.565,30,102.48366666666668,96.65,30,107.97092046594153,99.82885906040269,30,1.0,1.0,True,True,1.0,True
Maharashtra,Chandrapur,"Chauhan Colony, Chandrapur - MPCB",2023-05-01,31,31,44.31516129032258,47.03,31,92.25129032258064,93.37,31,96.22669581497048,96.58689655172412,31,1.0,1.0,True,True,1.0,True
Maharashtra,Chandrapur,"Chauhan Colony, Chandrapur - MPCB",2023-06-01,30,28,31.833214285714288,34.650000000000006,28,89.86785714285715,101.44999999999999,28,89.60156093533611,101.35879194630873,30,0.9333333333333333,0.9333333333333333,True,True,0.9333333333333333,True
Maharashtra,Chandrapur,"Chauhan Colony, Chandrapur - MPCB",2023-07-01,31,31,16.62548387096774,13.8,31,53.58,52.68,31,53.58,52.68,31,1.0,1.0,True,True,1.0,True
Maharashtra,Chandrapur,"MIDC Khutala, Chandrapur - MPCB",2021-08-01,31,28,14.957857142857142,13.59,29,35.504482758620696,33.33,29,36.556896551724144,34.07,31,0.9032258064516129,0.9354838709677419,True,True,0.9354838709677419,True
Maharashtra,Chandrapur,"MIDC Khutala, Chandrapur - MPCB",2021-09-01,30,30,12.727333333333332,14.780000000000001,30,30.279,32.175,30,31.820444444444444,32.175,30,1.0,1.0,True,True,1.0,True
Maharashtra,Chandrapur,"MIDC Khutala, Chandrapur - MPCB",2021-10-01,31,31,50.781290322580645,52.37,31,106.38645161290323,114.24,31,106.12549409858829,109.79704697986577,31,1.0,1.0,True,True,1.0,True
Maharashtra,Chandrapur,"MIDC Khutala, Chandrapur - MPCB",2021-11-01,30,30,55.160333333333334,59.099999999999994,30,118.18933333333334,116.31,30,120.11426382781764,113.83345637583894,30,1.0,1.0,True,True,1.0,True
Maharashtra,Chandrapur,"MIDC Khutala, Chandrapur - MPCB",2021-12-01,31,31,82.8958064516129,85.25,31,160.46032258064517,163.61,31,177.78344088509976,183.7844827586207,31,1.0,1.0,True,True,1.0,True
Maharashtra,Chandrapur,"MIDC Khutala, Chandrapur - MPCB",2022-01-01,31,31,63.42741935483871,58.0,31,125.99129032258064,118.45,31,124.6653614383982,113.53778523489933,31,1.0,1.0,True,True,1.0,True
Maharashtra,Chandrapur,"MIDC Khutala, Chandrapur - MPCB",2022-02-01,28,28,60.730714285714285,58.629999999999995,28,124.19464285714285,120.53,28,123.0322900112457,113.9804327701921,28,1.0,1.0,True,True,1.0,True
Maharashtra,Chandrapur,"MIDC Khutala, Chandrapur - MPCB",2022-03-01,31,31,74.30032258064516,73.95,30,166.91433333333333,163.66,31,156.93663832296886,158.96620689655174,31,1.0,0.967741935483871,True,True,1.0,True
Maharashtra,Chandrapur,"MIDC Khutala, Chandrapur - MPCB",2022-04-01,30,30,56.89266666666666,51.6,30,112.71566666666666,107.425,30,115.98029877343207,105.26895973154362,30,1.0,1.0,True,True,1.0,True
Maharashtra,Chandrapur,"MIDC Khutala, Chandrapur - MPCB",2022-05-01,31,31,31.279032258064515,30.03,31,112.49387096774193,119.56,31,108.33757739770513,113.33181208053692,31,1.0,1.0,True,True,1.0,True
Maharashtra,Chandrapur,"MIDC Khutala, Chandrapur - MPCB",2022-06-01,30,30,51.213,51.495,30,90.32566666666666,74.265,30,95.28997801434852,85.74775862068967,30,1.0,1.0,True,True,1.0,True
Maharashtra,Chandrapur,"MIDC Khutala, Chandrapur - MPCB",2022-07-01,31,27,51.50851851851852,51.54,31,71.81870967741936,74.0,31,82.06686318131257,85.63793103448276,31,0.8709677419354839,1.0,True,True,1.0,True
Maharashtra,Chandrapur,"MIDC Khutala, Chandrapur - MPCB",2022-08-01,31,14,29.87,29.865000000000002,16,57.88125,57.834999999999994,16,57.88125,57.834999999999994,31,0.45161290322580644,0.5161290322580645,False,False,0.5161290322580645,False
Maharashtra,Chandrapur,"MIDC Khutala, Chandrapur - MPCB",2022-09-01,30,28,29.931428571428572,29.95,28,58.00142857142857,58.015,28,58.00142857142857,58.015,30,0.9333333333333333,0.9333333333333333,True,True,0.9333333333333333,True
Maharashtra,Chandrapur,"MIDC Khutala, Chandrapur - MPCB",2022-10-01,31,11,27.39727272727273,29.8,11,53.14090909090908,58.06,11,57.99421911421911,58.14,31,0.3548387096774194,0.3548387096774194,False,False,0.3548387096774194,False
Maharashtra,Chandrapur,"MIDC Khutala, Chandrapur - MPCB",2022-11-01,30,0,,,0,,,0,,,30,0.0,0.0,False,False,0.0,False
Maharashtra,Chandrapur,"MIDC Khutala, Chandrapur - MPCB",2022-12-01,31,19,76.92526315789473,75.3,19,159.42842105263156,157.15,19,174.79831329560426,163.7796551724138,31,0.6129032258064516,0.6129032258064516,False,False,0.6129032258064516,False
Maharashtra,Chandrapur,"MIDC Khutala, Chandrapur - MPCB",2023-01-01,31,30,58.939,45.95,31,132.09677419354838,126.17,31,146.08015927078128,117.7236912751678,31,0.967741935483871,1.0,True,True,1.0,True
Maharashtra,Chandrapur,"MIDC Khutala, Chandrapur - MPCB",2023-02-01,28,15,50.674,55.27,11,90.72909090909091,92.05,17,95.10284884425913,96.07,28,0.5357142857142857,0.39285714285714285,False,False,0.6071428571428571,False
Maharashtra,Chandrapur,"MIDC Khutala, Chandrapur - MPCB",2023-03-01,31,15,46.24066666666667,47.89,9,82.39,82.83,16,82.96347756410256,87.24758620689656,31,0.4838709677419355,0.2903225806451613,False,False,0.5161290322580645,False
Maharashtra,Chandrapur,"MIDC Khutala, Chandrapur - MPCB",2023-04-01,30,24,41.70791666666667,40.475,16,77.39875,82.43,24,79.01005378720896,80.07551724137932,30,0.8,0.5333333333333333,True,False,0.8,True
Maharashtra,Chandrapur,"MIDC Khutala, Chandrapur - MPCB",2023-05-01,31,23,48.36913043478261,53.25,10,76.793,84.18,23,85.29761619190404,89.59172413793104,31,0.7419354838709677,0.3225806451612903,False,False,0.7419354838709677,False
Maharashtra,Chandrapur,"MIDC Khutala, Chandrapur - MPCB",2023-06-01,30,27,50.28333333333334,58.81,27,72.67296296296297,84.79,28,87.55146551724138,97.9893103448276,30,0.9,0.9,True,True,0.9333333333333333,True
Maharashtra,Chandrapur,"MIDC Khutala, Chandrapur - MPCB",2023-07-01,31,29,15.526206896551724,14.68,29,43.30241379310345,41.74,29,55.505172413793105,51.0,31,0.9354838709677419,0.9354838709677419,True,True,0.9354838709677419,True
Maharashtra,Dhule,"Deopur, Dhule - MPCB",2021-08-01,31,0,,,0,,,0,,,31,0.0,0.0,False,False,0.0,False
Maharashtra,Dhule,"Deopur, Dhule - MPCB",2021-09-01,30,0,,,0,,,0,,,30,0.0,0.0,False,False,0.0,False
Maharashtra,Dhule,"Deopur, Dhule - MPCB",2021-10-01,31,0,,,0,,,0,,,31,0.0,0.0,False,False,0.0,False
Maharashtra,Dhule,"Deopur, Dhule - MPCB",2021-11-01,30,0,,,0,,,0,,,30,0.0,0.0,False,False,0.0,False
Maharashtra,Dhule,"Deopur, Dhule - MPCB",2021-12-01,31,0,,,0,,,0,,,31,0.0,0.0,False,False,0.0,False
Maharashtra,Dhule,"Deopur, Dhule - MPCB",2022-01-01,31,0,,,0,,,0,,,31,0.0,0.0,False,False,0.0,False
Maharashtra,Dhule,"Deopur, Dhule - MPCB",2022-02-01,28,0,,,0,,,0,,,28,0.0,0.0,False,False,0.0,False
Maharashtra,Dhule,"Deopur, Dhule - MPCB",2022-03-01,31,0,,,0,,,0,,,31,0.0,0.0,False,False,0.0,False
Maharashtra,Dhule,"Deopur, Dhule - MPCB",2022-04-01,30,0,,,0,,,0,,,30,0.0,0.0,False,False,0.0,False
Maharashtra,Dhule,"Deopur, Dhule - MPCB",2022-05-01,31,0,,,0,,,0,,,31,0.0,0.0,False,False,0.0,False
Maharashtra,Dhule,"Deopur, Dhule - MPCB",2022-06-01,30,0,,,0,,,0,,,30,0.0,0.0,False,False,0.0,False
Maharashtra,Dhule,"Deopur, Dhule - MPCB",2022-07-01,31,0,,,0,,,0,,,31,0.0,0.0,False,False,0.0,False
Maharashtra,Dhule,"Deopur, Dhule - MPCB",2022-08-01,31,0,,,0,,,0,,,31,0.0,0.0,False,False,0.0,False
Maharashtra,Dhule,"Deopur, Dhule - MPCB",2022-09-01,30,0,,,0,,,0,,,30,0.0,0.0,False,False,0.0,False
Maharashtra,Dhule,"Deopur, Dhule - MPCB",2022-10-01,31,0,,,0,,,0,,,31,0.0,0.0,False,False,0.0,False
Maharashtra,Dhule,"Deopur, Dhule - MPCB",2022-11-01,30,0,,,0,,,0,,,30,0.0,0.0,False,False,0.0,False
Maharashtra,Dhule,"Deopur, Dhule - MPCB",2022-12-01,31,0,,,0,,,0,,,31,0.0,0.0,False,False,0.0,False
Maharashtra,Dhule,"Deopur, Dhule - MPCB",2023-01-01,31,0,,,0,,,0,,,31,0.0,0.0,False,False,0.0,False
Maharashtra,Dhule,"Deopur, Dhule - MPCB",2023-02-01,28,0,,,0,,,0,,,28,0.0,0.0,False,False,0.0,False
Maharashtra,Dhule,"Deopur, Dhule - MPCB",2023-03-01,31,0,,,0,,,0,,,31,0.0,0.0,False,False,0.0,False
Maharashtra,Dhule,"Deopur, Dhule - MPCB",2023-04-01,30,0,,,0,,,0,,,30,0.0,0.0,False,False,0.0,False
Maharashtra,Dhule,"Deopur, Dhule - MPCB",2023-05-01,31,0,,,0,,,0,,,31,0.0,0.0,False,False,0.0,False
Maharashtra,Dhule,"Deopur, Dhule - MPCB",2023-06-01,30,12,20.958333333333332,21.465,12,91.39916666666666,85.495,12,87.44340604026844,85.495,30,0.4,0.4,False,False,0.4,False
Maharashtra,Dhule,"Deopur, Dhule - MPCB",2023-07-01,31,31,16.114838709677418,15.55,31,39.71677419354839,36.59,31,46.30971473278767,40.27,31,1.0,1.0,True,True,1.0,True
Maharashtra,Jalgaon,"Prabhat Colony, Jalgaon - MPCB",2021-08-01,31,0,,,0,,,0,,,31,0.0,0.0,False,False,0.0,False
Maharashtra,Jalgaon,"Prabhat Colony, Jalgaon - MPCB",2021-09-01,30,0,,,0,,,0,,,30,0.0,0.0,False,False,0.0,False
Maharashtra,Jalgaon,"Prabhat Colony, Jalgaon - MPCB",2021-10-01,31,0,,,0,,,0,,,31,0.0,0.0,False,False,0.0,False
Maharashtra,Jalgaon,"Prabhat Colony, Jalgaon - MPCB",2021-11-01,30,0,,,0,,,0,,,30,0.0,0.0,False,False,0.0,False
Maharashtra,Jalgaon,"Prabhat Colony, Jalgaon - MPCB",2021-12-01,31,0,,,0,,,0,,,31,0.0,0.0,False,False,0.0,False
Maharashtra,Jalgaon,"Prabhat Colony, Jalgaon - MPCB",2022-01-01,31,0,,,0,,,0,,,31,0.0,0.0,False,False,0.0,False
Maharashtra,Jalgaon,"Prabhat Colony, Jalgaon - MPCB",2022-02-01,28,0,,,0,,,0,,,28,0.0,0.0,False,False,0.0,False
Maharashtra,Jalgaon,"Prabhat Colony, Jalgaon - MPCB",2022-03-01,31,0,,,0,,,0,,,31,0.0,0.0,False,False,0.0,False
Maharashtra,Jalgaon,"Prabhat Colony, Jalgaon - MPCB",2022-04-01,30,0,,,0,,,0,,,30,0.0,0.0,False,False,0.0,False
Maharashtra,Jalgaon,"Prabhat Colony, Jalgaon - MPCB",2022-05-01,31,0,,,0,,,0,,,31,0.0,0.0,False,False,0.0,False
Maharashtra,Jalgaon,"Prabhat Colony, Jalgaon - MPCB",2022-06-01,30,0,,,0,,,0,,,30,0.0,0.0,False,False,0.0,False
Maharashtra,Jalgaon,"Prabhat Colony, Jalgaon - MPCB",2022-07-01,31,0,,,0,,,0,,,31,0.0,0.0,False,False,0.0,False
Maharashtra,Jalgaon,"Prabhat Colony, Jalgaon - MPCB",2022-08-01,31,0,,,0,,,0,,,31,0.0,0.0,False,False,0.0,False
Maharashtra,Jalgaon,"Prabhat Colony, Jalgaon - MPCB",2022-09-01,30,0,,,0,,,0,,,30,0.0,0.0,False,False,0.0,False
Maharashtra,Jalgaon,"Prabhat Colony, Jalgaon - MPCB",2022-10-01,31,0,,,0,,,0,,,31,0.0,0.0,False,False,0.0,False
Maharashtra,Jalgaon,"Prabhat Colony, Jalgaon - MPCB",2022-11-01,30,0,,,0,,,0,,,30,0.0,0.0,False,False,0.0,False
Maharashtra,Jalgaon,"Prabhat Colony, Jalgaon - MPCB",2022-12-01,31,0,,,0,,,0,,,31,0.0,0.0,False,False,0.0,False
Maharashtra,Jalgaon,"Prabhat Colony, Jalgaon - MPCB",2023-01-01,31,0,,,0,,,0,,,31,0.0,0.0,False,False,0.0,False
Maharashtra,Jalgaon,"Prabhat Colony, Jalgaon - MPCB",2023-02-01,28,0,,,0,,,0,,,28,0.0,0.0,False,False,0.0,False
Maharashtra,Jalgaon,"Prabhat Colony, Jalgaon - MPCB",2023-03-01,31,0,,,0,,,0,,,31,0.0,0.0,False,False,0.0,False
Maharashtra,Jalgaon,"Prabhat Colony, Jalgaon - MPCB",2023-04-01,30,0,,,0,,,0,,,30,0.0,0.0,False,False,0.0,False
Maharashtra,Jalgaon,"Prabhat Colony, Jalgaon - MPCB",2023-05-01,31,0,,,0,,,0,,,31,0.0,0.0,False,False,0.0,False
Maharashtra,Jalgaon,"Prabhat Colony, Jalgaon - MPCB",2023-06-01,30,19,36.084736842105265,39.51,19,113.72684210526316,114.33,19,106.50395266690215,109.85684563758389,30,0.6333333333333333,0.6333333333333333,False,False,0.6333333333333333,False
Maharashtra,Jalgaon,"Prabhat Colony, Jalgaon - MPCB",2023-07-01,31,31,26.419677419354837,26.96,31,71.13806451612903,70.45,31,71.13806451612903,70.45,31,1.0,1.0,True,True,1.0,True
Maharashtra,Jalna,"Old MIDC, Jalna - MPCB",2021-08-01,31,0,,,0,,,0,,,31,0.0,0.0,False,False,0.0,False
Maharashtra,Jalna,"Old MIDC, Jalna - MPCB",2021-09-01,30,0,,,0,,,0,,,30,0.0,0.0,False,False,0.0,False
Maharashtra,Jalna,"Old MIDC, Jalna - MPCB",2021-10-01,31,0,,,0,,,0,,,31,0.0,0.0,False,False,0.0,False
Maharashtra,Jalna,"Old MIDC, Jalna - MPCB",2021-11-01,30,0,,,0,,,0,,,30,0.0,0.0,False,False,0.0,False
Maharashtra,Jalna,"Old MIDC, Jalna - MPCB",2021-12-01,31,0,,,0,,,0,,,31,0.0,0.0,False,False,0.0,False
Maharashtra,Jalna,"Old MIDC, Jalna - MPCB",2022-01-01,31,0,,,0,,,0,,,31,0.0,0.0,False,False,0.0,False
Maharashtra,Jalna,"Old MIDC, Jalna - MPCB",2022-02-01,28,0,,,0,,,0,,,28,0.0,0.0,False,False,0.0,False
Maharashtra,Jalna,"Old MIDC, Jalna - MPCB",2022-03-01,31,0,,,0,,,0,,,31,0.0,0.0,False,False,0.0,False
Maharashtra,Jalna,"Old MIDC, Jalna - MPCB",2022-04-01,30,0,,,0,,,0,,,30,0.0,0.0,False,False,0.0,False
Maharashtra,Jalna,"Old MIDC, Jalna - MPCB",2022-05-01,31,0,,,0,,,0,,,31,0.0,0.0,False,False,0.0,False
Maharashtra,Jalna,"Old MIDC, Jalna - MPCB",2022-06-01,30,0,,,0,,,0,,,30,0.0,0.0,False,False,0.0,False
Maharashtra,Jalna,"Old MIDC, Jalna - MPCB",2022-07-01,31,0,,,0,,,0,,,31,0.0,0.0,False,False,0.0,False
Maharashtra,Jalna,"Old MIDC, Jalna - MPCB",2022-08-01,31,0,,,0,,,0,,,31,0.0,0.0,False,False,0.0,False
Maharashtra,Jalna,"Old MIDC, Jalna - MPCB",2022-09-01,30,0,,,0,,,0,,,30,0.0,0.0,False,False,0.0,False
Maharashtra,Jalna,"Old MIDC, Jalna - MPCB",2022-10-01,31,0,,,0,,,0,,,31,0.0,0.0,False,False,0.0,False
Maharashtra,Jalna,"Old MIDC, Jalna - MPCB",2022-11-01,30,0,,,0,,,0,,,30,0.0,0.0,False,False,0.0,False
Maharashtra,Jalna,"Old MIDC, Jalna - MPCB",2022-12-01,31,0,,,0,,,0,,,31,0.0,0.0,False,False,0.0,False
Maharashtra,Jalna,"Old MIDC, Jalna - MPCB",2023-01-01,31,0,,,0,,,0,,,31,0.0,0.0,False,False,0.0,False
Maharashtra,Jalna,"Old MIDC, Jalna - MPCB",2023-02-01,28,0,,,0,,,0,,,28,0.0,0.0,False,False,0.0,False
Maharashtra,Jalna,"Old MIDC, Jalna - MPCB",2023-03-01,31,0,,,0,,,0,,,31,0.0,0.0,False,False,0.0,False
Maharashtra,Jalna,"Old MIDC, Jalna - MPCB",2023-04-01,30,0,,,0,,,0,,,30,0.0,0.0,False,False,0.0,False
Maharashtra,Jalna,"Old MIDC, Jalna - MPCB",2023-05-01,31,0,,,0,,,0,,,31,0.0,0.0,False,False,0.0,False
Maharashtra,Jalna,"Old MIDC, Jalna - MPCB",2023-06-01,30,19,37.626315789473686,36.2,19,89.09,88.4,19,90.47530006455621,88.4,30,0.6333333333333333,0.6333333333333333,False,False,0.6333333333333333,False
Maharashtra,Jalna,"Old MIDC, Jalna - MPCB",2023-07-01,31,25,27.8456,25.61,25,68.03399999999999,60.74,25,68.60767651006711,60.74,31,0.8064516129032258,0.8064516129032258,True,True,0.8064516129032258,True
Maharashtra,Kalyan,"Khadakpada, Kalyan - MPCB",2021-08-01,31,31,19.783870967741933,19.63,30,52.47666666666667,47.835,30,57.34411111111111,51.0,31,1.0,0.967741935483871,True,True,0.967741935483871,True
Maharashtra,Kalyan,"Khadakpada, Kalyan - MPCB",2021-09-01,30,21,25.712380952380954,26.38,21,50.38142857142857,47.03,21,58.52693121693121,55.89999999999999,30,0.7,0.7,False,False,0.7,False
Maharashtra,Kalyan,"Khadakpada, Kalyan - MPCB",2021-10-01,31,31,48.8316129032258,48.63,31,114.86096774193548,121.42,31,109.00216952467693,114.56765100671142,31,1.0,1.0,True,True,1.0,True
Maharashtra,Kalyan,"Khadakpada, Kalyan - MPCB",2021-11-01,30,29,76.78793103448275,81.3,29,134.38379310344828,146.18,29,164.82230869105527,170.29999999999998,30,0.9666666666666667,0.9666666666666667,True,True,0.9666666666666667,True
Maharashtra,Kalyan,"Khadakpada, Kalyan - MPCB",2021-12-01,31,31,100.37516129032258,99.1,30,172.46766666666664,176.325,30,228.7795851358697,230.01724137931035,31,1.0,0.967741935483871,True,True,0.967741935483871,True
Maharashtra,Kalyan,"Khadakpada, Kalyan - MPCB",2022-01-01,31,31,95.76677419354839,96.39,31,198.94838709677418,175.42,31,222.64787804438757,219.4003448275862,31,1.0,1.0,True,True,1.0,True
Maharashtra,Kalyan,"Khadakpada, Kalyan - MPCB",2022-02-01,28,28,97.38214285714285,95.13499999999999,27,194.52962962962962,180.51,27,217.4960462764126,212.67517241379312,28,1.0,0.9642857142857143,True,True,0.9642857142857143,True
Maharashtra,Kalyan,"Khadakpada, Kalyan - MPCB",2022-03-01,31,24,88.15125,83.08000000000001,24,184.89458333333334,183.05,24,198.93960823650139,176.37655172413795,31,0.7741935483870968,0.7741935483870968,True,True,0.7741935483870968,True
Maharashtra,Kalyan,"Khadakpada, Kalyan - MPCB",2022-04-01,30,30,60.782000000000004,59.03,27,156.37333333333333,152.24,28,139.74541252024994,136.4805369127517,30,1.0,0.9,True,True,0.9333333333333333,True
Maharashtra,Kalyan,"Khadakpada, Kalyan - MPCB",2022-05-01,31,30,33.138666666666666,28.61,29,129.64862068965516,115.42,31,114.05792162805803,109.05953020134228,31,0.967741935483871,0.9354838709677419,True,True,1.0,True
Maharashtra,Kalyan,"Khadakpada, Kalyan - MPCB",2022-06-01,30,28,21.0325,20.32,28,66.64,61.965,28,66.92899781612869,63.32388888888889,30,0.9333333333333333,0.9333333333333333,True,True,0.9333333333333333,True
Maharashtra,Kalyan,"Khadakpada, Kalyan - MPCB",2022-07-01,31,29,32.11965517241379,31.1,30,63.82966666666666,62.635,30,67.14029868771803,63.235,31,0.9354838709677419,0.967741935483871,True,True,0.967741935483871,True
Maharashtra,Kalyan,"Khadakpada, Kalyan - MPCB",2022-08-01,31,28,22.125,20.205,28,62.94392857142857,55.335,28,64.05661686374773,56.295,31,0.9032258064516129,0.9032258064516129,True,True,0.9032258064516129,True
Maharashtra,Kalyan,"Khadakpada, Kalyan - MPCB",2022-09-01,30,29,27.347241379310347,26.22,27,75.51592592592593,63.91,27,79.41502775706356,71.14444444444445,30,0.9666666666666667,0.9,True,True,0.9,True
Maharashtra,Kalyan,"Khadakpada, Kalyan - MPCB",2022-10-01,31,31,44.19451612903226,39.16,31,114.29193548387096,109.64,31,113.53355042263085,106.7406711409396,31,1.0,1.0,True,True,1.0,True
Maharashtra,Kalyan,"Khadakpada, Kalyan - MPCB",2022-11-01,30,28,68.41499999999999,67.45500000000001,28,191.74821428571428,190.755,28,163.467370069759,160.63587248322148,30,0.9333333333333333,0.9333333333333333,True,True,0.9333333333333333,True
Maharashtra,Kalyan,"Khadakpada, Kalyan - MPCB",2022-12-01,31,31,62.65548387096774,62.32,31,208.98999999999998,214.89,31,186.8379808524507,176.67187919463086,31,1.0,1.0,True,True,1.0,True
Maharashtra,Kalyan,"Khadakpada, Kalyan - MPCB",2023-01-01,31,31,73.30967741935484,74.04,31,226.56096774193549,230.41,31,186.60372591470016,186.98382550335572,31,1.0,1.0,True,True,1.0,True
Maharashtra,Kalyan,"Khadakpada, Kalyan - MPCB",2023-02-01,28,27,72.4162962962963,69.71,28,209.15928571428572,203.45499999999998,28,177.3262650841406,169.07412751677853,28,0.9642857142857143,1.0,True,True,1.0,True
Maharashtra,Kalyan,"Khadakpada, Kalyan - MPCB",2023-03-01,31,31,61.53516129032258,60.42,31,164.79548387096773,142.64,31,151.76330076791356,128.6668456375839,31,1.0,1.0,True,True,1.0,True
Maharashtra,Kalyan,"Khadakpada, Kalyan - MPCB",2023-04-01,30,29,41.515517241379314,39.85,29,139.14310344827587,140.97,30,123.58001227556932,127.44429530201342,30,0.9666666666666667,0.9666666666666667,True,True,1.0,True
Maharashtra,Kalyan,"Khadakpada, Kalyan - MPCB",2023-05-01,31,30,24.951999999999998,24.395,30,92.73166666666665,86.91,31,89.5781435098062,86.38,31,0.967741935483871,0.967741935483871,True,True,1.0,True
Maharashtra,Kalyan,"Khadakpada, Kalyan - MPCB",2023-06-01,30,27,18.617037037037036,18.32,21,55.32285714285714,61.53,27,113.03236127057023,73.15,30,0.9,0.7,True,False,0.9,True
Maharashtra,Kalyan,"Khadakpada, Kalyan - MPCB",2023-07-01,31,30,31.740333333333336,19.54,22,45.39181818181818,41.39,30,104.21491249478417,82.81388888888888,31,0.967741935483871,0.7096774193548387,True,False,0.967741935483871,True
Maharashtra,Kolhapur,"Shivaji University, Kolhapur - MPCB",2021-08-01,31,0,,,0,,,0,,,31,0.0,0.0,False,False,0.0,False
Maharashtra,Kolhapur,"Shivaji University, Kolhapur - MPCB",2021-09-01,30,0,,,0,,,0,,,30,0.0,0.0,False,False,0.0,False
Maharashtra,Kolhapur,"Shivaji University, Kolhapur - MPCB",2021-10-01,31,0,,,0,,,0,,,31,0.0,0.0,False,False,0.0,False
Maharashtra,Kolhapur,"Shivaji University, Kolhapur - MPCB",2021-11-01,30,0,,,0,,,0,,,30,0.0,0.0,False,False,0.0,False
Maharashtra,Kolhapur,"Shivaji University, Kolhapur - MPCB",2021-12-01,31,0,,,0,,,0,,,31,0.0,0.0,False,False,0.0,False
Maharashtra,Kolhapur,"Shivaji University, Kolhapur - MPCB",2022-01-01,31,0,,,0,,,0,,,31,0.0,0.0,False,False,0.0,False
Maharashtra,Kolhapur,"Shivaji University, Kolhapur - MPCB",2022-02-01,28,0,,,0,,,0,,,28,0.0,0.0,False,False,0.0,False
Maharashtra,Kolhapur,"Shivaji University, Kolhapur - MPCB",2022-03-01,31,0,,,0,,,0,,,31,0.0,0.0,False,False,0.0,False
Maharashtra,Kolhapur,"Shivaji University, Kolhapur - MPCB",2022-04-01,30,0,,,0,,,0,,,30,0.0,0.0,False,False,0.0,False
Maharashtra,Kolhapur,"Shivaji University, Kolhapur - MPCB",2022-05-01,31,0,,,0,,,0,,,31,0.0,0.0,False,False,0.0,False
Maharashtra,Kolhapur,"Shivaji University, Kolhapur - MPCB",2022-06-01,30,0,,,0,,,0,,,30,0.0,0.0,False,False,0.0,False
Maharashtra,Kolhapur,"Shivaji University, Kolhapur - MPCB",2022-07-01,31,0,,,0,,,0,,,31,0.0,0.0,False,False,0.0,False
Maharashtra,Kolhapur,"Shivaji University, Kolhapur - MPCB",2022-08-01,31,0,,,0,,,0,,,31,0.0,0.0,False,False,0.0,False
Maharashtra,Kolhapur,"Shivaji University, Kolhapur - MPCB",2022-09-01,30,0,,,0,,,0,,,30,0.0,0.0,False,False,0.0,False
Maharashtra,Kolhapur,"Shivaji University, Kolhapur - MPCB",2022-10-01,31,0,,,0,,,0,,,31,0.0,0.0,False,False,0.0,False
Maharashtra,Kolhapur,"Shivaji University, Kolhapur - MPCB",2022-11-01,30,0,,,0,,,0,,,30,0.0,0.0,False,False,0.0,False
Maharashtra,Kolhapur,"Shivaji University, Kolhapur - MPCB",2022-12-01,31,0,,,0,,,0,,,31,0.0,0.0,False,False,0.0,False
Maharashtra,Kolhapur,"Shivaji University, Kolhapur - MPCB",2023-01-01,31,0,,,0,,,0,,,31,0.0,0.0,False,False,0.0,False
Maharashtra,Kolhapur,"Shivaji University, Kolhapur - MPCB",2023-02-01,28,0,,,0,,,0,,,28,0.0,0.0,False,False,0.0,False
Maharashtra,Kolhapur,"Shivaji University, Kolhapur - MPCB",2023-03-01,31,0,,,0,,,0,,,31,0.0,0.0,False,False,0.0,False
Maharashtra,Kolhapur,"Shivaji University, Kolhapur - MPCB",2023-04-01,30,7,23.478571428571428,22.32,6,65.95166666666667,65.415,7,63.93571428571429,63.38,30,0.23333333333333334,0.2,False,False,0.23333333333333334,False
Maharashtra,Kolhapur,"Shivaji University, Kolhapur - MPCB",2023-05-01,31,31,22.110967741935486,21.69,29,67.87103448275862,65.92,31,66.73290316981583,65.53,31,1.0,0.9354838709677419,True,True,1.0,True
Maharashtra,Kolhapur,"Shivaji University, Kolhapur - MPCB",2023-06-01,30,30,16.487000000000002,17.310000000000002,26,59.30576923076923,54.535,30,62.045461030974884,54.535,30,1.0,0.8666666666666667,True,True,1.0,True
Maharashtra,Kolhapur,"Shivaji University, Kolhapur - MPCB",2023-07-01,31,18,29.956666666666667,14.96,23,28.24086956521739,28.13,26,45.035548631597216,27.89,31,0.5806451612903226,0.7419354838709677,False,False,0.8387096774193549,True
Maharashtra,Latur,"Sawe Wadi, Latur - MPCB",2021-08-01,31,0,,,0,,,0,,,31,0.0,0.0,False,False,0.0,False
Maharashtra,Latur,"Sawe Wadi, Latur - MPCB",2021-09-01,30,0,,,0,,,0,,,30,0.0,0.0,False,False,0.0,False
Maharashtra,Latur,"Sawe Wadi, Latur - MPCB",2021-10-01,31,0,,,0,,,0,,,31,0.0,0.0,False,False,0.0,False
Maharashtra,Latur,"Sawe Wadi, Latur - MPCB",2021-11-01,30,0,,,0,,,0,,,30,0.0,0.0,False,False,0.0,False
Maharashtra,Latur,"Sawe Wadi, Latur - MPCB",2021-12-01,31,0,,,0,,,0,,,31,0.0,0.0,False,False,0.0,False
Maharashtra,Latur,"Sawe Wadi, Latur - MPCB",2022-01-01,31,0,,,0,,,0,,,31,0.0,0.0,False,False,0.0,False
Maharashtra,Latur,"Sawe Wadi, Latur - MPCB",2022-02-01,28,0,,,0,,,0,,,28,0.0,0.0,False,False,0.0,False
Maharashtra,Latur,"Sawe Wadi, Latur - MPCB",2022-03-01,31,0,,,0,,,0,,,31,0.0,0.0,False,False,0.0,False
Maharashtra,Latur,"Sawe Wadi, Latur - MPCB",2022-04-01,30,0,,,0,,,0,,,30,0.0,0.0,False,False,0.0,False
Maharashtra,Latur,"Sawe Wadi, Latur - MPCB",2022-05-01,31,0,,,0,,,0,,,31,0.0,0.0,False,False,0.0,False
Maharashtra,Latur,"Sawe Wadi, Latur - MPCB",2022-06-01,30,0,,,0,,,0,,,30,0.0,0.0,False,False,0.0,False
Maharashtra,Latur,"Sawe Wadi, Latur - MPCB",2022-07-01,31,0,,,0,,,0,,,31,0.0,0.0,False,False,0.0,False
Maharashtra,Latur,"Sawe Wadi, Latur - MPCB",2022-08-01,31,0,,,0,,,0,,,31,0.0,0.0,False,False,0.0,False
Maharashtra,Latur,"Sawe Wadi, Latur - MPCB",2022-09-01,30,0,,,0,,,0,,,30,0.0,0.0,False,False,0.0,False
Maharashtra,Latur,"Sawe Wadi, Latur - MPCB",2022-10-01,31,0,,,0,,,0,,,31,0.0,0.0,False,False,0.0,False
Maharashtra,Latur,"Sawe Wadi, Latur - MPCB",2022-11-01,30,0,,,0,,,0,,,30,0.0,0.0,False,False,0.0,False
Maharashtra,Latur,"Sawe Wadi, Latur - MPCB",2022-12-01,31,0,,,0,,,0,,,31,0.0,0.0,False,False,0.0,False
Maharashtra,Latur,"Sawe Wadi, Latur - MPCB",2023-01-01,31,0,,,0,,,0,,,31,0.0,0.0,False,False,0.0,False
Maharashtra,Latur,"Sawe Wadi, Latur - MPCB",2023-02-01,28,0,,,0,,,0,,,28,0.0,0.0,False,False,0.0,False
Maharashtra,Latur,"Sawe Wadi, Latur - MPCB",2023-03-01,31,0,,,0,,,0,,,31,0.0,0.0,False,False,0.0,False
Maharashtra,Latur,"Sawe Wadi, Latur - MPCB",2023-04-01,30,0,,,0,,,0,,,30,0.0,0.0,False,False,0.0,False
Maharashtra,Latur,"Sawe Wadi, Latur - MPCB",2023-05-01,31,10,36.775,37.375,10,78.651,72.675,10,77.6568389261745,74.13999999999999,31,0.3225806451612903,0.3225806451612903,False,False,0.3225806451612903,False
Maharashtra,Latur,"Sawe Wadi, Latur - MPCB",2023-06-01,30,28,27.302142857142858,28.0,28,65.71821428571428,67.035,28,66.10428571428572,67.035,30,0.9333333333333333,0.9333333333333333,True,True,0.9333333333333333,True
Maharashtra,Latur,"Sawe Wadi, Latur - MPCB",2023-07-01,31,31,13.589999999999998,12.23,31,43.29677419354839,38.85,31,44.57225806451613,40.44,31,1.0,1.0,True,True,1.0,True
Maharashtra,Mahad,"Kamble Tarf Birwadi, Mahad - MPCB",2021-08-01,31,0,,,0,,,0,,,31,0.0,0.0,False,False,0.0,False
Maharashtra,Mahad,"Kamble Tarf Birwadi, Mahad - MPCB",2021-09-01,30,0,,,0,,,0,,,30,0.0,0.0,False,False,0.0,False
Maharashtra,Mahad,"Kamble Tarf Birwadi, Mahad - MPCB",2021-10-01,31,0,,,0,,,0,,,31,0.0,0.0,False,False,0.0,False
Maharashtra,Mahad,"Kamble Tarf Birwadi, Mahad - MPCB",2021-11-01,30,0,,,0,,,0,,,30,0.0,0.0,False,False,0.0,False
Maharashtra,Mahad,"Kamble Tarf Birwadi, Mahad - MPCB",2021-12-01,31,0,,,0,,,0,,,31,0.0,0.0,False,False,0.0,False
Maharashtra,Mahad,"Kamble Tarf Birwadi, Mahad - MPCB",2022-01-01,31,0,,,0,,,0,,,31,0.0,0.0,False,False,0.0,False
Maharashtra,Mahad,"Kamble Tarf Birwadi, Mahad - MPCB",2022-02-01,28,0,,,0,,,0,,,28,0.0,0.0,False,False,0.0,False
Maharashtra,Mahad,"Kamble Tarf Birwadi, Mahad - MPCB",2022-03-01,31,0,,,0,,,0,,,31,0.0,0.0,False,False,0.0,False
Maharashtra,Mahad,"Kamble Tarf Birwadi, Mahad - MPCB",2022-04-01,30,0,,,0,,,0,,,30,0.0,0.0,False,False,0.0,False
Maharashtra,Mahad,"Kamble Tarf Birwadi, Mahad - MPCB",2022-05-01,31,0,,,0,,,0,,,31,0.0,0.0,False,False,0.0,False
Maharashtra,Mahad,"Kamble Tarf Birwadi, Mahad - MPCB",2022-06-01,30,0,,,0,,,0,,,30,0.0,0.0,False,False,0.0,False
Maharashtra,Mahad,"Kamble Tarf Birwadi, Mahad - MPCB",2022-07-01,31,0,,,0,,,0,,,31,0.0,0.0,False,False,0.0,False
Maharashtra,Mahad,"Kamble Tarf Birwadi, Mahad - MPCB",2022-08-01,31,0,,,0,,,0,,,31,0.0,0.0,False,False,0.0,False
Maharashtra,Mahad,"Kamble Tarf Birwadi, Mahad - MPCB",2022-09-01,30,0,,,0,,,0,,,30,0.0,0.0,False,False,0.0,False
Maharashtra,Mahad,"Kamble Tarf Birwadi, Mahad - MPCB",2022-10-01,31,0,,,0,,,0,,,31,0.0,0.0,False,False,0.0,False
Maharashtra,Mahad,"Kamble Tarf Birwadi, Mahad - MPCB",2022-11-01,30,0,,,0,,,0,,,30,0.0,0.0,False,False,0.0,False
Maharashtra,Mahad,"Kamble Tarf Birwadi, Mahad - MPCB",2022-12-01,31,0,,,0,,,0,,,31,0.0,0.0,False,False,0.0,False
Maharashtra,Mahad,"Kamble Tarf Birwadi, Mahad - MPCB",2023-01-01,31,0,,,0,,,0,,,31,0.0,0.0,False,False,0.0,False
Maharashtra,Mahad,"Kamble Tarf Birwadi, Mahad - MPCB",2023-02-01,28,0,,,0,,,0,,,28,0.0,0.0,False,False,0.0,False
Maharashtra,Mahad,"Kamble Tarf Birwadi, Mahad - MPCB",2023-03-01,31,0,,,0,,,0,,,31,0.0,0.0,False,False,0.0,False
Maharashtra,Mahad,"Kamble Tarf Birwadi, Mahad - MPCB",2023-04-01,30,0,,,0,,,0,,,30,0.0,0.0,False,False,0.0,False
Maharashtra,Mahad,"Kamble Tarf Birwadi, Mahad - MPCB",2023-05-01,31,0,,,0,,,0,,,31,0.0,0.0,False,False,0.0,False
Maharashtra,Mahad,"Kamble Tarf Birwadi, Mahad - MPCB",2023-06-01,30,5,11.742,13.18,5,26.233999999999998,25.15,5,28.227999999999998,25.37,30,0.16666666666666666,0.16666666666666666,False,False,0.16666666666666666,False
Maharashtra,Mahad,"Kamble Tarf Birwadi, Mahad - MPCB",2023-07-01,31,30,16.317666666666664,15.7,31,32.6958064516129,31.23,31,34.501612903225805,31.41,31,0.967741935483871,1.0,True,True,1.0,True
Maharashtra,Mira-Bhayandar,"Bhayandar West, Mira-Bhayandar - MPCB",2021-08-01,31,0,,,0,,,0,,,31,0.0,0.0,False,False,0.0,False
Maharashtra,Mira-Bhayandar,"Bhayandar West, Mira-Bhayandar - MPCB",2021-09-01,30,0,,,0,,,0,,,30,0.0,0.0,False,False,0.0,False
Maharashtra,Mira-Bhayandar,"Bhayandar West, Mira-Bhayandar - MPCB",2021-10-01,31,0,,,0,,,0,,,31,0.0,0.0,False,False,0.0,False
Maharashtra,Mira-Bhayandar,"Bhayandar West, Mira-Bhayandar - MPCB",2021-11-01,30,0,,,0,,,0,,,30,0.0,0.0,False,False,0.0,False
Maharashtra,Mira-Bhayandar,"Bhayandar West, Mira-Bhayandar - MPCB",2021-12-01,31,0,,,0,,,0,,,31,0.0,0.0,False,False,0.0,False
Maharashtra,Mira-Bhayandar,"Bhayandar West, Mira-Bhayandar - MPCB",2022-01-01,31,0,,,0,,,0,,,31,0.0,0.0,False,False,0.0,False
Maharashtra,Mira-Bhayandar,"Bhayandar West, Mira-Bhayandar - MPCB",2022-02-01,28,0,,,0,,,0,,,28,0.0,0.0,False,False,0.0,False
Maharashtra,Mira-Bhayandar,"Bhayandar West, Mira-Bhayandar - MPCB",2022-03-01,31,0,,,0,,,0,,,31,0.0,0.0,False,False,0.0,False
Maharashtra,Mira-Bhayandar,"Bhayandar West, Mira-Bhayandar - MPCB",2022-04-01,30,0,,,0,,,0,,,30,0.0,0.0,False,False,0.0,False
Maharashtra,Mira-Bhayandar,"Bhayandar West, Mira-Bhayandar - MPCB",2022-05-01,31,0,,,0,,,0,,,31,0.0,0.0,False,False,0.0,False
Maharashtra,Mira-Bhayandar,"Bhayandar West, Mira-Bhayandar - MPCB",2022-06-01,30,0,,,0,,,0,,,30,0.0,0.0,False,False,0.0,False
Maharashtra,Mira-Bhayandar,"Bhayandar West, Mira-Bhayandar - MPCB",2022-07-01,31,0,,,0,,,0,,,31,0.0,0.0,False,False,0.0,False
Maharashtra,Mira-Bhayandar,"Bhayandar West, Mira-Bhayandar - MPCB",2022-08-01,31,0,,,0,,,0,,,31,0.0,0.0,False,False,0.0,False
Maharashtra,Mira-Bhayandar,"Bhayandar West, Mira-Bhayandar - MPCB",2022-09-01,30,0,,,0,,,0,,,30,0.0,0.0,False,False,0.0,False
Maharashtra,Mira-Bhayandar,"Bhayandar West, Mira-Bhayandar - MPCB",2022-10-01,31,0,,,0,,,0,,,31,0.0,0.0,False,False,0.0,False
Maharashtra,Mira-Bhayandar,"Bhayandar West, Mira-Bhayandar - MPCB",2022-11-01,30,0,,,0,,,0,,,30,0.0,0.0,False,False,0.0,False
Maharashtra,Mira-Bhayandar,"Bhayandar West, Mira-Bhayandar - MPCB",2022-12-01,31,0,,,0,,,0,,,31,0.0,0.0,False,False,0.0,False
Maharashtra,Mira-Bhayandar,"Bhayandar West, Mira-Bhayandar - MPCB",2023-01-01,31,0,,,0,,,0,,,31,0.0,0.0,False,False,0.0,False
Maharashtra,Mira-Bhayandar,"Bhayandar West, Mira-Bhayandar - MPCB",2023-02-01,28,0,,,0,,,0,,,28,0.0,0.0,False,False,0.0,False
Maharashtra,Mira-Bhayandar,"Bhayandar West, Mira-Bhayandar - MPCB",2023-03-01,31,0,,,0,,,0,,,31,0.0,0.0,False,False,0.0,False
Maharashtra,Mira-Bhayandar,"Bhayandar West, Mira-Bhayandar - MPCB",2023-04-01,30,0,,,0,,,0,,,30,0.0,0.0,False,False,0.0,False
Maharashtra,Mira-Bhayandar,"Bhayandar West, Mira-Bhayandar - MPCB",2023-05-01,31,0,,,0,,,0,,,31,0.0,0.0,False,False,0.0,False
Maharashtra,Mira-Bhayandar,"Bhayandar West, Mira-Bhayandar - MPCB",2023-06-01,30,5,15.974,17.04,5,31.124000000000002,32.0,5,39.344,35.47,30,0.16666666666666666,0.16666666666666666,False,False,0.16666666666666666,False
Maharashtra,Mira-Bhayandar,"Bhayandar West, Mira-Bhayandar - MPCB",2023-07-01,31,30,19.141666666666666,20.18,30,38.684333333333335,37.795,30,40.580000000000005,39.965,31,0.967741935483871,0.967741935483871,True,True,0.967741935483871,True
Maharashtra,Mumbai,"Bandra Kurla Complex, Mumbai - MPCB",2021-08-01,31,0,,,0,,,0,,,31,0.0,0.0,False,False,0.0,False
Maharashtra,Mumbai,"Bandra Kurla Complex, Mumbai - MPCB",2021-09-01,30,0,,,0,,,0,,,30,0.0,0.0,False,False,0.0,False
Maharashtra,Mumbai,"Bandra Kurla Complex, Mumbai - MPCB",2021-10-01,31,0,,,0,,,0,,,31,0.0,0.0,False,False,0.0,False
Maharashtra,Mumbai,"Bandra Kurla Complex, Mumbai - MPCB",2021-11-01,30,0,,,0,,,0,,,30,0.0,0.0,False,False,0.0,False
Maharashtra,Mumbai,"Bandra Kurla Complex, Mumbai - MPCB",2021-12-01,31,0,,,0,,,0,,,31,0.0,0.0,False,False,0.0,False
Maharashtra,Mumbai,"Bandra Kurla Complex, Mumbai - MPCB",2022-01-01,31,0,,,0,,,0,,,31,0.0,0.0,False,False,0.0,False
Maharashtra,Mumbai,"Bandra Kurla Complex, Mumbai - MPCB",2022-02-01,28,0,,,0,,,0,,,28,0.0,0.0,False,False,0.0,False
Maharashtra,Mumbai,"Bandra Kurla Complex, Mumbai - MPCB",2022-03-01,31,0,,,0,,,0,,,31,0.0,0.0,False,False,0.0,False
Maharashtra,Mumbai,"Bandra Kurla Complex, Mumbai - MPCB",2022-04-01,30,0,,,0,,,0,,,30,0.0,0.0,False,False,0.0,False
Maharashtra,Mumbai,"Bandra Kurla Complex, Mumbai - MPCB",2022-05-01,31,0,,,0,,,0,,,31,0.0,0.0,False,False,0.0,False
Maharashtra,Mumbai,"Bandra Kurla Complex, Mumbai - MPCB",2022-06-01,30,0,,,0,,,0,,,30,0.0,0.0,False,False,0.0,False
Maharashtra,Mumbai,"Bandra Kurla Complex, Mumbai - MPCB",2022-07-01,31,0,,,0,,,0,,,31,0.0,0.0,False,False,0.0,False
Maharashtra,Mumbai,"Bandra Kurla Complex, Mumbai - MPCB",2022-08-01,31,0,,,0,,,0,,,31,0.0,0.0,False,False,0.0,False
Maharashtra,Mumbai,"Bandra Kurla Complex, Mumbai - MPCB",2022-09-01,30,0,,,0,,,0,,,30,0.0,0.0,False,False,0.0,False
Maharashtra,Mumbai,"Bandra Kurla Complex, Mumbai - MPCB",2022-10-01,31,0,,,0,,,0,,,31,0.0,0.0,False,False,0.0,False
Maharashtra,Mumbai,"Bandra Kurla Complex, Mumbai - MPCB",2022-11-01,30,0,,,0,,,0,,,30,0.0,0.0,False,False,0.0,False
Maharashtra,Mumbai,"Bandra Kurla Complex, Mumbai - MPCB",2022-12-01,31,0,,,0,,,0,,,31,0.0,0.0,False,False,0.0,False
Maharashtra,Mumbai,"Bandra Kurla Complex, Mumbai - MPCB",2023-01-01,31,0,,,0,,,0,,,31,0.0,0.0,False,False,0.0,False
Maharashtra,Mumbai,"Bandra Kurla Complex, Mumbai - MPCB",2023-02-01,28,0,,,0,,,0,,,28,0.0,0.0,False,False,0.0,False
Maharashtra,Mumbai,"Bandra Kurla Complex, Mumbai - MPCB",2023-03-01,31,0,,,0,,,0,,,31,0.0,0.0,False,False,0.0,False
Maharashtra,Mumbai,"Bandra Kurla Complex, Mumbai - MPCB",2023-04-01,30,0,,,0,,,0,,,30,0.0,0.0,False,False,0.0,False
Maharashtra,Mumbai,"Bandra Kurla Complex, Mumbai - MPCB",2023-05-01,31,0,,,0,,,0,,,31,0.0,0.0,False,False,0.0,False
Maharashtra,Mumbai,"Bandra Kurla Complex, Mumbai - MPCB",2023-06-01,30,10,14.879,15.46,10,39.194,35.325,10,61.42,60.62,30,0.3333333333333333,0.3333333333333333,False,False,0.3333333333333333,False
Maharashtra,Mumbai,"Bandra Kurla Complex, Mumbai - MPCB",2023-07-01,31,31,13.303870967741936,13.32,31,33.50741935483871,29.09,31,42.04248354730823,36.19,31,1.0,1.0,True,True,1.0,True
Maharashtra,Mumbai,"Borivali East, Mumbai - MPCB",2021-08-01,31,31,10.66741935483871,10.59,30,33.007333333333335,32.44,30,39.8165,38.3875,31,1.0,0.967741935483871,True,True,0.967741935483871,True
Maharashtra,Mumbai,"Borivali East, Mumbai - MPCB",2021-09-01,30,30,10.128333333333334,9.905000000000001,30,28.970333333333333,25.495,30,31.648000000000003,30.885,30,1.0,1.0,True,True,1.0,True
Maharashtra,Mumbai,"Borivali East, Mumbai - MPCB",2021-10-01,31,31,30.6658064516129,29.36,31,56.097096774193545,53.9,31,58.85205784204672,55.28,31,1.0,1.0,True,True,1.0,True
Maharashtra,Mumbai,"Borivali East, Mumbai - MPCB",2021-11-01,30,30,67.786,68.435,30,89.61733333333333,93.66499999999999,30,133.6818620689655,126.38155172413792,30,1.0,1.0,True,True,1.0,True
Maharashtra,Mumbai,"Borivali East, Mumbai - MPCB",2021-12-01,31,31,83.63870967741936,85.97,30,108.94233333333334,113.525,30,180.16121598503074,182.45310344827584,31,1.0,0.967741935483871,True,True,0.967741935483871,True
Maharashtra,Mumbai,"Borivali East, Mumbai - MPCB",2022-01-01,31,28,71.69571428571429,69.97,31,129.18129032258065,102.56,31,153.52537207838992,145.4134482758621,31,0.9032258064516129,1.0,True,True,1.0,True
Maharashtra,Mumbai,"Borivali East, Mumbai - MPCB",2022-02-01,28,28,55.09321428571428,56.345,28,112.39642857142857,102.78999999999999,28,111.87372017186702,104.80603563989817,28,1.0,1.0,True,True,1.0,True
Maharashtra,Mumbai,"Borivali East, Mumbai - MPCB",2022-03-01,31,31,64.45225806451613,62.8,31,129.67548387096775,124.71,31,142.89782920620226,134.2679865771812,31,1.0,1.0,True,True,1.0,True
Maharashtra,Mumbai,"Borivali East, Mumbai - MPCB",2022-04-01,30,30,41.93,39.32,27,108.95333333333332,94.58,27,104.58074305501985,94.58,30,1.0,0.9,True,True,0.9,True
Maharashtra,Mumbai,"Borivali East, Mumbai - MPCB",2022-05-01,31,31,24.78258064516129,22.12,31,115.33290322580646,103.56,31,106.8545529335354,102.70093959731544,31,1.0,1.0,True,True,1.0,True
Maharashtra,Mumbai,"Borivali East, Mumbai - MPCB",2022-06-01,30,30,11.357,11.024999999999999,30,36.501333333333335,31.974999999999998,30,38.14066666666667,33.735,30,1.0,1.0,True,True,1.0,True
Maharashtra,Mumbai,"Borivali East, Mumbai - MPCB",2022-07-01,31,27,8.371111111111112,8.78,31,33.049354838709675,33.02,31,33.35709677419354,33.02,31,0.8709677419354839,1.0,True,True,1.0,True
Maharashtra,Mumbai,"Borivali East, Mumbai - MPCB",2022-08-01,31,8,8.63875,8.785,27,30.495185185185186,28.66,27,30.495185185185186,28.66,31,0.25806451612903225,0.8709677419354839,False,True,0.8709677419354839,True
Maharashtra,Mumbai,"Borivali East, Mumbai - MPCB",2022-09-01,30,29,15.579655172413792,15.72,24,26.093333333333334,25.645,24,28.529409722222223,26.443333333333335,30,0.9666666666666667,0.8,True,True,0.8,True
Maharashtra,Mumbai,"Borivali East, Mumbai - MPCB",2022-10-01,31,31,31.124193548387098,30.74,31,43.49032258064516,43.64,31,52.40806358917316,51.0,31,1.0,1.0,True,True,1.0,True
Maharashtra,Mumbai,"Borivali East, Mumbai - MPCB",2022-11-01,30,30,70.96466666666667,68.83500000000001,30,93.67333333333333,88.835,30,141.54013793103448,127.74706896551724,30,1.0,1.0,True,True,1.0,True
Maharashtra,Mumbai,"Borivali East, Mumbai - MPCB",2022-12-01,31,31,74.14903225806451,65.58,29,103.02655172413793,95.74,29,150.71249590639846,116.6351724137931,31,1.0,0.9354838709677419,True,True,0.9354838709677419,True
Maharashtra,Mumbai,"Borivali East, Mumbai - MPCB",2023-01-01,31,31,71.79806451612903,70.69,28,125.19678571428572,120.945,28,148.01584958838893,135.18707590835453,31,1.0,0.9032258064516129,True,True,0.9032258064516129,True
Maharashtra,Mumbai,"Borivali East, Mumbai - MPCB",2023-02-01,28,28,54.49178571428571,54.83,28,115.79499999999999,115.235,28,114.584889906437,110.79369127516779,28,1.0,1.0,True,True,1.0,True
Maharashtra,Mumbai,"Borivali East, Mumbai - MPCB",2023-03-01,31,31,43.06838709677419,41.67,31,105.68032258064517,97.06,31,106.57286657061164,97.06,31,1.0,1.0,True,True,1.0,True
Maharashtra,Mumbai,"Borivali East, Mumbai - MPCB",2023-04-01,30,29,24.86758620689655,21.61,30,87.77166666666668,77.675,30,85.47233780760627,77.675,30,0.9666666666666667,1.0,True,True,1.0,True
Maharashtra,Mumbai,"Borivali East, Mumbai - MPCB",2023-05-01,31,31,14.015161290322581,12.54,31,63.599999999999994,60.06,31,63.59250054124269,60.06,31,1.0,1.0,True,True,1.0,True
Maharashtra,Mumbai,"Borivali East, Mumbai - MPCB",2023-06-01,30,30,8.056000000000001,7.515,30,58.567,62.29,30,58.61233333333333,62.29,30,1.0,1.0,True,True,1.0,True
Maharashtra,Mumbai,"Borivali East, Mumbai - MPCB",2023-07-01,31,31,7.041935483870968,7.29,31,42.08032258064516,38.81,31,42.11,38.81,31,1.0,1.0,True,True,1.0,True
Maharashtra,Mumbai,"Chakala-Andheri East, Mumbai - IITM",2021-08-01,31,31,17.475483870967743,16.8,31,35.024193548387096,34.95,31,46.983369175627246,50.0,31,1.0,1.0,True,True,1.0,True
Maharashtra,Mumbai,"Chakala-Andheri East, Mumbai - IITM",2021-09-01,30,30,17.921666666666667,16.95,30,35.63066666666667,33.724999999999994,30,41.805342592592595,43.0,30,1.0,1.0,True,True,1.0,True
Maharashtra,Mumbai,"Chakala-Andheri East, Mumbai - IITM",2021-10-01,31,30,42.297000000000004,44.065,30,90.61433333333333,92.065,30,89.29945049493838,92.065,31,0.967741935483871,0.967741935483871,True,True,0.967741935483871,True
Maharashtra,Mumbai,"Chakala-Andheri East, Mumbai - IITM",2021-11-01,30,30,60.567,66.61,30,135.17766666666665,149.135,30,126.87903972845791,132.9823154362416,30,1.0,1.0,True,True,1.0,True
Maharashtra,Mumbai,"Chakala-Andheri East, Mumbai - IITM",2021-12-01,31,31,75.42612903225806,79.3,31,158.87354838709678,167.56,31,161.31797112376913,163.47241379310344,31,1.0,1.0,True,True,1.0,True
Maharashtra,Mumbai,"Chakala-Andheri East, Mumbai - IITM",2022-01-01,31,29,86.69689655172414,78.62,29,176.04724137931035,163.74,29,176.11825721468915,161.15103448275863,31,0.9354838709677419,0.9354838709677419,True,True,0.9354838709677419,True
Maharashtra,Mumbai,"Chakala-Andheri East, Mumbai - IITM",2022-02-01,28,28,86.75250000000001,79.31,28,179.51642857142858,168.465,27,188.53867508817086,171.15344827586205,28,1.0,1.0,True,True,0.9642857142857143,True
Maharashtra,Mumbai,"Chakala-Andheri East, Mumbai - IITM",2022-03-01,31,28,102.61892857142857,108.66499999999999,28,203.06107142857144,214.325,28,238.31863726442984,261.3046551724138,31,0.9032258064516129,0.9032258064516129,True,True,0.9032258064516129,True
Maharashtra,Mumbai,"Chakala-Andheri East, Mumbai - IITM",2022-04-01,30,30,40.126,28.345,30,79.94166666666666,57.18,30,94.81918082592853,57.18,30,1.0,1.0,True,True,1.0,True
Maharashtra,Mumbai,"Chakala-Andheri East, Mumbai - IITM",2022-05-01,31,31,63.329354838709676,59.07,31,128.8009677419355,117.23,31,133.45273232679844,111.78369127516778,31,1.0,1.0,True,True,1.0,True
Maharashtra,Mumbai,"Chakala-Andheri East, Mumbai - IITM",2022-06-01,30,29,27.29586206896552,22.44,29,56.23310344827586,45.03,29,59.38496181439481,49.61,30,0.9666666666666667,0.9666666666666667,True,True,0.9666666666666667,True
Maharashtra,Mumbai,"Chakala-Andheri East, Mumbai - IITM",2022-07-01,31,10,49.308,34.75,10,101.637,73.03,10,105.84164221245082,73.03,31,0.3225806451612903,0.3225806451612903,False,False,0.3225806451612903,False
Maharashtra,Mumbai,"Chakala-Andheri East, Mumbai - IITM",2022-08-01,31,31,15.926129032258064,12.66,31,39.07419354838709,30.32,31,55.29032258064516,51.0,31,1.0,1.0,True,True,1.0,True
Maharashtra,Mumbai,"Chakala-Andheri East, Mumbai - IITM",2022-09-01,30,29,30.90758620689655,26.14,29,56.18827586206897,51.67,29,70.41595990813275,64.98,30,0.9666666666666667,0.9666666666666667,True,True,0.9666666666666667,True
Maharashtra,Mumbai,"Chakala-Andheri East, Mumbai - IITM",2022-10-01,31,31,56.160322580645165,44.13,31,68.71645161290323,55.83,31,121.17148312277008,91.89615384615385,31,1.0,1.0,True,True,1.0,True
Maharashtra,Mumbai,"Chakala-Andheri East, Mumbai - IITM",2022-11-01,30,30,92.82,92.69999999999999,30,139.13299999999998,128.57,30,213.3053702081577,209.87586206896555,30,1.0,1.0,True,True,1.0,True
Maharashtra,Mumbai,"Chakala-Andheri East, Mumbai - IITM",2022-12-01,31,31,113.24354838709678,113.44,31,191.05193548387095,205.5,31,250.64116279069765,277.6055172413793,31,1.0,1.0,True,True,1.0,True
Maharashtra,Mumbai,"Chakala-Andheri East, Mumbai - IITM",2023-01-01,31,31,123.54225806451613,119.75,31,188.0683870967742,189.56,31,282.4322676358745,299.1465517241379,31,1.0,1.0,True,True,1.0,True
Maharashtra,Mumbai,"Chakala-Andheri East, Mumbai - IITM",2023-02-01,28,28,103.08357142857143,103.1,28,175.85214285714284,178.935,28,243.79762761019543,242.30689655172415,28,1.0,1.0,True,True,1.0,True
Maharashtra,Mumbai,"Chakala-Andheri East, Mumbai - IITM",2023-03-01,31,14,34.81428571428571,28.950000000000003,14,106.19500000000001,68.69,14,109.58712543589374,68.69,31,0.45161290322580644,0.45161290322580644,False,False,0.45161290322580644,False
Maharashtra,Mumbai,"Chakala-Andheri East, Mumbai - IITM",2023-04-01,30,30,40.44766666666667,35.305,30,63.964000000000006,56.754999999999995,30,80.52581730442795,79.85555555555555,30,1.0,1.0,True,True,1.0,True
Maharashtra,Mumbai,"Chakala-Andheri East, Mumbai - IITM",2023-05-01,31,27,27.364074074074075,27.99,27,42.661111111111104,44.23,27,49.74732455709467,48.016666666666666,31,0.8709677419354839,0.8709677419354839,True,True,0.8709677419354839,True
Maharashtra,Mumbai,"Chakala-Andheri East, Mumbai - IITM",2023-06-01,30,18,24.71611111111111,23.43,18,38.15,36.185,18,94.46848726363494,99.45555555555555,30,0.6,0.6,False,False,0.6,False
Maharashtra,Mumbai,"Chakala-Andheri East, Mumbai - IITM",2023-07-01,31,30,12.686666666666667,8.655000000000001,30,14.676666666666668,13.795,30,80.9547392696057,72.265,31,0.967741935483871,0.967741935483871,True,True,0.967741935483871,True
Maharashtra,Mumbai,"Chembur, Mumbai - MPCB",2021-08-01,31,0,,,0,,,0,,,31,0.0,0.0,False,False,0.0,False
Maharashtra,Mumbai,"Chembur, Mumbai - MPCB",2021-09-01,30,0,,,0,,,0,,,30,0.0,0.0,False,False,0.0,False
Maharashtra,Mumbai,"Chembur, Mumbai - MPCB",2021-10-01,31,0,,,0,,,0,,,31,0.0,0.0,False,False,0.0,False
Maharashtra,Mumbai,"Chembur, Mumbai - MPCB",2021-11-01,30,0,,,0,,,0,,,30,0.0,0.0,False,False,0.0,False
Maharashtra,Mumbai,"Chembur, Mumbai - MPCB",2021-12-01,31,0,,,0,,,0,,,31,0.0,0.0,False,False,0.0,False
Maharashtra,Mumbai,"Chembur, Mumbai - MPCB",2022-01-01,31,0,,,0,,,0,,,31,0.0,0.0,False,False,0.0,False
Maharashtra,Mumbai,"Chembur, Mumbai - MPCB",2022-02-01,28,0,,,0,,,0,,,28,0.0,0.0,False,False,0.0,False
Maharashtra,Mumbai,"Chembur, Mumbai - MPCB",2022-03-01,31,0,,,0,,,0,,,31,0.0,0.0,False,False,0.0,False
Maharashtra,Mumbai,"Chembur, Mumbai - MPCB",2022-04-01,30,0,,,0,,,0,,,30,0.0,0.0,False,False,0.0,False
Maharashtra,Mumbai,"Chembur, Mumbai - MPCB",2022-05-01,31,0,,,0,,,0,,,31,0.0,0.0,False,False,0.0,False
Maharashtra,Mumbai,"Chembur, Mumbai - MPCB",2022-06-01,30,0,,,0,,,0,,,30,0.0,0.0,False,False,0.0,False
Maharashtra,Mumbai,"Chembur, Mumbai - MPCB",2022-07-01,31,0,,,0,,,0,,,31,0.0,0.0,False,False,0.0,False
Maharashtra,Mumbai,"Chembur, Mumbai - MPCB",2022-08-01,31,0,,,0,,,0,,,31,0.0,0.0,False,False,0.0,False
Maharashtra,Mumbai,"Chembur, Mumbai - MPCB",2022-09-01,30,0,,,0,,,0,,,30,0.0,0.0,False,False,0.0,False
Maharashtra,Mumbai,"Chembur, Mumbai - MPCB",2022-10-01,31,0,,,0,,,0,,,31,0.0,0.0,False,False,0.0,False
Maharashtra,Mumbai,"Chembur, Mumbai - MPCB",2022-11-01,30,0,,,0,,,0,,,30,0.0,0.0,False,False,0.0,False
Maharashtra,Mumbai,"Chembur, Mumbai - MPCB",2022-12-01,31,0,,,0,,,0,,,31,0.0,0.0,False,False,0.0,False
Maharashtra,Mumbai,"Chembur, Mumbai - MPCB",2023-01-01,31,0,,,0,,,0,,,31,0.0,0.0,False,False,0.0,False
Maharashtra,Mumbai,"Chembur, Mumbai - MPCB",2023-02-01,28,0,,,0,,,0,,,28,0.0,0.0,False,False,0.0,False
Maharashtra,Mumbai,"Chembur, Mumbai - MPCB",2023-03-01,31,0,,,0,,,0,,,31,0.0,0.0,False,False,0.0,False
Maharashtra,Mumbai,"Chembur, Mumbai - MPCB",2023-04-01,30,0,,,0,,,0,,,30,0.0,0.0,False,False,0.0,False
Maharashtra,Mumbai,"Chembur, Mumbai - MPCB",2023-05-01,31,0,,,0,,,0,,,31,0.0,0.0,False,False,0.0,False
Maharashtra,Mumbai,"Chembur, Mumbai - MPCB",2023-06-01,30,12,15.847500000000002,15.06,12,39.68,34.235,12,40.07486111111111,34.235,30,0.4,0.4,False,False,0.4,False
Maharashtra,Mumbai,"Chembur, Mumbai - MPCB",2023-07-01,31,27,14.621851851851853,15.26,27,33.968148148148146,31.19,27,35.05851851851852,31.19,31,0.8709677419354839,0.8709677419354839,True,True,0.8709677419354839,True
Maharashtra,Mumbai,"Chhatrapati Shivaji Intl. Airport (T2), Mumbai - MPCB",2021-08-01,31,31,16.27258064516129,15.61,31,61.34096774193548,57.9,31,83.26055532870559,82.03333333333333,31,1.0,1.0,True,True,1.0,True
Maharashtra,Mumbai,"Chhatrapati Shivaji Intl. Airport (T2), Mumbai - MPCB",2021-09-01,30,30,14.602666666666666,13.649999999999999,30,53.626999999999995,50.18,30,87.13294421003282,88.18833333333333,30,1.0,1.0,True,True,1.0,True
Maharashtra,Mumbai,"Chhatrapati Shivaji Intl. Airport (T2), Mumbai - MPCB",2021-10-01,31,31,34.211290322580645,32.2,31,123.82645161290323,124.3,31,118.4450191239085,116.48120805369128,31,1.0,1.0,True,True,1.0,True
Maharashtra,Mumbai,"Chhatrapati Shivaji Intl. Airport (T2), Mumbai - MPCB",2021-11-01,30,30,50.20066666666666,53.254999999999995,30,159.58533333333335,175.46499999999997,30,139.39511856823268,150.47674496644294,30,1.0,1.0,True,True,1.0,True
Maharashtra,Mumbai,"Chhatrapati Shivaji Intl. Airport (T2), Mumbai - MPCB",2021-12-01,31,31,60.43806451612903,62.97,31,191.22387096774193,202.54,31,160.84857328426068,168.4661744966443,31,1.0,1.0,True,True,1.0,True
Maharashtra,Mumbai,"Chhatrapati Shivaji Intl. Airport (T2), Mumbai - MPCB",2022-01-01,31,31,62.03548387096774,57.44,31,204.07516129032257,182.83,31,172.0091061305219,155.37026845637587,31,1.0,1.0,True,True,1.0,True
Maharashtra,Mumbai,"Chhatrapati Shivaji Intl. Airport (T2), Mumbai - MPCB",2022-02-01,28,27,56.184444444444445,55.35,28,197.37892857142856,191.565,28,168.58104547558438,161.17406040268457,28,0.9642857142857143,1.0,True,True,1.0,True
Maharashtra,Mumbai,"Chhatrapati Shivaji Intl. Airport (T2), Mumbai - MPCB",2022-03-01,31,31,56.024193548387096,58.55,31,202.3290322580645,214.44,31,169.04661182074042,176.37288590604027,31,1.0,1.0,True,True,1.0,True
Maharashtra,Mumbai,"Chhatrapati Shivaji Intl. Airport (T2), Mumbai - MPCB",2022-04-01,30,30,37.736,31.755000000000003,29,131.57620689655172,121.09,30,119.37469468131191,113.93976510067114,30,1.0,0.9666666666666667,True,True,1.0,True
Maharashtra,Mumbai,"Chhatrapati Shivaji Intl. Airport (T2), Mumbai - MPCB",2022-05-01,31,31,34.41225806451613,30.62,31,130.74322580645162,115.63,31,119.09037886988526,110.72060402684563,31,1.0,1.0,True,True,1.0,True
Maharashtra,Mumbai,"Chhatrapati Shivaji Intl. Airport (T2), Mumbai - MPCB",2022-06-01,30,30,14.950333333333333,14.785,30,56.904333333333334,53.765,30,57.52136465324385,53.765,30,1.0,1.0,True,True,1.0,True
Maharashtra,Mumbai,"Chhatrapati Shivaji Intl. Airport (T2), Mumbai - MPCB",2022-07-01,31,28,17.193571428571428,17.284999999999997,31,59.675483870967746,56.9,31,62.141347031889694,56.9,31,0.9032258064516129,1.0,True,True,1.0,True
Maharashtra,Mumbai,"Chhatrapati Shivaji Intl. Airport (T2), Mumbai - MPCB",2022-08-01,31,31,16.40451612903226,14.75,31,59.00967741935484,46.81,31,58.26389694739121,46.81,31,1.0,1.0,True,True,1.0,True
Maharashtra,Mumbai,"Chhatrapati Shivaji Intl. Airport (T2), Mumbai - MPCB",2022-09-01,30,30,18.679,18.55,30,65.836,61.43,30,65.54295078299776,61.43,30,1.0,1.0,True,True,1.0,True
Maharashtra,Mumbai,"Chhatrapati Shivaji Intl. Airport (T2), Mumbai - MPCB",2022-10-01,31,31,38.78290322580645,31.13,31,159.3416129032258,146.44,31,142.24208572277297,131.191677852349,31,1.0,1.0,True,True,1.0,True
Maharashtra,Mumbai,"Chhatrapati Shivaji Intl. Airport (T2), Mumbai - MPCB",2022-11-01,30,30,58.474000000000004,58.58,29,219.46206896551723,224.17,30,178.41921268224948,180.92422818791948,30,1.0,0.9666666666666667,True,True,1.0,True
Maharashtra,Mumbai,"Chhatrapati Shivaji Intl. Airport (T2), Mumbai - MPCB",2022-12-01,31,31,63.07387096774193,62.25,31,218.65967741935484,219.35,31,181.2978025546655,179.63523489932885,31,1.0,1.0,True,True,1.0,True
Maharashtra,Mumbai,"Chhatrapati Shivaji Intl. Airport (T2), Mumbai - MPCB",2023-01-01,31,31,62.50387096774193,62.88,31,229.16548387096773,234.55,31,188.79245940679803,189.73456375838927,31,1.0,1.0,True,True,1.0,True
Maharashtra,Mumbai,"Chhatrapati Shivaji Intl. Airport (T2), Mumbai - MPCB",2023-02-01,28,28,60.27357142857143,61.875,28,235.0207142857143,240.89,28,192.1390028763183,193.94704697986577,28,1.0,1.0,True,True,1.0,True
Maharashtra,Mumbai,"Chhatrapati Shivaji Intl. Airport (T2), Mumbai - MPCB",2023-03-01,31,31,44.9483870967742,36.29,31,173.01838709677418,148.35,31,152.11721801255683,132.46073825503356,31,1.0,1.0,True,True,1.0,True
Maharashtra,Mumbai,"Chhatrapati Shivaji Intl. Airport (T2), Mumbai - MPCB",2023-04-01,30,30,30.549333333333333,28.86,30,131.11433333333332,125.245,30,119.29151454138703,117.10909395973155,30,1.0,1.0,True,True,1.0,True
Maharashtra,Mumbai,"Chhatrapati Shivaji Intl. Airport (T2), Mumbai - MPCB",2023-05-01,31,30,15.679333333333334,14.27,30,82.11866666666667,78.065,30,83.91198451213216,79.575,31,0.967741935483871,0.967741935483871,True,True,0.967741935483871,True
Maharashtra,Mumbai,"Chhatrapati Shivaji Intl. Airport (T2), Mumbai - MPCB",2023-06-01,30,27,14.60925925925926,14.96,27,69.3711111111111,73.57,27,72.90750269284945,73.57,30,0.9,0.9,True,True,0.9,True
Maharashtra,Mumbai,"Chhatrapati Shivaji Intl. Airport (T2), Mumbai - MPCB",2023-07-01,31,31,14.111612903225808,14.18,31,47.05838709677419,44.25,31,57.830788530465945,55.89999999999999,31,1.0,1.0,True,True,1.0,True
Maharashtra,Mumbai,"Deonar, Mumbai - IITM",2021-08-01,31,30,21.377666666666666,20.945,30,40.13666666666666,39.065,30,40.592666666666666,39.065,31,0.967741935483871,0.967741935483871,True,True,0.967741935483871,True
Maharashtra,Mumbai,"Deonar, Mumbai - IITM",2021-09-01,30,30,13.497000000000002,11.17,30,25.869000000000003,21.575000000000003,30,46.27481481481482,45.5,30,1.0,1.0,True,True,1.0,True
Maharashtra,Mumbai,"Deonar, Mumbai - IITM",2021-10-01,31,31,40.568709677419356,44.89,31,81.84290322580645,85.91,31,89.60706722773419,85.91,31,1.0,1.0,True,True,1.0,True
Maharashtra,Mumbai,"Deonar, Mumbai - IITM",2021-11-01,30,30,64.696,68.94999999999999,30,135.25766666666667,149.16,30,137.76763150676712,133.40090604026847,30,1.0,1.0,True,True,1.0,True
Maharashtra,Mumbai,"Deonar, Mumbai - IITM",2021-12-01,31,31,76.56193548387097,80.02,31,153.11741935483872,161.49,31,167.6008535352385,165.9303448275862,31,1.0,1.0,True,True,1.0,True
Maharashtra,Mumbai,"Deonar, Mumbai - IITM",2022-01-01,31,31,89.48322580645161,78.26,31,167.61548387096775,154.68,31,178.88928279766304,159.92206896551727,31,1.0,1.0,True,True,1.0,True
Maharashtra,Mumbai,"Deonar, Mumbai - IITM",2022-02-01,28,28,83.79464285714286,78.475,28,156.90571428571428,155.085,28,181.0196253014968,160.65603448275863,28,1.0,1.0,True,True,1.0,True
Maharashtra,Mumbai,"Deonar, Mumbai - IITM",2022-03-01,31,31,79.81,85.21,31,150.32096774193548,163.56,31,169.57297163390592,183.64793103448272,31,1.0,1.0,True,True,1.0,True
Maharashtra,Mumbai,"Deonar, Mumbai - IITM",2022-04-01,30,30,53.342,45.575,30,98.481,83.745,30,123.78180414102219,106.0753164556962,30,1.0,1.0,True,True,1.0,True
Maharashtra,Mumbai,"Deonar, Mumbai - IITM",2022-05-01,31,30,50.73966666666667,43.75,30,94.55199999999999,82.25,30,111.4541944045116,99.41111111111111,31,0.967741935483871,0.967741935483871,True,True,0.967741935483871,True
Maharashtra,Mumbai,"Deonar, Mumbai - IITM",2022-06-01,30,28,17.018214285714286,15.13,28,31.913571428571426,28.265,28,64.22257963140513,61.07222222222222,30,0.9333333333333333,0.9333333333333333,True,True,0.9333333333333333,True
Maharashtra,Mumbai,"Deonar, Mumbai - IITM",2022-07-01,31,8,16.7625,16.73,8,30.65375,30.409999999999997,8,45.52972222222222,40.94,31,0.25806451612903225,0.25806451612903225,False,False,0.25806451612903225,False
Maharashtra,Mumbai,"Deonar, Mumbai - IITM",2022-08-01,31,1,15.5,15.5,1,29.85,29.85,1,68.96666666666667,68.96666666666667,31,0.03225806451612903,0.03225806451612903,False,False,0.03225806451612903,False
Maharashtra,Mumbai,"Deonar, Mumbai - IITM",2022-09-01,30,17,22.70764705882353,18.2,17,46.3235294117647,38.08,17,47.577058823529406,38.08,30,0.5666666666666667,0.5666666666666667,False,False,0.5666666666666667,False
Maharashtra,Mumbai,"Deonar, Mumbai - IITM",2022-10-01,31,31,48.04322580645161,38.43,31,103.4932258064516,79.24,31,109.74318526075243,82.57777777777777,31,1.0,1.0,True,True,1.0,True
Maharashtra,Mumbai,"Deonar, Mumbai - IITM",2022-11-01,30,30,102.56833333333334,94.265,30,209.71566666666666,195.275,30,232.89181635926224,212.14603448275864,30,1.0,1.0,True,True,1.0,True
Maharashtra,Mumbai,"Deonar, Mumbai - IITM",2022-12-01,31,31,141.95419354838708,143.3,31,234.6683870967742,245.62,31,308.72251985410145,318.1139534883721,31,1.0,1.0,True,True,1.0,True
Maharashtra,Mumbai,"Deonar, Mumbai - IITM",2023-01-01,31,26,163.16153846153844,162.52499999999998,26,252.73846153846154,254.85000000000002,26,333.22951699463323,332.86802325581397,31,0.8387096774193549,0.8387096774193549,True,True,0.8387096774193549,True
Maharashtra,Mumbai,"Deonar, Mumbai - IITM",2023-02-01,28,27,156.29185185185185,157.14,27,246.22296296296295,247.48,27,327.77297098220913,328.7353488372093,28,0.9642857142857143,0.9642857142857143,True,True,0.9642857142857143,True
Maharashtra,Mumbai,"Deonar, Mumbai - IITM",2023-03-01,31,28,117.4025,104.74000000000001,28,185.0832142857143,168.36,28,240.60209245045252,247.90551724137933,31,0.9032258064516129,0.9032258064516129,True,True,0.9032258064516129,True
Maharashtra,Mumbai,"Deonar, Mumbai - IITM",2023-04-01,30,14,68.48285714285714,66.30000000000001,14,107.36142857142856,102.87,14,131.14714285714285,119.09310344827588,30,0.4666666666666667,0.4666666666666667,False,False,0.4666666666666667,False
Maharashtra,Mumbai,"Deonar, Mumbai - IITM",2023-05-01,31,29,53.327241379310344,50.96,29,83.23724137931035,79.73,29,93.55928415539066,84.72551724137932,31,0.9354838709677419,0.9354838709677419,True,True,0.9354838709677419,True
Maharashtra,Mumbai,"Deonar, Mumbai - IITM",2023-06-01,30,24,37.151666666666664,37.72,24,57.80708333333333,57.675,24,103.13560937929418,112.15316455696203,30,0.8,0.8,True,True,0.8,True
Maharashtra,Mumbai,"Deonar, Mumbai - IITM",2023-07-01,31,31,25.993548387096773,25.64,31,39.5758064516129,39.16,31,48.590703131684776,45.63333333333333,31,1.0,1.0,True,True,1.0,True
Maharashtra,Mumbai,"Kandivali East, Mumbai - MPCB",2021-08-01,31,31,17.677419354838708,16.84,31,55.332258064516125,54.88,31,55.729032258064514,54.88,31,1.0,1.0,True,True,1.0,True
Maharashtra,Mumbai,"Kandivali East, Mumbai - MPCB",2021-09-01,30,30,15.024333333333335,14.745000000000001,30,46.133,40.629999999999995,30,47.397666666666666,40.629999999999995,30,1.0,1.0,True,True,1.0,True
Maharashtra,Mumbai,"Kandivali East, Mumbai - MPCB",2021-10-01,31,31,36.862258064516126,33.18,29,91.65413793103447,86.75,31,87.57370396637577,86.75,31,1.0,0.9354838709677419,True,True,1.0,True
Maharashtra,Mumbai,"Kandivali East, Mumbai - MPCB",2021-11-01,30,24,69.81041666666667,74.9,24,130.04833333333332,130.04000000000002,24,145.5725732855049,148.45172413793102,30,0.8,0.8,True,True,0.8,True
Maharashtra,Mumbai,"Kandivali East, Mumbai - MPCB",2021-12-01,31,29,90.40413793103447,96.63,28,157.15785714285715,165.98,29,202.62727694720047,220.21965517241378,31,0.9354838709677419,0.9032258064516129,True,True,0.9354838709677419,True
Maharashtra,Mumbai,"Kandivali East, Mumbai - MPCB",2022-01-01,31,0,,,0,,,0,,,31,0.0,0.0,False,False,0.0,False
Maharashtra,Mumbai,"Kandivali East, Mumbai - MPCB",2022-02-01,28,27,61.54925925925926,64.45,26,161.73576923076922,152.55,26,142.52089010734696,136.17489932885906,28,0.9642857142857143,0.9285714285714286,True,True,0.9285714285714286,True
Maharashtra,Mumbai,"Kandivali East, Mumbai - MPCB",2022-03-01,31,30,67.916,68.81,25,195.81799999999998,193.04,25,173.98510974311503,176.20586206896553,31,0.967741935483871,0.8064516129032258,True,True,0.8064516129032258,True
Maharashtra,Mumbai,"Kandivali East, Mumbai - MPCB",2022-04-01,30,24,35.025,27.985,4,242.68,200.435,15,102.44116912047103,56.52820512820513,30,0.8,0.13333333333333333,True,False,0.5,False
Maharashtra,Mumbai,"Kandivali East, Mumbai - MPCB",2022-05-01,31,31,23.796774193548384,21.3,12,92.44416666666666,84.785,20,80.71312531821339,79.60379310344828,31,1.0,0.3870967741935484,True,False,0.6451612903225806,False
Maharashtra,Mumbai,"Kandivali East, Mumbai - MPCB",2022-06-01,30,7,9.428571428571429,8.21,26,50.934230769230766,43.19,26,55.25082860092927,46.75,30,0.23333333333333334,0.8666666666666667,False,True,0.8666666666666667,True
Maharashtra,Mumbai,"Kandivali East, Mumbai - MPCB",2022-07-01,31,17,9.377058823529412,8.28,7,60.46,61.17,11,68.4040404040404,65.98,31,0.5483870967741935,0.22580645161290322,False,False,0.3548387096774194,False
Maharashtra,Mumbai,"Kandivali East, Mumbai - MPCB",2022-08-01,31,14,11.418571428571429,11.24,30,51.98566666666667,45.635000000000005,30,52.00433333333333,45.635000000000005,31,0.45161290322580644,0.967741935483871,False,True,0.967741935483871,True
Maharashtra,Mumbai,"Kandivali East, Mumbai - MPCB",2022-09-01,30,18,21.190555555555555,22.335,29,65.01379310344828,57.34,28,65.5113878235858,60.21,30,0.6,0.9666666666666667,False,True,0.9333333333333333,True
Maharashtra,Mumbai,"Kandivali East, Mumbai - MPCB",2022-10-01,31,31,41.20225806451613,29.96,20,114.846,99.28999999999999,31,88.99540191574161,82.48,31,1.0,0.6451612903225806,True,False,1.0,True
Maharashtra,Mumbai,"Kandivali East, Mumbai - MPCB",2022-11-01,30,29,70.93172413793103,71.1,30,169.987,174.025,30,160.6574949471573,156.1156896551724,30,0.9666666666666667,1.0,True,True,1.0,True
Maharashtra,Mumbai,"Kandivali East, Mumbai - MPCB",2022-12-01,31,31,74.29903225806451,65.31,31,178.05612903225807,171.32,31,175.34185373061618,164.53275167785236,31,1.0,1.0,True,True,1.0,True
Maharashtra,Mumbai,"Kandivali East, Mumbai - MPCB",2023-01-01,31,31,83.25903225806452,87.38,31,195.5483870967742,196.64,31,188.99434755992863,191.0558620689655,31,1.0,1.0,True,True,1.0,True
Maharashtra,Mumbai,"Kandivali East, Mumbai - MPCB",2023-02-01,28,13,72.47307692307692,77.26,13,172.41846153846154,178.3,13,164.72163459313194,156.50827586206898,28,0.4642857142857143,0.4642857142857143,False,False,0.4642857142857143,False
Maharashtra,Mumbai,"Kandivali East, Mumbai - MPCB",2023-03-01,31,28,56.527857142857144,51.730000000000004,28,157.1275,144.075,28,148.8710820987702,129.62030201342282,31,0.9032258064516129,0.9032258064516129,True,True,0.9032258064516129,True
Maharashtra,Mumbai,"Kandivali East, Mumbai - MPCB",2023-04-01,30,30,34.13733333333333,28.79,30,122.70366666666668,111.66499999999999,30,113.16619463087248,108.08614093959731,30,1.0,1.0,True,True,1.0,True
Maharashtra,Mumbai,"Kandivali East, Mumbai - MPCB",2023-05-01,31,31,17.220967741935485,15.11,31,77.54193548387097,71.76,31,76.67641186626032,71.76,31,1.0,1.0,True,True,1.0,True
Maharashtra,Mumbai,"Kandivali East, Mumbai - MPCB",2023-06-01,30,30,17.858333333333334,17.88,30,81.64033333333333,80.655,30,81.40947874720358,80.655,30,1.0,1.0,True,True,1.0,True
Maharashtra,Mumbai,"Kandivali East, Mumbai - MPCB",2023-07-01,31,31,14.213225806451613,14.05,31,46.156129032258065,41.79,31,54.718870967741935,51.0,31,1.0,1.0,True,True,1.0,True
Maharashtra,Mumbai,"Kherwadi_Bandra East, Mumbai - MPCB",2021-08-01,31,0,,,0,,,0,,,31,0.0,0.0,False,False,0.0,False
Maharashtra,Mumbai,"Kherwadi_Bandra East, Mumbai - MPCB",2021-09-01,30,0,,,0,,,0,,,30,0.0,0.0,False,False,0.0,False
Maharashtra,Mumbai,"Kherwadi_Bandra East, Mumbai - MPCB",2021-10-01,31,0,,,0,,,0,,,31,0.0,0.0,False,False,0.0,False
Maharashtra,Mumbai,"Kherwadi_Bandra East, Mumbai - MPCB",2021-11-01,30,0,,,0,,,0,,,30,0.0,0.0,False,False,0.0,False
Maharashtra,Mumbai,"Kherwadi_Bandra East, Mumbai - MPCB",2021-12-01,31,0,,,0,,,0,,,31,0.0,0.0,False,False,0.0,False
Maharashtra,Mumbai,"Kherwadi_Bandra East, Mumbai - MPCB",2022-01-01,31,0,,,0,,,0,,,31,0.0,0.0,False,False,0.0,False
Maharashtra,Mumbai,"Kherwadi_Bandra East, Mumbai - MPCB",2022-02-01,28,0,,,0,,,0,,,28,0.0,0.0,False,False,0.0,False
Maharashtra,Mumbai,"Kherwadi_Bandra East, Mumbai - MPCB",2022-03-01,31,0,,,0,,,0,,,31,0.0,0.0,False,False,0.0,False
Maharashtra,Mumbai,"Kherwadi_Bandra East, Mumbai - MPCB",2022-04-01,30,0,,,0,,,0,,,30,0.0,0.0,False,False,0.0,False
Maharashtra,Mumbai,"Kherwadi_Bandra East, Mumbai - MPCB",2022-05-01,31,0,,,0,,,0,,,31,0.0,0.0,False,False,0.0,False
Maharashtra,Mumbai,"Kherwadi_Bandra East, Mumbai - MPCB",2022-06-01,30,0,,,0,,,0,,,30,0.0,0.0,False,False,0.0,False
Maharashtra,Mumbai,"Kherwadi_Bandra East, Mumbai - MPCB",2022-07-01,31,0,,,0,,,0,,,31,0.0,0.0,False,False,0.0,False
Maharashtra,Mumbai,"Kherwadi_Bandra East, Mumbai - MPCB",2022-08-01,31,0,,,0,,,0,,,31,0.0,0.0,False,False,0.0,False
Maharashtra,Mumbai,"Kherwadi_Bandra East, Mumbai - MPCB",2022-09-01,30,0,,,0,,,0,,,30,0.0,0.0,False,False,0.0,False
Maharashtra,Mumbai,"Kherwadi_Bandra East, Mumbai - MPCB",2022-10-01,31,0,,,0,,,0,,,31,0.0,0.0,False,False,0.0,False
Maharashtra,Mumbai,"Kherwadi_Bandra East, Mumbai - MPCB",2022-11-01,30,0,,,0,,,0,,,30,0.0,0.0,False,False,0.0,False
Maharashtra,Mumbai,"Kherwadi_Bandra East, Mumbai - MPCB",2022-12-01,31,0,,,0,,,0,,,31,0.0,0.0,False,False,0.0,False
Maharashtra,Mumbai,"Kherwadi_Bandra East, Mumbai - MPCB",2023-01-01,31,0,,,0,,,0,,,31,0.0,0.0,False,False,0.0,False
Maharashtra,Mumbai,"Kherwadi_Bandra East, Mumbai - MPCB",2023-02-01,28,0,,,0,,,0,,,28,0.0,0.0,False,False,0.0,False
Maharashtra,Mumbai,"Kherwadi_Bandra East, Mumbai - MPCB",2023-03-01,31,0,,,0,,,0,,,31,0.0,0.0,False,False,0.0,False
Maharashtra,Mumbai,"Kherwadi_Bandra East, Mumbai - MPCB",2023-04-01,30,0,,,0,,,0,,,30,0.0,0.0,False,False,0.0,False
Maharashtra,Mumbai,"Kherwadi_Bandra East, Mumbai - MPCB",2023-05-01,31,0,,,0,,,0,,,31,0.0,0.0,False,False,0.0,False
Maharashtra,Mumbai,"Kherwadi_Bandra East, Mumbai - MPCB",2023-06-01,30,11,13.840000000000002,14.25,11,47.75272727272727,43.23,11,47.76636363636363,43.23,30,0.36666666666666664,0.36666666666666664,False,False,0.36666666666666664,False
Maharashtra,Mumbai,"Kherwadi_Bandra East, Mumbai - MPCB",2023-07-01,31,29,11.755862068965518,11.65,29,36.80965517241379,34.39,29,36.80965517241379,34.39,31,0.9354838709677419,0.9354838709677419,True,True,0.9354838709677419,True
Maharashtra,Mumbai,"Kurla, Mumbai - MPCB",2021-08-01,31,24,21.635,21.939999999999998,23,91.4191304347826,84.26,23,87.68674569594397,84.26,31,0.7741935483870968,0.7419354838709677,True,False,0.7419354838709677,False
Maharashtra,Mumbai,"Kurla, Mumbai - MPCB",2021-09-01,30,24,25.721666666666668,27.07,24,170.055,161.215,24,148.63721547305525,141.00862416107384,30,0.8,0.8,True,True,0.8,True
Maharashtra,Mumbai,"Kurla, Mumbai - MPCB",2021-10-01,31,24,48.69958333333333,43.44,24,147.33833333333334,147.655,24,131.44044241302169,133.12528234205047,31,0.7741935483870968,0.7741935483870968,True,True,0.7741935483870968,True
Maharashtra,Mumbai,"Kurla, Mumbai - MPCB",2021-11-01,30,30,79.964,81.50999999999999,30,164.80833333333334,165.015,30,179.3689644550466,171.01689655172413,30,1.0,1.0,True,True,1.0,True
Maharashtra,Mumbai,"Kurla, Mumbai - MPCB",2021-12-01,31,31,101.11999999999999,98.48,31,205.0251612903226,196.26,31,231.80388508953203,226.5351724137931,31,1.0,1.0,True,True,1.0,True
Maharashtra,Mumbai,"Kurla, Mumbai - MPCB",2022-01-01,31,29,84.26724137931035,89.23,30,222.679,205.21,30,216.26582128652578,214.75758620689658,31,0.9354838709677419,0.967741935483871,True,True,0.967741935483871,True
Maharashtra,Mumbai,"Kurla, Mumbai - MPCB",2022-02-01,28,27,73.59592592592593,71.23,27,236.49444444444447,226.59,27,198.02124002502848,184.44570469798657,28,0.9642857142857143,0.9642857142857143,True,True,0.9642857142857143,True
Maharashtra,Mumbai,"Kurla, Mumbai - MPCB",2022-03-01,31,31,68.18354838709678,69.9,31,219.1709677419355,209.46,31,186.53484017498243,188.49551724137928,31,1.0,1.0,True,True,1.0,True
Maharashtra,Mumbai,"Kurla, Mumbai - MPCB",2022-04-01,30,25,33.5204,28.33,25,129.57319999999999,128.01,25,119.02944161073825,118.94624161073826,30,0.8333333333333334,0.8333333333333334,True,True,0.8333333333333334,True
Maharashtra,Mumbai,"Kurla, Mumbai - MPCB",2022-05-01,31,31,29.223548387096773,24.47,30,122.95333333333333,114.235,31,111.4905585624594,108.69409395973155,31,1.0,0.967741935483871,True,True,1.0,True
Maharashtra,Mumbai,"Kurla, Mumbai - MPCB",2022-06-01,30,30,14.722666666666667,14.870000000000001,30,42.437999999999995,27.185000000000002,30,55.90520059656972,40.635000000000005,30,1.0,1.0,True,True,1.0,True
Maharashtra,Mumbai,"Kurla, Mumbai - MPCB",2022-07-01,31,28,17.49142857142857,18.880000000000003,21,85.55333333333333,34.48,28,107.2244624405844,112.02244147157191,31,0.9032258064516129,0.6774193548387096,True,False,0.9032258064516129,True
Maharashtra,Mumbai,"Kurla, Mumbai - MPCB",2022-08-01,31,31,32.12774193548387,21.24,31,223.33483870967743,58.75,31,173.557104348508,58.75,31,1.0,1.0,True,True,1.0,True
Maharashtra,Mumbai,"Kurla, Mumbai - MPCB",2022-09-01,30,30,22.39,21.39,30,31.932000000000002,28.990000000000002,30,41.761850574712646,36.86666666666666,30,1.0,1.0,True,True,1.0,True
Maharashtra,Mumbai,"Kurla, Mumbai - MPCB",2022-10-01,31,31,39.14806451612903,39.83,30,55.236,53.36,31,69.65645532072674,65.9196551724138,31,1.0,0.967741935483871,True,True,1.0,True
Maharashtra,Mumbai,"Kurla, Mumbai - MPCB",2022-11-01,30,29,39.492758620689656,38.74,28,230.77035714285714,253.305,29,195.3382119592772,201.71,30,0.9666666666666667,0.9333333333333333,True,True,0.9666666666666667,True
Maharashtra,Mumbai,"Kurla, Mumbai - MPCB",2022-12-01,31,30,49.10333333333333,43.285,29,285.598275862069,296.53,31,234.78589025044016,242.85000000000002,31,0.967741935483871,0.9354838709677419,True,True,1.0,True
Maharashtra,Mumbai,"Kurla, Mumbai - MPCB",2023-01-01,31,31,33.23258064516129,31.6,27,252.51000000000002,248.49,31,191.5732585241178,195.09651006711408,31,1.0,0.8709677419354839,True,True,1.0,True
Maharashtra,Mumbai,"Kurla, Mumbai - MPCB",2023-02-01,28,28,32.76035714285714,33.33,28,275.70214285714286,277.58,28,229.15519454591794,227.57999999999998,28,1.0,1.0,True,True,1.0,True
Maharashtra,Mumbai,"Kurla, Mumbai - MPCB",2023-03-01,31,31,23.208064516129035,19.21,31,196.0767741935484,166.55,31,169.49756586032925,144.553355704698,31,1.0,1.0,True,True,1.0,True
Maharashtra,Mumbai,"Kurla, Mumbai - MPCB",2023-04-01,30,30,31.351333333333333,23.060000000000002,30,173.82433333333333,167.95499999999998,30,158.7628878773488,151.23419463087248,30,1.0,1.0,True,True,1.0,True
Maharashtra,Mumbai,"Kurla, Mumbai - MPCB",2023-05-01,31,30,29.88,23.455,30,179.154,175.95,30,155.9344522065485,151.43684563758387,31,0.967741935483871,0.967741935483871,True,True,0.967741935483871,True
Maharashtra,Mumbai,"Kurla, Mumbai - MPCB",2023-06-01,30,30,13.651000000000002,11.545,30,117.19533333333334,111.605,30,107.66317673378077,108.04627516778524,30,1.0,1.0,True,True,1.0,True
Maharashtra,Mumbai,"Kurla, Mumbai - MPCB",2023-07-01,31,31,13.61516129032258,11.04,31,64.78645161290324,56.85,31,64.42159558345962,56.85,31,1.0,1.0,True,True,1.0,True
Maharashtra,Mumbai,"Malad West, Mumbai - IITM",2021-08-01,31,27,22.886296296296294,19.45,27,40.778888888888886,39.09,27,50.74902511707109,46.19,31,0.8709677419354839,0.8709677419354839,True,True,0.8709677419354839,True
Maharashtra,Mumbai,"Malad West, Mumbai - IITM",2021-09-01,30,0,,,0,,,0,,,30,0.0,0.0,False,False,0.0,False
Maharashtra,Mumbai,"Malad West, Mumbai - IITM",2021-10-01,31,0,,,0,,,0,,,31,0.0,0.0,False,False,0.0,False
Maharashtra,Mumbai,"Malad West, Mumbai - IITM",2021-11-01,30,7,56.87285714285714,57.81,7,137.31857142857143,137.31,7,147.1605590637088,144.15469798657716,30,0.23333333333333334,0.23333333333333334,False,False,0.23333333333333334,False
Maharashtra,Mumbai,"Malad West, Mumbai - IITM",2021-12-01,31,31,20.7958064516129,16.56,31,139.13,143.33,31,127.24157333651858,129.12530201342284,31,1.0,1.0,True,True,1.0,True
Maharashtra,Mumbai,"Malad West, Mumbai - IITM",2022-01-01,31,31,36.00741935483871,16.52,30,150.44766666666666,137.5,31,141.61047752053113,124.66697986577182,31,1.0,0.967741935483871,True,True,1.0,True
Maharashtra,Mumbai,"Malad West, Mumbai - IITM",2022-02-01,28,28,65.075,66.91,28,138.255,127.47,28,138.29922868383642,129.5734482758621,28,1.0,1.0,True,True,1.0,True
Maharashtra,Mumbai,"Malad West, Mumbai - IITM",2022-03-01,31,31,58.483548387096775,61.5,31,156.88129032258064,154.99,31,145.02073228270038,136.87255033557048,31,1.0,1.0,True,True,1.0,True
Maharashtra,Mumbai,"Malad West, Mumbai - IITM",2022-04-01,30,30,25.526666666666664,27.240000000000002,21,142.9038095238095,131.53,30,100.34072035794183,112.42486577181208,30,1.0,0.7,True,False,1.0,True
Maharashtra,Mumbai,"Malad West, Mumbai - IITM",2022-05-01,31,24,14.541666666666666,13.385,24,176.84458333333336,157.77,24,154.25118288590605,138.7196644295302,31,0.7741935483870968,0.7741935483870968,True,True,0.7741935483870968,True
Maharashtra,Mumbai,"Malad West, Mumbai - IITM",2022-06-01,30,29,16.626206896551725,16.45,29,70.23103448275862,48.75,29,71.29388361747537,53.17777777777777,30,0.9666666666666667,0.9666666666666667,True,True,0.9666666666666667,True
Maharashtra,Mumbai,"Malad West, Mumbai - IITM",2022-07-01,31,29,11.93655172413793,12.03,30,35.28,33.705,30,39.654074074074074,37.21333333333333,31,0.9354838709677419,0.967741935483871,True,True,0.967741935483871,True
Maharashtra,Mumbai,"Malad West, Mumbai - IITM",2022-08-01,31,23,9.624347826086955,10.61,31,40.884838709677425,31.48,31,54.81912414904621,51.0,31,0.7419354838709677,1.0,False,True,1.0,True
Maharashtra,Mumbai,"Malad West, Mumbai - IITM",2022-09-01,30,20,18.0505,17.715000000000003,30,46.92133333333334,43.61,30,69.9887402719175,58.035,30,0.6666666666666666,1.0,False,True,1.0,True
Maharashtra,Mumbai,"Malad West, Mumbai - IITM",2022-10-01,31,27,11.097407407407408,12.17,31,80.16677419354839,64.22,31,82.45565418200188,68.62,31,0.8709677419354839,1.0,True,True,1.0,True
Maharashtra,Mumbai,"Malad West, Mumbai - IITM",2022-11-01,30,29,45.42172413793104,42.45,30,138.572,144.285,30,130.0086616523953,129.7598322147651,30,0.9666666666666667,1.0,True,True,1.0,True
Maharashtra,Mumbai,"Malad West, Mumbai - IITM",2022-12-01,31,26,69.85307692307693,72.51,26,179.3326923076923,183.635,26,175.40571947376853,161.59929530201342,31,0.8387096774193549,0.8387096774193549,True,True,0.8387096774193549,True
Maharashtra,Mumbai,"Malad West, Mumbai - IITM",2023-01-01,31,31,58.33032258064516,57.45,31,184.76419354838708,181.5,31,158.6781067703862,154.48657718120805,31,1.0,1.0,True,True,1.0,True
Maharashtra,Mumbai,"Malad West, Mumbai - IITM",2023-02-01,28,24,49.93,50.7,28,179.6885714285714,178.385,28,153.4325790987536,152.4168791946309,28,0.8571428571428571,1.0,True,True,1.0,True
Maharashtra,Mumbai,"Malad West, Mumbai - IITM",2023-03-01,31,0,,,31,137.78032258064516,109.34,31,122.83593923648696,106.5413422818792,31,0.0,1.0,False,True,1.0,True
Maharashtra,Mumbai,"Malad West, Mumbai - IITM",2023-04-01,30,0,,,30,82.63333333333334,74.66999999999999,30,94.13275835150417,101.0,30,0.0,1.0,False,True,1.0,True
Maharashtra,Mumbai,"Malad West, Mumbai - IITM",2023-05-01,31,0,,,31,55.93774193548387,52.27,31,82.22803411823419,75.5,31,0.0,1.0,False,True,1.0,True
Maharashtra,Mumbai,"Malad West, Mumbai - IITM",2023-06-01,30,0,,,30,47.445,44.754999999999995,30,74.38678822483924,72.23333333333333,30,0.0,1.0,False,True,1.0,True
Maharashtra,Mumbai,"Malad West, Mumbai - IITM",2023-07-01,31,0,,,31,61.61387096774193,35.4,31,76.00845380159983,55.77,31,0.0,1.0,False,True,1.0,True
Maharashtra,Mumbai,"Mindspace-Malad West, Mumbai - MPCB",2021-08-01,31,0,,,0,,,0,,,31,0.0,0.0,False,False,0.0,False
Maharashtra,Mumbai,"Mindspace-Malad West, Mumbai - MPCB",2021-09-01,30,0,,,0,,,0,,,30,0.0,0.0,False,False,0.0,False
Maharashtra,Mumbai,"Mindspace-Malad West, Mumbai - MPCB",2021-10-01,31,0,,,0,,,0,,,31,0.0,0.0,False,False,0.0,False
Maharashtra,Mumbai,"Mindspace-Malad West, Mumbai - MPCB",2021-11-01,30,0,,,0,,,0,,,30,0.0,0.0,False,False,0.0,False
Maharashtra,Mumbai,"Mindspace-Malad West, Mumbai - MPCB",2021-12-01,31,0,,,0,,,0,,,31,0.0,0.0,False,False,0.0,False
Maharashtra,Mumbai,"Mindspace-Malad West, Mumbai - MPCB",2022-01-01,31,0,,,0,,,0,,,31,0.0,0.0,False,False,0.0,False
Maharashtra,Mumbai,"Mindspace-Malad West, Mumbai - MPCB",2022-02-01,28,0,,,0,,,0,,,28,0.0,0.0,False,False,0.0,False
Maharashtra,Mumbai,"Mindspace-Malad West, Mumbai - MPCB",2022-03-01,31,0,,,0,,,0,,,31,0.0,0.0,False,False,0.0,False
Maharashtra,Mumbai,"Mindspace-Malad West, Mumbai - MPCB",2022-04-01,30,0,,,0,,,0,,,30,0.0,0.0,False,False,0.0,False
Maharashtra,Mumbai,"Mindspace-Malad West, Mumbai - MPCB",2022-05-01,31,0,,,0,,,0,,,31,0.0,0.0,False,False,0.0,False
Maharashtra,Mumbai,"Mindspace-Malad West, Mumbai - MPCB",2022-06-01,30,0,,,0,,,0,,,30,0.0,0.0,False,False,0.0,False
Maharashtra,Mumbai,"Mindspace-Malad West, Mumbai - MPCB",2022-07-01,31,0,,,0,,,0,,,31,0.0,0.0,False,False,0.0,False
Maharashtra,Mumbai,"Mindspace-Malad West, Mumbai - MPCB",2022-08-01,31,0,,,0,,,0,,,31,0.0,0.0,False,False,0.0,False
Maharashtra,Mumbai,"Mindspace-Malad West, Mumbai - MPCB",2022-09-01,30,0,,,0,,,0,,,30,0.0,0.0,False,False,0.0,False
Maharashtra,Mumbai,"Mindspace-Malad West, Mumbai - MPCB",2022-10-01,31,0,,,0,,,0,,,31,0.0,0.0,False,False,0.0,False
Maharashtra,Mumbai,"Mindspace-Malad West, Mumbai - MPCB",2022-11-01,30,0,,,0,,,0,,,30,0.0,0.0,False,False,0.0,False
Maharashtra,Mumbai,"Mindspace-Malad West, Mumbai - MPCB",2022-12-01,31,0,,,0,,,0,,,31,0.0,0.0,False,False,0.0,False
Maharashtra,Mumbai,"Mindspace-Malad West, Mumbai - MPCB",2023-01-01,31,0,,,0,,,0,,,31,0.0,0.0,False,False,0.0,False
Maharashtra,Mumbai,"Mindspace-Malad West, Mumbai - MPCB",2023-02-01,28,0,,,0,,,0,,,28,0.0,0.0,False,False,0.0,False
Maharashtra,Mumbai,"Mindspace-Malad West, Mumbai - MPCB",2023-03-01,31,0,,,0,,,0,,,31,0.0,0.0,False,False,0.0,False
Maharashtra,Mumbai,"Mindspace-Malad West, Mumbai - MPCB",2023-04-01,30,0,,,0,,,0,,,30,0.0,0.0,False,False,0.0,False
Maharashtra,Mumbai,"Mindspace-Malad West, Mumbai - MPCB",2023-05-01,31,0,,,0,,,0,,,31,0.0,0.0,False,False,0.0,False
Maharashtra,Mumbai,"Mindspace-Malad West, Mumbai - MPCB",2023-06-01,30,0,,,0,,,0,,,30,0.0,0.0,False,False,0.0,False
Maharashtra,Mumbai,"Mindspace-Malad West, Mumbai - MPCB",2023-07-01,31,11,9.251818181818182,8.51,11,34.61818181818182,36.3,11,34.61818181818182,36.3,31,0.3548387096774194,0.3548387096774194,False,False,0.3548387096774194,False
Maharashtra,Mumbai,"Mulund West, Mumbai - MPCB",2021-08-01,31,17,20.037647058823527,20.22,17,52.743529411764705,55.33,17,74.22892911010558,73.94205128205128,31,0.5483870967741935,0.5483870967741935,False,False,0.5483870967741935,False
Maharashtra,Mumbai,"Mulund West, Mumbai - MPCB",2021-09-01,30,24,20.30125,21.060000000000002,24,49.895,45.67,24,62.175884081196585,60.60307692307693,30,0.8,0.8,True,True,0.8,True
Maharashtra,Mumbai,"Mulund West, Mumbai - MPCB",2021-10-01,31,31,41.72064516129032,40.37,31,89.09096774193549,93.27,31,90.72420581655481,94.43,31,1.0,1.0,True,True,1.0,True
Maharashtra,Mumbai,"Mulund West, Mumbai - MPCB",2021-11-01,30,29,67.69862068965517,71.91,29,115.92241379310344,121.86,29,134.84994349966883,138.24448275862068,30,0.9666666666666667,0.9666666666666667,True,True,0.9666666666666667,True
Maharashtra,Mumbai,"Mulund West, Mumbai - MPCB",2021-12-01,31,31,83.43677419354839,85.81,30,149.4296666666667,144.695,30,181.9940819380383,186.22534482758624,31,1.0,0.967741935483871,True,True,0.967741935483871,True
Maharashtra,Mumbai,"Mulund West, Mumbai - MPCB",2022-01-01,31,31,73.21064516129033,74.46,31,170.98,150.67,31,165.4571505681808,157.12275862068964,31,1.0,1.0,True,True,1.0,True
Maharashtra,Mumbai,"Mulund West, Mumbai - MPCB",2022-02-01,28,19,70.63578947368421,72.74,19,166.21473684210525,173.14,19,153.03420455791178,158.41999999999996,28,0.6785714285714286,0.6785714285714286,False,False,0.6785714285714286,False
Maharashtra,Mumbai,"Mulund West, Mumbai - MPCB",2022-03-01,31,31,64.65774193548387,63.0,31,155.55806451612904,153.62,31,151.23419787832864,137.94228187919464,31,1.0,1.0,True,True,1.0,True
Maharashtra,Mumbai,"Mulund West, Mumbai - MPCB",2022-04-01,30,30,37.245,34.06,27,123.69814814814815,118.15,27,115.21169525229928,112.39496644295302,30,1.0,0.9,True,True,0.9,True
Maharashtra,Mumbai,"Mulund West, Mumbai - MPCB",2022-05-01,31,31,28.94193548387097,25.34,31,111.15354838709678,97.9,31,104.06510933102403,97.9,31,1.0,1.0,True,True,1.0,True
Maharashtra,Mumbai,"Mulund West, Mumbai - MPCB",2022-06-01,30,30,17.509666666666664,18.11,30,58.64,57.85,30,58.703554809843396,57.85,30,1.0,1.0,True,True,1.0,True
Maharashtra,Mumbai,"Mulund West, Mumbai - MPCB",2022-07-01,31,31,19.106451612903225,19.44,31,52.21741935483871,52.29,31,52.60516129032258,52.29,31,1.0,1.0,True,True,1.0,True
Maharashtra,Mumbai,"Mulund West, Mumbai - MPCB",2022-08-01,31,31,18.771935483870966,16.57,31,51.924838709677424,43.84,31,52.95307642346828,45.14,31,1.0,1.0,True,True,1.0,True
Maharashtra,Mumbai,"Mulund West, Mumbai - MPCB",2022-09-01,30,29,26.246896551724138,25.92,23,59.70608695652174,61.44,23,64.69168399021966,65.23,30,0.9666666666666667,0.7666666666666667,True,True,0.7666666666666667,True
Maharashtra,Mumbai,"Mulund West, Mumbai - MPCB",2022-10-01,31,31,42.506129032258066,34.41,31,92.92096774193547,82.74,31,97.82407095731588,84.84,31,1.0,1.0,True,True,1.0,True
Maharashtra,Mumbai,"Mulund West, Mumbai - MPCB",2022-11-01,30,29,84.97103448275861,77.93,29,176.5351724137931,156.64,29,184.0738479668956,158.79551724137934,30,0.9666666666666667,0.9666666666666667,True,True,0.9666666666666667,True
Maharashtra,Mumbai,"Mulund West, Mumbai - MPCB",2022-12-01,31,31,95.57290322580646,94.61,31,187.23032258064515,191.57,31,216.5782291823824,213.32379310344828,31,1.0,1.0,True,True,1.0,True
Maharashtra,Mumbai,"Mulund West, Mumbai - MPCB",2023-01-01,31,31,99.09096774193549,99.14,31,196.70483870967743,192.06,31,224.70452732715694,228.78827586206896,31,1.0,1.0,True,True,1.0,True
Maharashtra,Mumbai,"Mulund West, Mumbai - MPCB",2023-02-01,28,27,75.92148148148148,79.07,27,157.20814814814815,146.23,27,157.15624452501564,162.6872413793103,28,0.9642857142857143,0.9642857142857143,True,True,0.9642857142857143,True
Maharashtra,Mumbai,"Mulund West, Mumbai - MPCB",2023-03-01,31,31,63.57967741935484,56.54,26,143.09076923076924,134.235,31,140.1347256259795,120.83413793103449,31,1.0,0.8387096774193549,True,True,1.0,True
Maharashtra,Mumbai,"Mulund West, Mumbai - MPCB",2023-04-01,30,30,41.47166666666667,35.815,30,94.66766666666668,88.00999999999999,30,92.51907251407853,88.00999999999999,30,1.0,1.0,True,True,1.0,True
Maharashtra,Mumbai,"Mulund West, Mumbai - MPCB",2023-05-01,31,29,27.11241379310345,26.57,29,67.50275862068965,61.6,29,67.35047905577413,61.6,31,0.9354838709677419,0.9354838709677419,True,True,0.9354838709677419,True
Maharashtra,Mumbai,"Mulund West, Mumbai - MPCB",2023-06-01,30,28,26.771428571428572,21.43,28,68.50071428571428,64.43,28,73.18723554769436,67.43,30,0.9333333333333333,0.9333333333333333,True,True,0.9333333333333333,True
Maharashtra,Mumbai,"Mulund West, Mumbai - MPCB",2023-07-01,31,26,20.674999999999997,20.89,31,32.23032258064516,31.19,31,62.73189964157705,65.15555555555555,31,0.8387096774193549,1.0,True,True,1.0,True
Maharashtra,Mumbai,"Powai, Mumbai - MPCB",2021-08-01,31,30,18.977666666666668,18.73,30,42.99566666666667,43.400000000000006,30,47.472,46.08,31,0.967741935483871,0.967741935483871,True,True,0.967741935483871,True
Maharashtra,Mumbai,"Powai, Mumbai - MPCB",2021-09-01,30,28,18.708214285714288,18.695,30,39.20666666666667,34.165,30,49.88496296296296,46.845,30,0.9333333333333333,1.0,True,True,1.0,True
Maharashtra,Mumbai,"Powai, Mumbai - MPCB",2021-10-01,31,29,40.30137931034483,35.1,29,77.61896551724138,74.11,29,78.81148326669806,77.66,31,0.9354838709677419,0.9354838709677419,True,True,0.9354838709677419,True
Maharashtra,Mumbai,"Powai, Mumbai - MPCB",2021-11-01,30,30,70.432,72.78999999999999,30,109.08500000000001,118.115,30,142.27606896551725,141.24862068965516,30,1.0,1.0,True,True,1.0,True
Maharashtra,Mumbai,"Powai, Mumbai - MPCB",2021-12-01,31,31,87.33322580645161,90.3,29,133.9662068965517,142.81,31,192.16081201334816,201.0,31,1.0,0.9354838709677419,True,True,1.0,True
Maharashtra,Mumbai,"Powai, Mumbai - MPCB",2022-01-01,31,29,76.96275862068966,76.83,31,151.31387096774196,124.45,31,164.72792085291425,142.20448275862066,31,0.9354838709677419,1.0,True,True,1.0,True
Maharashtra,Mumbai,"Powai, Mumbai - MPCB",2022-02-01,28,28,62.566071428571426,62.07,28,133.69071428571428,129.195,28,128.0632813171554,121.47107382550335,28,1.0,1.0,True,True,1.0,True
Maharashtra,Mumbai,"Powai, Mumbai - MPCB",2022-03-01,31,31,63.9958064516129,63.31,31,146.54225806451615,151.8,31,143.31186023247307,136.16206896551722,31,1.0,1.0,True,True,1.0,True
Maharashtra,Mumbai,"Powai, Mumbai - MPCB",2022-04-01,30,26,45.14,38.61,26,155.92076923076922,120.89,26,137.95060424475767,114.2155033557047,30,0.8666666666666667,0.8666666666666667,True,True,0.8666666666666667,True
Maharashtra,Mumbai,"Powai, Mumbai - MPCB",2022-05-01,31,16,43.49,41.83,23,144.4,84.99,24,114.64836345356781,82.72879310344828,31,0.5161290322580645,0.7419354838709677,False,False,0.7741935483870968,True
Maharashtra,Mumbai,"Powai, Mumbai - MPCB",2022-06-01,30,30,14.623666666666667,14.559999999999999,29,39.14758620689655,38.32,30,57.79403418803419,57.6174358974359,30,1.0,0.9666666666666667,True,True,1.0,True
Maharashtra,Mumbai,"Powai, Mumbai - MPCB",2022-07-01,31,29,13.451379310344826,12.96,29,34.714827586206894,34.36,29,55.08633952254642,51.0,31,0.9354838709677419,0.9354838709677419,True,True,0.9354838709677419,True
Maharashtra,Mumbai,"Powai, Mumbai - MPCB",2022-08-01,31,28,15.118214285714286,13.045,31,36.72548387096774,32.8,31,49.59663082437276,49.0,31,0.9032258064516129,1.0,True,True,1.0,True
Maharashtra,Mumbai,"Powai, Mumbai - MPCB",2022-09-01,30,30,19.384,19.625,19,36.19105263157895,35.41,24,61.451517094017085,62.629444444444445,30,1.0,0.6333333333333333,True,False,0.8,True
Maharashtra,Mumbai,"Powai, Mumbai - MPCB",2022-10-01,31,31,38.09451612903226,33.08,31,66.50161290322582,58.81,31,85.4136428494997,75.5,31,1.0,1.0,True,True,1.0,True
Maharashtra,Mumbai,"Powai, Mumbai - MPCB",2022-11-01,30,30,75.03833333333334,72.19999999999999,30,119.41233333333334,112.77,30,154.41990696598012,139.2344827586207,30,1.0,1.0,True,True,1.0,True
Maharashtra,Mumbai,"Powai, Mumbai - MPCB",2022-12-01,31,30,82.56566666666666,79.175,30,130.26166666666666,127.28999999999999,30,176.33459157458887,163.0456896551724,31,0.967741935483871,0.967741935483871,True,True,0.967741935483871,True
Maharashtra,Mumbai,"Powai, Mumbai - MPCB",2023-01-01,31,31,86.95290322580645,90.13,31,144.89774193548388,151.21,31,194.94679427551867,201.0,31,1.0,1.0,True,True,1.0,True
Maharashtra,Mumbai,"Powai, Mumbai - MPCB",2023-02-01,28,27,66.55481481481482,67.93,27,130.9311111111111,132.33,27,132.84937265893527,128.68586206896552,28,0.9642857142857143,0.9642857142857143,True,True,0.9642857142857143,True
Maharashtra,Mumbai,"Powai, Mumbai - MPCB",2023-03-01,31,31,59.31,56.58,26,117.03961538461539,107.87,31,126.06432181407999,106.27557046979865,31,1.0,0.8387096774193549,True,True,1.0,True
Maharashtra,Mumbai,"Powai, Mumbai - MPCB",2023-04-01,30,28,34.80464285714286,32.510000000000005,28,86.96785714285714,82.99000000000001,28,85.19552732502396,82.99000000000001,30,0.9333333333333333,0.9333333333333333,True,True,0.9333333333333333,True
Maharashtra,Mumbai,"Powai, Mumbai - MPCB",2023-05-01,31,31,19.819032258064517,18.06,31,55.45451612903226,50.23,31,55.43323663130548,51.0,31,1.0,1.0,True,True,1.0,True
Maharashtra,Mumbai,"Powai, Mumbai - MPCB",2023-06-01,30,30,15.901333333333334,16.39,29,48.02413793103448,52.62,30,49.559999999999995,51.974999999999994,30,1.0,0.9666666666666667,True,True,1.0,True
Maharashtra,Mumbai,"Powai, Mumbai - MPCB",2023-07-01,31,31,13.754838709677419,13.31,31,31.625806451612902,28.49,31,37.98516129032258,35.74,31,1.0,1.0,True,True,1.0,True
Maharashtra,Mumbai,"Sion, Mumbai - MPCB",2021-08-01,31,31,18.958709677419357,18.61,31,54.498064516129034,55.22,31,54.94217741935484,55.22,31,1.0,1.0,True,True,1.0,True
Maharashtra,Mumbai,"Sion, Mumbai - MPCB",2021-09-01,30,30,13.636333333333335,13.09,29,47.11206896551724,40.58,30,47.67609228187919,41.155,30,1.0,0.9666666666666667,True,True,1.0,True
Maharashtra,Mumbai,"Sion, Mumbai - MPCB",2021-10-01,31,31,43.3158064516129,37.43,31,116.65741935483871,111.84,31,112.762465752402,108.20241610738255,31,1.0,1.0,True,True,1.0,True
Maharashtra,Mumbai,"Sion, Mumbai - MPCB",2021-11-01,30,30,70.39266666666667,76.31,30,140.71833333333333,155.19,30,148.57126637352465,153.66348646146724,30,1.0,1.0,True,True,1.0,True
Maharashtra,Mumbai,"Sion, Mumbai - MPCB",2021-12-01,31,31,69.52935483870968,68.62,31,167.6683870967742,173.45,31,164.09870175366103,152.24744966442952,31,1.0,1.0,True,True,1.0,True
Maharashtra,Mumbai,"Sion, Mumbai - MPCB",2022-01-01,31,29,49.41827586206897,46.6,31,175.4535483870968,159.62,31,154.9304171840032,139.9488590604027,31,0.9354838709677419,1.0,True,True,1.0,True
Maharashtra,Mumbai,"Sion, Mumbai - MPCB",2022-02-01,28,28,56.221428571428575,54.27,28,159.3217857142857,159.69,28,146.26814766753728,139.99536912751677,28,1.0,1.0,True,True,1.0,True
Maharashtra,Mumbai,"Sion, Mumbai - MPCB",2022-03-01,31,31,62.90451612903226,60.73,31,133.81354838709677,139.48,31,138.13408186575688,138.9721476510067,31,1.0,1.0,True,True,1.0,True
Maharashtra,Mumbai,"Sion, Mumbai - MPCB",2022-04-01,30,30,43.07,41.515,30,83.57400000000001,74.85,30,84.69469598086863,77.135,30,1.0,1.0,True,True,1.0,True
Maharashtra,Mumbai,"Sion, Mumbai - MPCB",2022-05-01,31,31,33.17290322580646,25.89,31,86.91741935483871,73.08,31,84.46734440205746,73.08,31,1.0,1.0,True,True,1.0,True
Maharashtra,Mumbai,"Sion, Mumbai - MPCB",2022-06-01,30,30,11.021333333333333,9.905000000000001,30,33.157000000000004,30.095,30,54.07162606837607,56.415128205128205,30,1.0,1.0,True,True,1.0,True
Maharashtra,Mumbai,"Sion, Mumbai - MPCB",2022-07-01,31,30,14.447333333333335,13.855,30,37.257666666666665,37.155,30,80.78213266443701,75.85807692307694,31,0.967741935483871,0.967741935483871,True,True,0.967741935483871,True
Maharashtra,Mumbai,"Sion, Mumbai - MPCB",2022-08-01,31,31,15.796129032258065,14.64,31,37.98096774193549,32.33,31,54.62632658443318,46.0,31,1.0,1.0,True,True,1.0,True
Maharashtra,Mumbai,"Sion, Mumbai - MPCB",2022-09-01,30,25,16.5192,16.45,25,37.86,33.59,25,61.16883248945148,63.28,30,0.8333333333333334,0.8333333333333334,True,True,0.8333333333333334,True
Maharashtra,Mumbai,"Sion, Mumbai - MPCB",2022-10-01,31,31,42.155806451612904,34.15,31,97.49064516129032,85.71,31,94.65797636822421,85.71,31,1.0,1.0,True,True,1.0,True
Maharashtra,Mumbai,"Sion, Mumbai - MPCB",2022-11-01,30,30,91.736,88.03,30,215.667,206.06,30,207.6704023849633,193.38457301550568,30,1.0,1.0,True,True,1.0,True
Maharashtra,Mumbai,"Sion, Mumbai - MPCB",2022-12-01,31,31,92.00419354838711,83.36,31,252.89096774193547,258.02,31,227.23203510160144,223.35000000000002,31,1.0,1.0,True,True,1.0,True
Maharashtra,Mumbai,"Sion, Mumbai - MPCB",2023-01-01,31,31,90.19548387096773,82.4,31,210.74225806451614,213.19,31,208.67832210945585,197.88711409395972,31,1.0,1.0,True,True,1.0,True
Maharashtra,Mumbai,"Sion, Mumbai - MPCB",2023-02-01,28,26,95.85153846153845,97.46,27,209.70148148148147,220.41,27,217.6070672562198,216.6010344827586,28,0.9285714285714286,0.9642857142857143,True,True,0.9642857142857143,True
Maharashtra,Mumbai,"Sion, Mumbai - MPCB",2023-03-01,31,31,72.6632258064516,53.52,31,158.2725806451613,120.53,31,172.04791501068084,114.81348993288591,31,1.0,1.0,True,True,1.0,True
Maharashtra,Mumbai,"Sion, Mumbai - MPCB",2023-04-01,30,28,32.528214285714284,29.07,28,102.53964285714287,94.235,28,100.12486712392753,96.06,30,0.9333333333333333,0.9333333333333333,True,True,0.9333333333333333,True
Maharashtra,Mumbai,"Sion, Mumbai - MPCB",2023-05-01,31,31,18.863225806451613,18.29,31,65.62032258064517,63.57,31,71.24734130486675,70.49,31,1.0,1.0,True,True,1.0,True
Maharashtra,Mumbai,"Sion, Mumbai - MPCB",2023-06-01,30,30,16.232666666666667,16.725,30,52.17066666666666,54.709999999999994,30,53.98793803418803,55.834999999999994,30,1.0,1.0,True,True,1.0,True
Maharashtra,Mumbai,"Sion, Mumbai - MPCB",2023-07-01,31,31,13.230645161290322,12.53,31,39.469032258064516,37.8,31,39.917177419354836,39.07,31,1.0,1.0,True,True,1.0,True
Maharashtra,Mumbai,"Vasai West, Mumbai - MPCB",2021-08-01,31,31,17.02806451612903,16.57,30,39.159666666666666,36.735,31,46.190000000000005,45.6,31,1.0,0.967741935483871,True,True,1.0,True
Maharashtra,Mumbai,"Vasai West, Mumbai - MPCB",2021-09-01,30,30,19.05,17.61,8,129.73125000000002,116.21000000000001,30,61.1973269324725,45.31666666666667,30,1.0,0.26666666666666666,True,False,1.0,True
Maharashtra,Mumbai,"Vasai West, Mumbai - MPCB",2021-10-01,31,27,41.52444444444445,38.46,2,140.76500000000001,140.76500000000001,27,75.71799379620819,63.604827586206895,31,0.8709677419354839,0.06451612903225806,True,False,0.8709677419354839,True
Maharashtra,Mumbai,"Vasai West, Mumbai - MPCB",2021-11-01,30,30,65.507,69.68,30,158.587,154.66000000000003,30,146.78248083005477,153.6444700300856,30,1.0,1.0,True,True,1.0,True
Maharashtra,Mumbai,"Vasai West, Mumbai - MPCB",2021-12-01,31,28,77.40714285714286,80.815,30,234.90166666666667,239.145,31,196.20235043723244,196.04664429530203,31,0.9032258064516129,0.967741935483871,True,True,1.0,True
Maharashtra,Mumbai,"Vasai West, Mumbai - MPCB",2022-01-01,31,28,60.75571428571429,64.05,31,218.7867741935484,209.2,31,185.31901197053497,173.0993103448276,31,0.9032258064516129,1.0,True,True,1.0,True
Maharashtra,Mumbai,"Vasai West, Mumbai - MPCB",2022-02-01,28,25,58.717600000000004,57.4,25,206.4456,200.26,25,175.1662079687367,166.95127516778524,28,0.8928571428571429,0.8928571428571429,True,True,0.8928571428571429,True
Maharashtra,Mumbai,"Vasai West, Mumbai - MPCB",2022-03-01,31,31,57.89741935483871,59.77,31,181.9841935483871,182.54,31,155.39244847411035,155.17758389261746,31,1.0,1.0,True,True,1.0,True
Maharashtra,Mumbai,"Vasai West, Mumbai - MPCB",2022-04-01,30,30,38.934,35.67,26,144.78153846153847,138.19,30,129.5533159207972,122.14879194630873,30,1.0,0.8666666666666667,True,True,1.0,True
Maharashtra,Mumbai,"Vasai West, Mumbai - MPCB",2022-05-01,31,31,31.77516129032258,28.03,29,159.07655172413794,124.57,31,141.11733203435085,111.77040268456375,31,1.0,0.9354838709677419,True,True,1.0,True
Maharashtra,Mumbai,"Vasai West, Mumbai - MPCB",2022-06-01,30,24,16.233333333333334,15.785,10,96.473,102.245,24,104.2072764043459,102.74715529691616,30,0.8,0.3333333333333333,True,False,0.8,True
Maharashtra,Mumbai,"Vasai West, Mumbai - MPCB",2022-07-01,31,21,12.959523809523809,12.15,20,129.4735,74.125,21,121.9245449805833,110.9,31,0.6774193548387096,0.6451612903225806,False,False,0.6774193548387096,False
Maharashtra,Mumbai,"Vasai West, Mumbai - MPCB",2022-08-01,31,31,13.457096774193548,10.77,29,97.09758620689655,53.28,31,102.23857852340014,83.8,31,1.0,0.9354838709677419,True,True,1.0,True
Maharashtra,Mumbai,"Vasai West, Mumbai - MPCB",2022-09-01,30,30,18.788333333333334,17.39,17,148.23176470588237,80.68,30,91.5449055685249,58.62706896551724,30,1.0,0.5666666666666667,True,False,1.0,True
Maharashtra,Mumbai,"Vasai West, Mumbai - MPCB",2022-10-01,31,30,31.716666666666665,25.46,30,125.681,95.53,30,119.4801469876116,101.67208308554923,31,0.967741935483871,0.967741935483871,True,True,0.967741935483871,True
Maharashtra,Mumbai,"Vasai West, Mumbai - MPCB",2022-11-01,30,29,67.7151724137931,68.68,30,166.63633333333334,153.435,30,150.65907436550182,147.71775862068966,30,0.9666666666666667,1.0,True,True,1.0,True
Maharashtra,Mumbai,"Vasai West, Mumbai - MPCB",2022-12-01,31,28,66.9875,67.03999999999999,28,213.42107142857142,217.075,31,174.0218525430941,176.47896551724136,31,0.9032258064516129,0.9032258064516129,True,True,1.0,True
Maharashtra,Mumbai,"Vasai West, Mumbai - MPCB",2023-01-01,31,31,69.50387096774193,72.21,29,177.94931034482758,176.46,31,160.84117416070055,162.14744966442953,31,1.0,0.9354838709677419,True,True,1.0,True
Maharashtra,Mumbai,"Vasai West, Mumbai - MPCB",2023-02-01,28,28,62.416428571428575,65.295,28,192.7017857142857,194.935,28,162.07462599596653,163.4131879194631,28,1.0,1.0,True,True,1.0,True
Maharashtra,Mumbai,"Vasai West, Mumbai - MPCB",2023-03-01,31,30,50.986,48.315,30,165.21033333333335,153.41000000000003,30,145.23064429530203,135.82275167785235,31,0.967741935483871,0.967741935483871,True,True,0.967741935483871,True
Maharashtra,Mumbai,"Vasai West, Mumbai - MPCB",2023-04-01,30,29,31.56448275862069,29.9,30,105.525,90.87,30,99.48293064876957,90.87,30,0.9666666666666667,1.0,True,True,1.0,True
Maharashtra,Mumbai,"Vasai West, Mumbai - MPCB",2023-05-01,31,31,18.54032258064516,16.35,31,70.46612903225805,62.73,31,69.93312092564528,62.73,31,1.0,1.0,True,True,1.0,True
Maharashtra,Mumbai,"Vasai West, Mumbai - MPCB",2023-06-01,30,29,8.662068965517241,8.89,30,49.88166666666667,51.58,30,53.46522222222222,52.345,30,0.9666666666666667,1.0,True,True,1.0,True
Maharashtra,Mumbai,"Vasai West, Mumbai - MPCB",2023-07-01,31,29,7.752758620689654,7.89,29,31.679310344827588,29.7,29,49.51083539048392,45.0,31,0.9354838709677419,0.9354838709677419,True,True,0.9354838709677419,True
Maharashtra,Mumbai,"Vile Parle West, Mumbai - MPCB",2021-08-01,31,31,22.07225806451613,19.97,31,60.690322580645166,58.78,31,62.77796440489433,58.78,31,1.0,1.0,True,True,1.0,True
Maharashtra,Mumbai,"Vile Parle West, Mumbai - MPCB",2021-09-01,30,30,18.775333333333332,17.825000000000003,30,52.150999999999996,46.30500000000001,30,52.73693120805369,46.30500000000001,30,1.0,1.0,True,True,1.0,True
Maharashtra,Mumbai,"Vile Parle West, Mumbai - MPCB",2021-10-01,31,31,45.06903225806452,43.29,31,117.49709677419354,109.16,31,109.8710431883256,106.42174496644296,31,1.0,1.0,True,True,1.0,True
Maharashtra,Mumbai,"Vile Parle West, Mumbai - MPCB",2021-11-01,30,29,79.02172413793105,84.5,30,164.29466666666667,179.64999999999998,30,173.4912453835514,180.95103448275862,30,0.9666666666666667,1.0,True,True,1.0,True
Maharashtra,Mumbai,"Vile Parle West, Mumbai - MPCB",2021-12-01,31,31,100.87161290322581,106.17,31,191.78096774193548,200.42,31,230.30100838678774,252.78724137931036,31,1.0,1.0,True,True,1.0,True
Maharashtra,Mumbai,"Vile Parle West, Mumbai - MPCB",2022-01-01,31,31,87.29451612903226,89.51,30,203.857,185.68,31,212.94709867749359,201.0,31,1.0,0.967741935483871,True,True,1.0,True
Maharashtra,Mumbai,"Vile Parle West, Mumbai - MPCB",2022-02-01,28,27,66.56851851851852,62.83,26,175.42538461538464,169.69,27,159.41369801511235,146.77896551724137,28,0.9642857142857143,0.9285714285714286,True,True,0.9642857142857143,True
Maharashtra,Mumbai,"Vile Parle West, Mumbai - MPCB",2022-03-01,31,31,61.612258064516126,61.9,31,159.7874193548387,177.32,31,147.98675388761563,151.70926174496645,31,1.0,1.0,True,True,1.0,True
Maharashtra,Mumbai,"Vile Parle West, Mumbai - MPCB",2022-04-01,30,29,54.37241379310345,49.7,30,141.09900000000002,121.55,30,134.1990438941603,118.56087248322147,30,0.9666666666666667,1.0,True,True,1.0,True
Maharashtra,Mumbai,"Vile Parle West, Mumbai - MPCB",2022-05-01,31,28,94.285,72.00999999999999,29,350.0962068965517,302.6,29,276.74061489119396,252.60000000000002,31,0.9032258064516129,0.9354838709677419,True,True,0.9354838709677419,True
Maharashtra,Mumbai,"Vile Parle West, Mumbai - MPCB",2022-06-01,30,23,62.99869565217391,28.25,29,136.8910344827586,72.94,29,127.7421219062485,72.94,30,0.7666666666666667,0.9666666666666667,True,True,0.9666666666666667,True
Maharashtra,Mumbai,"Vile Parle West, Mumbai - MPCB",2022-07-01,31,24,105.44833333333332,24.245,25,212.2408,92.26,25,193.99803836199263,92.26,31,0.7741935483870968,0.8064516129032258,True,True,0.8064516129032258,True
Maharashtra,Mumbai,"Vile Parle West, Mumbai - MPCB",2022-08-01,31,31,15.310645161290322,13.9,27,205.50925925925927,66.64,31,134.89304108214887,60.8,31,1.0,0.8709677419354839,True,True,1.0,True
Maharashtra,Mumbai,"Vile Parle West, Mumbai - MPCB",2022-09-01,30,28,19.605,17.59,1,84.06,84.06,28,52.546197318007664,46.766666666666666,30,0.9333333333333333,0.03333333333333333,True,False,0.9333333333333333,True
Maharashtra,Mumbai,"Vile Parle West, Mumbai - MPCB",2022-10-01,31,31,66.47806451612904,49.57,27,154.19259259259258,115.87,31,167.39425926655025,112.89993288590604,31,1.0,0.8709677419354839,True,True,1.0,True
Maharashtra,Mumbai,"Vile Parle West, Mumbai - MPCB",2022-11-01,30,25,84.5116,80.47,29,188.34241379310345,181.6,29,185.74963792388937,167.46655172413793,30,0.8333333333333334,0.9666666666666667,True,True,0.9666666666666667,True
Maharashtra,Mumbai,"Vile Parle West, Mumbai - MPCB",2022-12-01,31,16,103.69125,98.71000000000001,14,220.51571428571427,214.35500000000002,30,207.80761716082804,205.39999999999998,31,0.5161290322580645,0.45161290322580644,False,False,0.967741935483871,True
Maharashtra,Mumbai,"Vile Parle West, Mumbai - MPCB",2023-01-01,31,31,100.22387096774193,101.94,0,,,31,224.1731761388623,238.34689655172411,31,1.0,0.0,True,False,1.0,True
Maharashtra,Mumbai,"Vile Parle West, Mumbai - MPCB",2023-02-01,28,11,82.48181818181818,81.0,26,202.93115384615385,201.065,28,174.48340802393628,169.27586206896552,28,0.39285714285714285,0.9285714285714286,False,True,1.0,True
Maharashtra,Mumbai,"Vile Parle West, Mumbai - MPCB",2023-03-01,31,0,,,31,143.58419354838708,120.9,31,128.39723677563686,114.22214765100672,31,0.0,1.0,False,True,1.0,True
Maharashtra,Mumbai,"Vile Parle West, Mumbai - MPCB",2023-04-01,30,25,31.4204,25.46,30,89.33966666666667,79.32499999999999,30,94.01872429876796,87.08200854700854,30,0.8333333333333334,1.0,True,True,1.0,True
Maharashtra,Mumbai,"Vile Parle West, Mumbai - MPCB",2023-05-01,31,27,15.105185185185185,13.12,28,90.75857142857141,63.739999999999995,28,87.71483200782453,63.89179487179487,31,0.8709677419354839,0.9032258064516129,True,True,0.9032258064516129,True
Maharashtra,Mumbai,"Vile Parle West, Mumbai - MPCB",2023-06-01,30,29,15.163793103448276,14.27,29,162.29310344827587,93.11,29,143.36448498091815,93.11,30,0.9666666666666667,0.9666666666666667,True,True,0.9666666666666667,True
Maharashtra,Mumbai,"Vile Parle West, Mumbai - MPCB",2023-07-01,31,24,12.690416666666666,12.89,24,93.14333333333333,67.085,24,87.5742111225836,67.085,31,0.7741935483870968,0.7741935483870968,True,True,0.7741935483870968,True
Maharashtra,Mumbai,"Worli, Mumbai - MPCB",2021-08-01,31,31,14.48709677419355,13.39,31,45.357419354838704,41.46,31,58.50311552247036,56.98888888888888,31,1.0,1.0,True,True,1.0,True
Maharashtra,Mumbai,"Worli, Mumbai - MPCB",2021-09-01,30,27,12.139259259259259,11.37,21,42.87285714285714,36.36,27,71.98552137553544,70.6,30,0.9,0.7,True,False,0.9,True
Maharashtra,Mumbai,"Worli, Mumbai - MPCB",2021-10-01,31,31,42.877419354838715,39.15,1,83.0,83.0,31,85.16332715362748,73.86666666666666,31,1.0,0.03225806451612903,True,False,1.0,True
Maharashtra,Mumbai,"Worli, Mumbai - MPCB",2021-11-01,30,29,76.4493103448276,80.05,27,132.85518518518518,145.8,29,169.93951281527671,166.03275862068966,30,0.9666666666666667,0.9,True,True,0.9666666666666667,True
Maharashtra,Mumbai,"Worli, Mumbai - MPCB",2021-12-01,31,31,96.08096774193548,100.8,28,161.1625,170.46,28,222.56177771810545,239.45637931034483,31,1.0,0.9032258064516129,True,True,0.9032258064516129,True
Maharashtra,Mumbai,"Worli, Mumbai - MPCB",2022-01-01,31,31,80.57548387096774,82.96,29,174.86275862068968,150.84,29,188.077539613178,175.96689655172412,31,1.0,0.9354838709677419,True,True,0.9354838709677419,True
Maharashtra,Mumbai,"Worli, Mumbai - MPCB",2022-02-01,28,27,59.21222222222222,59.58,28,157.1692857142857,146.625,28,143.54283904188844,135.83271812080537,28,0.9642857142857143,1.0,True,True,1.0,True
Maharashtra,Mumbai,"Worli, Mumbai - MPCB",2022-03-01,31,31,59.99774193548387,60.02,31,153.98161290322582,168.14,31,143.44851050010826,145.6097986577181,31,1.0,1.0,True,True,1.0,True
Maharashtra,Mumbai,"Worli, Mumbai - MPCB",2022-04-01,30,30,36.11133333333333,32.905,30,99.49733333333333,81.81,30,99.73081403449154,94.43222222222222,30,1.0,1.0,True,True,1.0,True
Maharashtra,Mumbai,"Worli, Mumbai - MPCB",2022-05-01,31,27,28.47259259259259,25.26,30,105.66499999999999,93.36,30,105.98900959986408,103.75696202531645,31,0.8709677419354839,0.967741935483871,True,True,0.967741935483871,True
Maharashtra,Mumbai,"Worli, Mumbai - MPCB",2022-06-01,30,30,12.657,12.024999999999999,28,40.724642857142854,33.575,30,56.00833333333333,51.0,30,1.0,0.9333333333333333,True,True,1.0,True
Maharashtra,Mumbai,"Worli, Mumbai - MPCB",2022-07-01,31,29,16.29551724137931,17.0,27,53.26814814814815,49.3,27,62.99654320987655,55.14,31,0.9354838709677419,0.8709677419354839,True,True,0.8709677419354839,True
Maharashtra,Mumbai,"Worli, Mumbai - MPCB",2022-08-01,31,15,11.248666666666667,8.57,15,51.10733333333334,46.95,15,51.16133333333333,46.95,31,0.4838709677419355,0.4838709677419355,False,False,0.4838709677419355,False
Maharashtra,Mumbai,"Worli, Mumbai - MPCB",2022-09-01,30,30,14.942666666666666,14.735,30,40.776666666666664,38.56,30,42.904333333333334,43.120000000000005,30,1.0,1.0,True,True,1.0,True
Maharashtra,Mumbai,"Worli, Mumbai - MPCB",2022-10-01,31,31,38.06161290322581,32.3,31,82.9674193548387,68.65,31,91.34916051391927,68.65,31,1.0,1.0,True,True,1.0,True
Maharashtra,Mumbai,"Worli, Mumbai - MPCB",2022-11-01,30,30,66.04033333333334,65.315,27,153.96259259259259,147.9,27,140.543488047177,132.16174496644297,30,1.0,0.9,True,True,0.9,True
Maharashtra,Mumbai,"Worli, Mumbai - MPCB",2022-12-01,31,30,65.07366666666667,67.94,28,159.56035714285716,154.10500000000002,28,144.7537179720303,136.8867553806989,31,0.967741935483871,0.9032258064516129,True,True,0.9032258064516129,True
Maharashtra,Mumbai,"Worli, Mumbai - MPCB",2023-01-01,31,31,55.23290322580645,54.48,31,135.6448387096774,140.65,31,126.66262610954753,127.90275167785236,31,1.0,1.0,True,True,1.0,True
Maharashtra,Mumbai,"Worli, Mumbai - MPCB",2023-02-01,28,28,73.49428571428572,75.59,28,110.72071428571428,109.28,28,148.96251231527094,150.80724137931034,28,1.0,1.0,True,True,1.0,True
Maharashtra,Mumbai,"Worli, Mumbai - MPCB",2023-03-01,31,31,51.847419354838706,39.77,31,86.50774193548386,74.81,31,109.36847608453839,74.81,31,1.0,1.0,True,True,1.0,True
Maharashtra,Mumbai,"Worli, Mumbai - MPCB",2023-04-01,30,30,29.672666666666665,26.215,30,61.016333333333336,55.92,30,62.34195533441333,55.92,30,1.0,1.0,True,True,1.0,True
Maharashtra,Mumbai,"Worli, Mumbai - MPCB",2023-05-01,31,29,17.287586206896552,15.03,30,43.06633333333333,38.595,30,71.47381481481482,72.77777777777777,31,0.9354838709677419,0.967741935483871,True,True,0.967741935483871,True
Maharashtra,Mumbai,"Worli, Mumbai - MPCB",2023-06-01,30,30,14.234,14.17,30,43.233333333333334,43.565,30,94.34433192686357,96.73333333333333,30,1.0,1.0,True,True,1.0,True
Maharashtra,Mumbai,"Worli, Mumbai - MPCB",2023-07-01,31,29,16.443103448275863,16.7,29,46.31206896551724,44.54,29,97.33372617488723,97.82222222222222,31,0.9354838709677419,0.9354838709677419,True,True,0.9354838709677419,True
Maharashtra,Nagpur,"Ambazari, Nagpur - MPCB",2021-08-01,31,0,,,0,,,0,,,31,0.0,0.0,False,False,0.0,False
Maharashtra,Nagpur,"Ambazari, Nagpur - MPCB",2021-09-01,30,0,,,0,,,0,,,30,0.0,0.0,False,False,0.0,False
Maharashtra,Nagpur,"Ambazari, Nagpur - MPCB",2021-10-01,31,0,,,0,,,0,,,31,0.0,0.0,False,False,0.0,False
Maharashtra,Nagpur,"Ambazari, Nagpur - MPCB",2021-11-01,30,0,,,0,,,0,,,30,0.0,0.0,False,False,0.0,False
Maharashtra,Nagpur,"Ambazari, Nagpur - MPCB",2021-12-01,31,0,,,0,,,0,,,31,0.0,0.0,False,False,0.0,False
Maharashtra,Nagpur,"Ambazari, Nagpur - MPCB",2022-01-01,31,0,,,0,,,0,,,31,0.0,0.0,False,False,0.0,False
Maharashtra,Nagpur,"Ambazari, Nagpur - MPCB",2022-02-01,28,0,,,0,,,0,,,28,0.0,0.0,False,False,0.0,False
Maharashtra,Nagpur,"Ambazari, Nagpur - MPCB",2022-03-01,31,0,,,0,,,0,,,31,0.0,0.0,False,False,0.0,False
Maharashtra,Nagpur,"Ambazari, Nagpur - MPCB",2022-04-01,30,0,,,0,,,0,,,30,0.0,0.0,False,False,0.0,False
Maharashtra,Nagpur,"Ambazari, Nagpur - MPCB",2022-05-01,31,0,,,0,,,0,,,31,0.0,0.0,False,False,0.0,False
Maharashtra,Nagpur,"Ambazari, Nagpur - MPCB",2022-06-01,30,0,,,0,,,0,,,30,0.0,0.0,False,False,0.0,False
Maharashtra,Nagpur,"Ambazari, Nagpur - MPCB",2022-07-01,31,0,,,0,,,0,,,31,0.0,0.0,False,False,0.0,False
Maharashtra,Nagpur,"Ambazari, Nagpur - MPCB",2022-08-01,31,0,,,0,,,0,,,31,0.0,0.0,False,False,0.0,False
Maharashtra,Nagpur,"Ambazari, Nagpur - MPCB",2022-09-01,30,0,,,0,,,0,,,30,0.0,0.0,False,False,0.0,False
Maharashtra,Nagpur,"Ambazari, Nagpur - MPCB",2022-10-01,31,0,,,0,,,0,,,31,0.0,0.0,False,False,0.0,False
Maharashtra,Nagpur,"Ambazari, Nagpur - MPCB",2022-11-01,30,0,,,0,,,0,,,30,0.0,0.0,False,False,0.0,False
Maharashtra,Nagpur,"Ambazari, Nagpur - MPCB",2022-12-01,31,0,,,0,,,0,,,31,0.0,0.0,False,False,0.0,False
Maharashtra,Nagpur,"Ambazari, Nagpur - MPCB",2023-01-01,31,0,,,0,,,0,,,31,0.0,0.0,False,False,0.0,False
Maharashtra,Nagpur,"Ambazari, Nagpur - MPCB",2023-02-01,28,0,,,0,,,0,,,28,0.0,0.0,False,False,0.0,False
Maharashtra,Nagpur,"Ambazari, Nagpur - MPCB",2023-03-01,31,0,,,0,,,0,,,31,0.0,0.0,False,False,0.0,False
Maharashtra,Nagpur,"Ambazari, Nagpur - MPCB",2023-04-01,30,0,,,0,,,0,,,30,0.0,0.0,False,False,0.0,False
Maharashtra,Nagpur,"Ambazari, Nagpur - MPCB",2023-05-01,31,0,,,0,,,0,,,31,0.0,0.0,False,False,0.0,False
Maharashtra,Nagpur,"Ambazari, Nagpur - MPCB",2023-06-01,30,19,24.459473684210526,25.04,19,64.44052631578948,65.06,19,64.02186859766867,65.06,30,0.6333333333333333,0.6333333333333333,False,False,0.6333333333333333,False
Maharashtra,Nagpur,"Ambazari, Nagpur - MPCB",2023-07-01,31,31,16.910645161290322,16.95,31,39.85612903225806,39.58,31,40.05806451612903,39.58,31,1.0,1.0,True,True,1.0,True
Maharashtra,Nagpur,"Mahal, Nagpur - MPCB",2021-08-01,31,0,,,0,,,0,,,31,0.0,0.0,False,False,0.0,False
Maharashtra,Nagpur,"Mahal, Nagpur - MPCB",2021-09-01,30,0,,,0,,,0,,,30,0.0,0.0,False,False,0.0,False
Maharashtra,Nagpur,"Mahal, Nagpur - MPCB",2021-10-01,31,0,,,0,,,0,,,31,0.0,0.0,False,False,0.0,False
Maharashtra,Nagpur,"Mahal, Nagpur - MPCB",2021-11-01,30,0,,,0,,,0,,,30,0.0,0.0,False,False,0.0,False
Maharashtra,Nagpur,"Mahal, Nagpur - MPCB",2021-12-01,31,0,,,0,,,0,,,31,0.0,0.0,False,False,0.0,False
Maharashtra,Nagpur,"Mahal, Nagpur - MPCB",2022-01-01,31,0,,,0,,,0,,,31,0.0,0.0,False,False,0.0,False
Maharashtra,Nagpur,"Mahal, Nagpur - MPCB",2022-02-01,28,0,,,0,,,0,,,28,0.0,0.0,False,False,0.0,False
Maharashtra,Nagpur,"Mahal, Nagpur - MPCB",2022-03-01,31,0,,,0,,,0,,,31,0.0,0.0,False,False,0.0,False
Maharashtra,Nagpur,"Mahal, Nagpur - MPCB",2022-04-01,30,0,,,0,,,0,,,30,0.0,0.0,False,False,0.0,False
Maharashtra,Nagpur,"Mahal, Nagpur - MPCB",2022-05-01,31,0,,,0,,,0,,,31,0.0,0.0,False,False,0.0,False
Maharashtra,Nagpur,"Mahal, Nagpur - MPCB",2022-06-01,30,0,,,0,,,0,,,30,0.0,0.0,False,False,0.0,False
Maharashtra,Nagpur,"Mahal, Nagpur - MPCB",2022-07-01,31,0,,,0,,,0,,,31,0.0,0.0,False,False,0.0,False
Maharashtra,Nagpur,"Mahal, Nagpur - MPCB",2022-08-01,31,0,,,0,,,0,,,31,0.0,0.0,False,False,0.0,False
Maharashtra,Nagpur,"Mahal, Nagpur - MPCB",2022-09-01,30,0,,,0,,,0,,,30,0.0,0.0,False,False,0.0,False
Maharashtra,Nagpur,"Mahal, Nagpur - MPCB",2022-10-01,31,0,,,0,,,0,,,31,0.0,0.0,False,False,0.0,False
Maharashtra,Nagpur,"Mahal, Nagpur - MPCB",2022-11-01,30,0,,,0,,,0,,,30,0.0,0.0,False,False,0.0,False
Maharashtra,Nagpur,"Mahal, Nagpur - MPCB",2022-12-01,31,0,,,0,,,0,,,31,0.0,0.0,False,False,0.0,False
Maharashtra,Nagpur,"Mahal, Nagpur - MPCB",2023-01-01,31,0,,,0,,,0,,,31,0.0,0.0,False,False,0.0,False
Maharashtra,Nagpur,"Mahal, Nagpur - MPCB",2023-02-01,28,0,,,0,,,0,,,28,0.0,0.0,False,False,0.0,False
Maharashtra,Nagpur,"Mahal, Nagpur - MPCB",2023-03-01,31,0,,,0,,,0,,,31,0.0,0.0,False,False,0.0,False
Maharashtra,Nagpur,"Mahal, Nagpur - MPCB",2023-04-01,30,0,,,0,,,0,,,30,0.0,0.0,False,False,0.0,False
Maharashtra,Nagpur,"Mahal, Nagpur - MPCB",2023-05-01,31,0,,,0,,,0,,,31,0.0,0.0,False,False,0.0,False
Maharashtra,Nagpur,"Mahal, Nagpur - MPCB",2023-06-01,30,12,23.47583333333333,24.105,12,74.5125,58.805,12,82.82326932637335,78.49444444444444,30,0.4,0.4,False,False,0.4,False
Maharashtra,Nagpur,"Mahal, Nagpur - MPCB",2023-07-01,31,31,16.999032258064517,16.4,31,50.53741935483871,47.45,31,51.85673197661831,49.21,31,1.0,1.0,True,True,1.0,True
Maharashtra,Nagpur,"Opp GPO Civil Lines, Nagpur - MPCB",2021-08-01,31,31,21.661935483870966,20.64,31,56.527419354838706,57.55,31,71.16659498207886,68.96666666666667,31,1.0,1.0,True,True,1.0,True
Maharashtra,Nagpur,"Opp GPO Civil Lines, Nagpur - MPCB",2021-09-01,30,21,15.77857142857143,14.91,24,51.29958333333334,51.620000000000005,24,87.3967194092827,93.19444444444444,30,0.7,0.8,False,True,0.8,True
Maharashtra,Nagpur,"Opp GPO Civil Lines, Nagpur - MPCB",2021-10-01,31,31,34.81483870967742,33.66,22,77.34045454545455,78.45,31,94.27457329522254,96.18888888888888,31,1.0,0.7096774193548387,True,False,1.0,True
Maharashtra,Nagpur,"Opp GPO Civil Lines, Nagpur - MPCB",2021-11-01,30,30,39.379,39.64,22,88.51863636363636,85.06,30,96.12588281621184,101.0,30,1.0,0.7333333333333333,True,False,1.0,True
Maharashtra,Nagpur,"Opp GPO Civil Lines, Nagpur - MPCB",2021-12-01,31,31,65.52741935483871,52.31,28,103.14035714285714,102.86000000000001,31,130.81897634319753,109.52151898734176,31,1.0,0.9032258064516129,True,True,1.0,True
Maharashtra,Nagpur,"Opp GPO Civil Lines, Nagpur - MPCB",2022-01-01,31,24,32.094166666666666,30.535,27,77.18111111111111,70.37,27,99.82116348926164,98.91111111111111,31,0.7741935483870968,0.8709677419354839,True,True,0.8709677419354839,True
Maharashtra,Nagpur,"Opp GPO Civil Lines, Nagpur - MPCB",2022-02-01,28,26,27.37076923076923,29.189999999999998,24,69.99249999999999,70.28,27,90.58471584101682,92.92222222222222,28,0.9285714285714286,0.8571428571428571,True,True,0.9642857142857143,True
Maharashtra,Nagpur,"Opp GPO Civil Lines, Nagpur - MPCB",2022-03-01,31,22,21.757727272727273,24.475,31,71.23354838709676,67.5,31,81.845935926294,81.24,31,0.7096774193548387,1.0,False,True,1.0,True
Maharashtra,Nagpur,"Opp GPO Civil Lines, Nagpur - MPCB",2022-04-01,30,30,57.336,57.71,30,113.74933333333334,108.235,30,118.50624508215691,107.31230965054385,30,1.0,1.0,True,True,1.0,True
Maharashtra,Nagpur,"Opp GPO Civil Lines, Nagpur - MPCB",2022-05-01,31,31,55.222903225806455,50.49,31,140.36741935483872,145.31,31,136.88150779016206,133.33114093959733,31,1.0,1.0,True,True,1.0,True
Maharashtra,Nagpur,"Opp GPO Civil Lines, Nagpur - MPCB",2022-06-01,30,30,29.634,27.18,30,85.19466666666668,64.265,30,83.19335794183445,68.105,30,1.0,1.0,True,True,1.0,True
Maharashtra,Nagpur,"Opp GPO Civil Lines, Nagpur - MPCB",2022-07-01,31,31,17.177096774193547,17.26,31,40.196451612903225,38.52,31,40.571290322580644,38.52,31,1.0,1.0,True,True,1.0,True
Maharashtra,Nagpur,"Opp GPO Civil Lines, Nagpur - MPCB",2022-08-01,31,31,20.88,16.64,31,49.83290322580645,46.74,31,56.730683315789605,52.08888888888889,31,1.0,1.0,True,True,1.0,True
Maharashtra,Nagpur,"Opp GPO Civil Lines, Nagpur - MPCB",2022-09-01,30,30,27.154999999999998,29.35,30,51.01766666666666,53.269999999999996,30,60.856344827586206,60.230000000000004,30,1.0,1.0,True,True,1.0,True
Maharashtra,Nagpur,"Opp GPO Civil Lines, Nagpur - MPCB",2022-10-01,31,31,47.87,38.7,31,79.50354838709679,67.86,31,98.65381781397676,71.16,31,1.0,1.0,True,True,1.0,True
Maharashtra,Nagpur,"Opp GPO Civil Lines, Nagpur - MPCB",2022-11-01,30,30,88.76433333333333,84.09,30,145.86233333333334,146.09500000000003,30,192.94406602512697,179.8244827586207,30,1.0,1.0,True,True,1.0,True
Maharashtra,Nagpur,"Opp GPO Civil Lines, Nagpur - MPCB",2022-12-01,31,31,101.1174193548387,98.97,31,159.7258064516129,155.81,31,222.03892994309248,228.20793103448275,31,1.0,1.0,True,True,1.0,True
Maharashtra,Nagpur,"Opp GPO Civil Lines, Nagpur - MPCB",2023-01-01,31,31,95.1858064516129,89.58,31,149.6648387096774,146.39,31,208.12940269550145,198.5662068965517,31,1.0,1.0,True,True,1.0,True
Maharashtra,Nagpur,"Opp GPO Civil Lines, Nagpur - MPCB",2023-02-01,28,28,59.849642857142854,54.7,28,125.91107142857142,122.16,28,128.60750958772772,116.44798657718121,28,1.0,1.0,True,True,1.0,True
Maharashtra,Nagpur,"Opp GPO Civil Lines, Nagpur - MPCB",2023-03-01,31,31,61.55838709677419,58.78,31,107.93806451612903,107.42,31,121.37623180500053,105.91013422818791,31,1.0,1.0,True,True,1.0,True
Maharashtra,Nagpur,"Opp GPO Civil Lines, Nagpur - MPCB",2023-04-01,30,30,48.149,46.455,30,88.18466666666667,85.795,30,92.38824153359562,85.795,30,1.0,1.0,True,True,1.0,True
Maharashtra,Nagpur,"Opp GPO Civil Lines, Nagpur - MPCB",2023-05-01,31,31,42.538387096774194,39.08,31,85.9941935483871,86.03,31,86.46125428950387,86.03,31,1.0,1.0,True,True,1.0,True
Maharashtra,Nagpur,"Opp GPO Civil Lines, Nagpur - MPCB",2023-06-01,30,30,29.538333333333334,29.655,30,70.231,73.035,30,70.64679582915478,73.035,30,1.0,1.0,True,True,1.0,True
Maharashtra,Nagpur,"Opp GPO Civil Lines, Nagpur - MPCB",2023-07-01,31,31,17.586129032258064,16.76,31,37.47741935483871,37.48,31,38.104229390681006,38.25,31,1.0,1.0,True,True,1.0,True
Maharashtra,Nagpur,"Ram Nagar, Nagpur - MPCB",2021-08-01,31,0,,,0,,,0,,,31,0.0,0.0,False,False,0.0,False
Maharashtra,Nagpur,"Ram Nagar, Nagpur - MPCB",2021-09-01,30,0,,,0,,,0,,,30,0.0,0.0,False,False,0.0,False
Maharashtra,Nagpur,"Ram Nagar, Nagpur - MPCB",2021-10-01,31,0,,,0,,,0,,,31,0.0,0.0,False,False,0.0,False
Maharashtra,Nagpur,"Ram Nagar, Nagpur - MPCB",2021-11-01,30,0,,,0,,,0,,,30,0.0,0.0,False,False,0.0,False
Maharashtra,Nagpur,"Ram Nagar, Nagpur - MPCB",2021-12-01,31,0,,,0,,,0,,,31,0.0,0.0,False,False,0.0,False
Maharashtra,Nagpur,"Ram Nagar, Nagpur - MPCB",2022-01-01,31,0,,,0,,,0,,,31,0.0,0.0,False,False,0.0,False
Maharashtra,Nagpur,"Ram Nagar, Nagpur - MPCB",2022-02-01,28,0,,,0,,,0,,,28,0.0,0.0,False,False,0.0,False
Maharashtra,Nagpur,"Ram Nagar, Nagpur - MPCB",2022-03-01,31,0,,,0,,,0,,,31,0.0,0.0,False,False,0.0,False
Maharashtra,Nagpur,"Ram Nagar, Nagpur - MPCB",2022-04-01,30,0,,,0,,,0,,,30,0.0,0.0,False,False,0.0,False
Maharashtra,Nagpur,"Ram Nagar, Nagpur - MPCB",2022-05-01,31,0,,,0,,,0,,,31,0.0,0.0,False,False,0.0,False
Maharashtra,Nagpur,"Ram Nagar, Nagpur - MPCB",2022-06-01,30,0,,,0,,,0,,,30,0.0,0.0,False,False,0.0,False
Maharashtra,Nagpur,"Ram Nagar, Nagpur - MPCB",2022-07-01,31,0,,,0,,,0,,,31,0.0,0.0,False,False,0.0,False
Maharashtra,Nagpur,"Ram Nagar, Nagpur - MPCB",2022-08-01,31,0,,,0,,,0,,,31,0.0,0.0,False,False,0.0,False
Maharashtra,Nagpur,"Ram Nagar, Nagpur - MPCB",2022-09-01,30,0,,,0,,,0,,,30,0.0,0.0,False,False,0.0,False
Maharashtra,Nagpur,"Ram Nagar, Nagpur - MPCB",2022-10-01,31,0,,,0,,,0,,,31,0.0,0.0,False,False,0.0,False
Maharashtra,Nagpur,"Ram Nagar, Nagpur - MPCB",2022-11-01,30,0,,,0,,,0,,,30,0.0,0.0,False,False,0.0,False
Maharashtra,Nagpur,"Ram Nagar, Nagpur - MPCB",2022-12-01,31,0,,,0,,,0,,,31,0.0,0.0,False,False,0.0,False
Maharashtra,Nagpur,"Ram Nagar, Nagpur - MPCB",2023-01-01,31,0,,,0,,,0,,,31,0.0,0.0,False,False,0.0,False
Maharashtra,Nagpur,"Ram Nagar, Nagpur - MPCB",2023-02-01,28,0,,,0,,,0,,,28,0.0,0.0,False,False,0.0,False
Maharashtra,Nagpur,"Ram Nagar, Nagpur - MPCB",2023-03-01,31,0,,,0,,,0,,,31,0.0,0.0,False,False,0.0,False
Maharashtra,Nagpur,"Ram Nagar, Nagpur - MPCB",2023-04-01,30,0,,,0,,,0,,,30,0.0,0.0,False,False,0.0,False
Maharashtra,Nagpur,"Ram Nagar, Nagpur - MPCB",2023-05-01,31,0,,,0,,,0,,,31,0.0,0.0,False,False,0.0,False
Maharashtra,Nagpur,"Ram Nagar, Nagpur - MPCB",2023-06-01,30,19,25.261052631578945,22.19,19,59.21578947368422,58.24,19,58.91133050747675,58.24,30,0.6333333333333333,0.6333333333333333,False,False,0.6333333333333333,False
Maharashtra,Nagpur,"Ram Nagar, Nagpur - MPCB",2023-07-01,31,31,14.877096774193548,13.66,31,29.927096774193547,30.55,31,30.223440860215053,30.55,31,1.0,1.0,True,True,1.0,True
Maharashtra,Nanded,"Sneh Nagar, Nanded - MPCB",2021-08-01,31,0,,,0,,,0,,,31,0.0,0.0,False,False,0.0,False
Maharashtra,Nanded,"Sneh Nagar, Nanded - MPCB",2021-09-01,30,0,,,0,,,0,,,30,0.0,0.0,False,False,0.0,False
Maharashtra,Nanded,"Sneh Nagar, Nanded - MPCB",2021-10-01,31,0,,,0,,,0,,,31,0.0,0.0,False,False,0.0,False
Maharashtra,Nanded,"Sneh Nagar, Nanded - MPCB",2021-11-01,30,0,,,0,,,0,,,30,0.0,0.0,False,False,0.0,False
Maharashtra,Nanded,"Sneh Nagar, Nanded - MPCB",2021-12-01,31,0,,,0,,,0,,,31,0.0,0.0,False,False,0.0,False
Maharashtra,Nanded,"Sneh Nagar, Nanded - MPCB",2022-01-01,31,0,,,0,,,0,,,31,0.0,0.0,False,False,0.0,False
Maharashtra,Nanded,"Sneh Nagar, Nanded - MPCB",2022-02-01,28,0,,,0,,,0,,,28,0.0,0.0,False,False,0.0,False
Maharashtra,Nanded,"Sneh Nagar, Nanded - MPCB",2022-03-01,31,0,,,0,,,0,,,31,0.0,0.0,False,False,0.0,False
Maharashtra,Nanded,"Sneh Nagar, Nanded - MPCB",2022-04-01,30,0,,,0,,,0,,,30,0.0,0.0,False,False,0.0,False
Maharashtra,Nanded,"Sneh Nagar, Nanded - MPCB",2022-05-01,31,0,,,0,,,0,,,31,0.0,0.0,False,False,0.0,False
Maharashtra,Nanded,"Sneh Nagar, Nanded - MPCB",2022-06-01,30,0,,,0,,,0,,,30,0.0,0.0,False,False,0.0,False
Maharashtra,Nanded,"Sneh Nagar, Nanded - MPCB",2022-07-01,31,0,,,0,,,0,,,31,0.0,0.0,False,False,0.0,False
Maharashtra,Nanded,"Sneh Nagar, Nanded - MPCB",2022-08-01,31,0,,,0,,,0,,,31,0.0,0.0,False,False,0.0,False
Maharashtra,Nanded,"Sneh Nagar, Nanded - MPCB",2022-09-01,30,0,,,0,,,0,,,30,0.0,0.0,False,False,0.0,False
Maharashtra,Nanded,"Sneh Nagar, Nanded - MPCB",2022-10-01,31,0,,,0,,,0,,,31,0.0,0.0,False,False,0.0,False
Maharashtra,Nanded,"Sneh Nagar, Nanded - MPCB",2022-11-01,30,0,,,0,,,0,,,30,0.0,0.0,False,False,0.0,False
Maharashtra,Nanded,"Sneh Nagar, Nanded - MPCB",2022-12-01,31,0,,,0,,,0,,,31,0.0,0.0,False,False,0.0,False
Maharashtra,Nanded,"Sneh Nagar, Nanded - MPCB",2023-01-01,31,0,,,0,,,0,,,31,0.0,0.0,False,False,0.0,False
Maharashtra,Nanded,"Sneh Nagar, Nanded - MPCB",2023-02-01,28,0,,,0,,,0,,,28,0.0,0.0,False,False,0.0,False
Maharashtra,Nanded,"Sneh Nagar, Nanded - MPCB",2023-03-01,31,0,,,0,,,0,,,31,0.0,0.0,False,False,0.0,False
Maharashtra,Nanded,"Sneh Nagar, Nanded - MPCB",2023-04-01,30,0,,,0,,,0,,,30,0.0,0.0,False,False,0.0,False
Maharashtra,Nanded,"Sneh Nagar, Nanded - MPCB",2023-05-01,31,0,,,0,,,0,,,31,0.0,0.0,False,False,0.0,False
Maharashtra,Nanded,"Sneh Nagar, Nanded - MPCB",2023-06-01,30,15,17.94,19.53,15,55.544,60.51,14,63.43058729889033,63.55499999999999,30,0.5,0.5,False,False,0.4666666666666667,False
Maharashtra,Nanded,"Sneh Nagar, Nanded - MPCB",2023-07-01,31,30,21.368333333333332,18.65,30,46.709666666666664,47.09,30,51.35912643678161,49.42,31,0.967741935483871,0.967741935483871,True,True,0.967741935483871,True
Maharashtra,Nashik,"Gangapur Road, Nashik - MPCB",2021-08-01,31,31,19.26451612903226,18.83,31,32.76129032258065,30.49,31,34.79352150537634,33.34,31,1.0,1.0,True,True,1.0,True
Maharashtra,Nashik,"Gangapur Road, Nashik - MPCB",2021-09-01,30,27,15.451481481481482,13.99,27,35.67185185185185,25.42,27,36.15886941751595,26.333333333333336,30,0.9,0.9,True,True,0.9,True
Maharashtra,Nashik,"Gangapur Road, Nashik - MPCB",2021-10-01,31,31,35.95903225806452,34.93,31,61.59903225806451,61.48,31,64.36592510196515,61.6,31,1.0,1.0,True,True,1.0,True
Maharashtra,Nashik,"Gangapur Road, Nashik - MPCB",2021-11-01,30,30,57.80866666666667,62.155,30,84.32600000000001,92.13,30,104.62592337164752,104.94293103448277,30,1.0,1.0,True,True,1.0,True
Maharashtra,Nashik,"Gangapur Road, Nashik - MPCB",2021-12-01,31,31,67.62870967741937,65.25,31,93.00451612903225,89.54,31,128.67558398220245,115.50862068965517,31,1.0,1.0,True,True,1.0,True
Maharashtra,Nashik,"Gangapur Road, Nashik - MPCB",2022-01-01,31,31,47.4558064516129,50.14,31,104.54741935483872,87.38,31,104.90181359369417,90.89275862068965,31,1.0,1.0,True,True,1.0,True
Maharashtra,Nashik,"Gangapur Road, Nashik - MPCB",2022-02-01,28,28,36.255,34.415,28,75.09214285714286,70.16,28,74.58376252190301,70.49000000000001,28,1.0,1.0,True,True,1.0,True
Maharashtra,Nashik,"Gangapur Road, Nashik - MPCB",2022-03-01,31,31,37.55290322580645,35.88,31,79.5867741935484,74.0,31,78.53968854282536,74.0,31,1.0,1.0,True,True,1.0,True
Maharashtra,Nashik,"Gangapur Road, Nashik - MPCB",2022-04-01,30,30,37.33166666666667,35.695,30,70.69900000000001,69.96000000000001,30,72.04193103448276,72.73258620689654,30,1.0,1.0,True,True,1.0,True
Maharashtra,Nashik,"Gangapur Road, Nashik - MPCB",2022-05-01,31,31,29.425161290322578,27.37,31,80.81483870967743,73.54,31,79.23964710976402,73.54,31,1.0,1.0,True,True,1.0,True
Maharashtra,Nashik,"Gangapur Road, Nashik - MPCB",2022-06-01,30,30,16.954,16.439999999999998,30,42.98466666666666,39.379999999999995,30,44.949333333333335,42.325,30,1.0,1.0,True,True,1.0,True
Maharashtra,Nashik,"Gangapur Road, Nashik - MPCB",2022-07-01,31,31,10.822258064516129,10.94,31,25.596774193548388,23.98,31,30.156344086021505,28.92,31,1.0,1.0,True,True,1.0,True
Maharashtra,Nashik,"Gangapur Road, Nashik - MPCB",2022-08-01,31,25,17.52,17.76,29,37.49689655172414,31.65,29,46.267701149425285,45.0,31,0.8064516129032258,0.9354838709677419,True,True,0.9354838709677419,True
Maharashtra,Nashik,"Gangapur Road, Nashik - MPCB",2022-09-01,30,29,22.184137931034485,19.8,28,40.06142857142857,40.965,29,49.60800836332586,45.05,30,0.9666666666666667,0.9333333333333333,True,True,0.9666666666666667,True
Maharashtra,Nashik,"Gangapur Road, Nashik - MPCB",2022-10-01,31,31,39.182580645161295,33.12,31,72.78129032258065,51.14,31,79.01125590701076,55.88310344827586,31,1.0,1.0,True,True,1.0,True
Maharashtra,Nashik,"Gangapur Road, Nashik - MPCB",2022-11-01,30,30,74.10100000000001,69.175,30,128.09900000000002,119.66,30,148.2430302399136,128.90775862068963,30,1.0,1.0,True,True,1.0,True
Maharashtra,Nashik,"Gangapur Road, Nashik - MPCB",2022-12-01,31,29,59.46896551724138,58.81,29,97.26206896551724,95.67,29,114.21036011486066,99.74655172413793,31,0.9354838709677419,0.9354838709677419,True,True,0.9354838709677419,True
Maharashtra,Nashik,"Gangapur Road, Nashik - MPCB",2023-01-01,31,31,57.55129032258064,55.24,31,92.42774193548387,95.49,31,105.7508981642541,95.49,31,1.0,1.0,True,True,1.0,True
Maharashtra,Nashik,"Gangapur Road, Nashik - MPCB",2023-02-01,28,28,43.96928571428572,49.3,28,92.33392857142857,87.005,28,93.74855365821404,87.005,28,1.0,1.0,True,True,1.0,True
Maharashtra,Nashik,"Gangapur Road, Nashik - MPCB",2023-03-01,31,31,43.41935483870968,45.61,31,74.60387096774194,75.68,31,80.81506769888492,81.71,31,1.0,1.0,True,True,1.0,True
Maharashtra,Nashik,"Gangapur Road, Nashik - MPCB",2023-04-01,30,30,28.523666666666667,28.825,30,57.284,57.0,30,58.54590421455939,57.9,30,1.0,1.0,True,True,1.0,True
Maharashtra,Nashik,"Gangapur Road, Nashik - MPCB",2023-05-01,31,31,24.73516129032258,22.94,31,55.928709677419356,53.46,31,56.46143121987394,53.46,31,1.0,1.0,True,True,1.0,True
Maharashtra,Nashik,"Gangapur Road, Nashik - MPCB",2023-06-01,30,29,27.770689655172415,18.57,29,79.01965517241379,66.17,29,79.95646506645699,73.76,30,0.9666666666666667,0.9666666666666667,True,True,0.9666666666666667,True
Maharashtra,Nashik,"Gangapur Road, Nashik - MPCB",2023-07-01,31,31,10.865806451612903,10.59,31,27.15032258064516,26.47,31,28.948387096774194,28.16,31,1.0,1.0,True,True,1.0,True
Maharashtra,Nashik,"MIDC Ambad, Nashik - MPCB",2021-08-01,31,0,,,0,,,0,,,31,0.0,0.0,False,False,0.0,False
Maharashtra,Nashik,"MIDC Ambad, Nashik - MPCB",2021-09-01,30,0,,,0,,,0,,,30,0.0,0.0,False,False,0.0,False
Maharashtra,Nashik,"MIDC Ambad, Nashik - MPCB",2021-10-01,31,0,,,0,,,0,,,31,0.0,0.0,False,False,0.0,False
Maharashtra,Nashik,"MIDC Ambad, Nashik - MPCB",2021-11-01,30,0,,,0,,,0,,,30,0.0,0.0,False,False,0.0,False
Maharashtra,Nashik,"MIDC Ambad, Nashik - MPCB",2021-12-01,31,0,,,0,,,0,,,31,0.0,0.0,False,False,0.0,False
Maharashtra,Nashik,"MIDC Ambad, Nashik - MPCB",2022-01-01,31,0,,,0,,,0,,,31,0.0,0.0,False,False,0.0,False
Maharashtra,Nashik,"MIDC Ambad, Nashik - MPCB",2022-02-01,28,0,,,0,,,0,,,28,0.0,0.0,False,False,0.0,False
Maharashtra,Nashik,"MIDC Ambad, Nashik - MPCB",2022-03-01,31,0,,,0,,,0,,,31,0.0,0.0,False,False,0.0,False
Maharashtra,Nashik,"MIDC Ambad, Nashik - MPCB",2022-04-01,30,0,,,0,,,0,,,30,0.0,0.0,False,False,0.0,False
Maharashtra,Nashik,"MIDC Ambad, Nashik - MPCB",2022-05-01,31,0,,,0,,,0,,,31,0.0,0.0,False,False,0.0,False
Maharashtra,Nashik,"MIDC Ambad, Nashik - MPCB",2022-06-01,30,0,,,0,,,0,,,30,0.0,0.0,False,False,0.0,False
Maharashtra,Nashik,"MIDC Ambad, Nashik - MPCB",2022-07-01,31,0,,,0,,,0,,,31,0.0,0.0,False,False,0.0,False
Maharashtra,Nashik,"MIDC Ambad, Nashik - MPCB",2022-08-01,31,0,,,0,,,0,,,31,0.0,0.0,False,False,0.0,False
Maharashtra,Nashik,"MIDC Ambad, Nashik - MPCB",2022-09-01,30,0,,,0,,,0,,,30,0.0,0.0,False,False,0.0,False
Maharashtra,Nashik,"MIDC Ambad, Nashik - MPCB",2022-10-01,31,0,,,0,,,0,,,31,0.0,0.0,False,False,0.0,False
Maharashtra,Nashik,"MIDC Ambad, Nashik - MPCB",2022-11-01,30,0,,,0,,,0,,,30,0.0,0.0,False,False,0.0,False
Maharashtra,Nashik,"MIDC Ambad, Nashik - MPCB",2022-12-01,31,0,,,0,,,0,,,31,0.0,0.0,False,False,0.0,False
Maharashtra,Nashik,"MIDC Ambad, Nashik - MPCB",2023-01-01,31,0,,,0,,,0,,,31,0.0,0.0,False,False,0.0,False
Maharashtra,Nashik,"MIDC Ambad, Nashik - MPCB",2023-02-01,28,0,,,0,,,0,,,28,0.0,0.0,False,False,0.0,False
Maharashtra,Nashik,"MIDC Ambad, Nashik - MPCB",2023-03-01,31,0,,,0,,,0,,,31,0.0,0.0,False,False,0.0,False
Maharashtra,Nashik,"MIDC Ambad, Nashik - MPCB",2023-04-01,30,0,,,0,,,0,,,30,0.0,0.0,False,False,0.0,False
Maharashtra,Nashik,"MIDC Ambad, Nashik - MPCB",2023-05-01,31,0,,,0,,,0,,,31,0.0,0.0,False,False,0.0,False
Maharashtra,Nashik,"MIDC Ambad, Nashik - MPCB",2023-06-01,30,17,25.323529411764707,24.45,17,81.07058823529412,78.53,17,78.64259244637452,78.53,30,0.5666666666666667,0.5666666666666667,False,False,0.5666666666666667,False
Maharashtra,Nashik,"MIDC Ambad, Nashik - MPCB",2023-07-01,31,21,20.412857142857142,20.58,21,50.99714285714286,45.38,21,51.24269841269841,45.38,31,0.6774193548387096,0.6774193548387096,False,False,0.6774193548387096,False
Maharashtra,Nashik,"Pandav Nagari, Nashik - MPCB",2021-08-01,31,0,,,0,,,0,,,31,0.0,0.0,False,False,0.0,False
Maharashtra,Nashik,"Pandav Nagari, Nashik - MPCB",2021-09-01,30,0,,,0,,,0,,,30,0.0,0.0,False,False,0.0,False
Maharashtra,Nashik,"Pandav Nagari, Nashik - MPCB",2021-10-01,31,0,,,0,,,0,,,31,0.0,0.0,False,False,0.0,False
Maharashtra,Nashik,"Pandav Nagari, Nashik - MPCB",2021-11-01,30,0,,,0,,,0,,,30,0.0,0.0,False,False,0.0,False
Maharashtra,Nashik,"Pandav Nagari, Nashik - MPCB",2021-12-01,31,0,,,0,,,0,,,31,0.0,0.0,False,False,0.0,False
Maharashtra,Nashik,"Pandav Nagari, Nashik - MPCB",2022-01-01,31,0,,,0,,,0,,,31,0.0,0.0,False,False,0.0,False
Maharashtra,Nashik,"Pandav Nagari, Nashik - MPCB",2022-02-01,28,0,,,0,,,0,,,28,0.0,0.0,False,False,0.0,False
Maharashtra,Nashik,"Pandav Nagari, Nashik - MPCB",2022-03-01,31,0,,,0,,,0,,,31,0.0,0.0,False,False,0.0,False
Maharashtra,Nashik,"Pandav Nagari, Nashik - MPCB",2022-04-01,30,0,,,0,,,0,,,30,0.0,0.0,False,False,0.0,False
Maharashtra,Nashik,"Pandav Nagari, Nashik - MPCB",2022-05-01,31,0,,,0,,,0,,,31,0.0,0.0,False,False,0.0,False
Maharashtra,Nashik,"Pandav Nagari, Nashik - MPCB",2022-06-01,30,0,,,0,,,0,,,30,0.0,0.0,False,False,0.0,False
Maharashtra,Nashik,"Pandav Nagari, Nashik - MPCB",2022-07-01,31,0,,,0,,,0,,,31,0.0,0.0,False,False,0.0,False
Maharashtra,Nashik,"Pandav Nagari, Nashik - MPCB",2022-08-01,31,0,,,0,,,0,,,31,0.0,0.0,False,False,0.0,False
Maharashtra,Nashik,"Pandav Nagari, Nashik - MPCB",2022-09-01,30,0,,,0,,,0,,,30,0.0,0.0,False,False,0.0,False
Maharashtra,Nashik,"Pandav Nagari, Nashik - MPCB",2022-10-01,31,0,,,0,,,0,,,31,0.0,0.0,False,False,0.0,False
Maharashtra,Nashik,"Pandav Nagari, Nashik - MPCB",2022-11-01,30,0,,,0,,,0,,,30,0.0,0.0,False,False,0.0,False
Maharashtra,Nashik,"Pandav Nagari, Nashik - MPCB",2022-12-01,31,0,,,0,,,0,,,31,0.0,0.0,False,False,0.0,False
Maharashtra,Nashik,"Pandav Nagari, Nashik - MPCB",2023-01-01,31,0,,,0,,,0,,,31,0.0,0.0,False,False,0.0,False
Maharashtra,Nashik,"Pandav Nagari, Nashik - MPCB",2023-02-01,28,0,,,0,,,0,,,28,0.0,0.0,False,False,0.0,False
Maharashtra,Nashik,"Pandav Nagari, Nashik - MPCB",2023-03-01,31,0,,,0,,,0,,,31,0.0,0.0,False,False,0.0,False
Maharashtra,Nashik,"Pandav Nagari, Nashik - MPCB",2023-04-01,30,0,,,0,,,0,,,30,0.0,0.0,False,False,0.0,False
Maharashtra,Nashik,"Pandav Nagari, Nashik - MPCB",2023-05-01,31,10,20.346,19.134999999999998,10,46.798,44.010000000000005,10,51.54600000000001,46.980000000000004,31,0.3225806451612903,0.3225806451612903,False,False,0.3225806451612903,False
Maharashtra,Nashik,"Pandav Nagari, Nashik - MPCB",2023-06-01,30,29,22.721724137931034,21.76,29,43.57448275862069,42.15,29,44.89379310344828,42.65,30,0.9666666666666667,0.9666666666666667,True,True,0.9666666666666667,True
Maharashtra,Nashik,"Pandav Nagari, Nashik - MPCB",2023-07-01,31,31,15.533225806451613,13.61,31,46.134838709677425,36.19,31,45.73112414241028,36.19,31,1.0,1.0,True,True,1.0,True
Maharashtra,Navi Mumbai,"Kopripada-Vashi, Navi Mumbai - MPCB",2021-08-01,31,0,,,0,,,0,,,31,0.0,0.0,False,False,0.0,False
Maharashtra,Navi Mumbai,"Kopripada-Vashi, Navi Mumbai - MPCB",2021-09-01,30,0,,,0,,,0,,,30,0.0,0.0,False,False,0.0,False
Maharashtra,Navi Mumbai,"Kopripada-Vashi, Navi Mumbai - MPCB",2021-10-01,31,0,,,0,,,0,,,31,0.0,0.0,False,False,0.0,False
Maharashtra,Navi Mumbai,"Kopripada-Vashi, Navi Mumbai - MPCB",2021-11-01,30,0,,,0,,,0,,,30,0.0,0.0,False,False,0.0,False
Maharashtra,Navi Mumbai,"Kopripada-Vashi, Navi Mumbai - MPCB",2021-12-01,31,0,,,0,,,0,,,31,0.0,0.0,False,False,0.0,False
Maharashtra,Navi Mumbai,"Kopripada-Vashi, Navi Mumbai - MPCB",2022-01-01,31,0,,,0,,,0,,,31,0.0,0.0,False,False,0.0,False
Maharashtra,Navi Mumbai,"Kopripada-Vashi, Navi Mumbai - MPCB",2022-02-01,28,0,,,0,,,0,,,28,0.0,0.0,False,False,0.0,False
Maharashtra,Navi Mumbai,"Kopripada-Vashi, Navi Mumbai - MPCB",2022-03-01,31,0,,,0,,,0,,,31,0.0,0.0,False,False,0.0,False
Maharashtra,Navi Mumbai,"Kopripada-Vashi, Navi Mumbai - MPCB",2022-04-01,30,0,,,0,,,0,,,30,0.0,0.0,False,False,0.0,False
Maharashtra,Navi Mumbai,"Kopripada-Vashi, Navi Mumbai - MPCB",2022-05-01,31,0,,,0,,,0,,,31,0.0,0.0,False,False,0.0,False
Maharashtra,Navi Mumbai,"Kopripada-Vashi, Navi Mumbai - MPCB",2022-06-01,30,0,,,0,,,0,,,30,0.0,0.0,False,False,0.0,False
Maharashtra,Navi Mumbai,"Kopripada-Vashi, Navi Mumbai - MPCB",2022-07-01,31,0,,,0,,,0,,,31,0.0,0.0,False,False,0.0,False
Maharashtra,Navi Mumbai,"Kopripada-Vashi, Navi Mumbai - MPCB",2022-08-01,31,0,,,0,,,0,,,31,0.0,0.0,False,False,0.0,False
Maharashtra,Navi Mumbai,"Kopripada-Vashi, Navi Mumbai - MPCB",2022-09-01,30,0,,,0,,,0,,,30,0.0,0.0,False,False,0.0,False
Maharashtra,Navi Mumbai,"Kopripada-Vashi, Navi Mumbai - MPCB",2022-10-01,31,0,,,0,,,0,,,31,0.0,0.0,False,False,0.0,False
Maharashtra,Navi Mumbai,"Kopripada-Vashi, Navi Mumbai - MPCB",2022-11-01,30,0,,,0,,,0,,,30,0.0,0.0,False,False,0.0,False
Maharashtra,Navi Mumbai,"Kopripada-Vashi, Navi Mumbai - MPCB",2022-12-01,31,0,,,0,,,0,,,31,0.0,0.0,False,False,0.0,False
Maharashtra,Navi Mumbai,"Kopripada-Vashi, Navi Mumbai - MPCB",2023-01-01,31,0,,,0,,,0,,,31,0.0,0.0,False,False,0.0,False
Maharashtra,Navi Mumbai,"Kopripada-Vashi, Navi Mumbai - MPCB",2023-02-01,28,0,,,0,,,0,,,28,0.0,0.0,False,False,0.0,False
Maharashtra,Navi Mumbai,"Kopripada-Vashi, Navi Mumbai - MPCB",2023-03-01,31,0,,,0,,,0,,,31,0.0,0.0,False,False,0.0,False
Maharashtra,Navi Mumbai,"Kopripada-Vashi, Navi Mumbai - MPCB",2023-04-01,30,0,,,0,,,0,,,30,0.0,0.0,False,False,0.0,False
Maharashtra,Navi Mumbai,"Kopripada-Vashi, Navi Mumbai - MPCB",2023-05-01,31,0,,,0,,,0,,,31,0.0,0.0,False,False,0.0,False
Maharashtra,Navi Mumbai,"Kopripada-Vashi, Navi Mumbai - MPCB",2023-06-01,30,15,24.252,20.29,15,57.89266666666666,59.61,15,59.26455172413793,59.61,30,0.5,0.5,False,False,0.5,False
Maharashtra,Navi Mumbai,"Kopripada-Vashi, Navi Mumbai - MPCB",2023-07-01,31,31,21.64774193548387,16.72,31,48.37645161290323,37.29,31,51.92363282095692,39.48,31,1.0,1.0,True,True,1.0,True
Maharashtra,Navi Mumbai,"Mahape, Navi Mumbai - MPCB",2021-08-01,31,30,27.916666666666668,27.295,31,56.97677419354839,51.77,30,60.56568559232688,55.08333333333333,31,0.967741935483871,1.0,True,True,0.967741935483871,True
Maharashtra,Navi Mumbai,"Mahape, Navi Mumbai - MPCB",2021-09-01,30,30,27.670666666666666,25.229999999999997,30,56.48133333333333,47.285,30,60.74249297573435,51.68672413793104,30,1.0,1.0,True,True,1.0,True
Maharashtra,Navi Mumbai,"Mahape, Navi Mumbai - MPCB",2021-10-01,31,31,50.51516129032258,48.09,31,80.74677419354839,78.2,31,91.74461549372532,83.28,31,1.0,1.0,True,True,1.0,True
Maharashtra,Navi Mumbai,"Mahape, Navi Mumbai - MPCB",2021-11-01,30,29,80.61103448275861,84.0,29,120.31620689655173,128.2,29,174.01353068052984,179.51724137931035,30,0.9666666666666667,0.9666666666666667,True,True,0.9666666666666667,True
Maharashtra,Navi Mumbai,"Mahape, Navi Mumbai - MPCB",2021-12-01,31,27,103.7374074074074,108.46,29,135.2951724137931,131.28,28,223.64274804091448,239.9513793103448,31,0.8709677419354839,0.9354838709677419,True,True,0.9032258064516129,True
Maharashtra,Navi Mumbai,"Mahape, Navi Mumbai - MPCB",2022-01-01,31,31,81.23806451612903,67.9,31,196.46806451612903,181.98,31,193.39880190296304,161.7687248322148,31,1.0,1.0,True,True,1.0,True
Maharashtra,Navi Mumbai,"Mahape, Navi Mumbai - MPCB",2022-02-01,28,28,54.44642857142857,49.41,28,208.25142857142856,198.76999999999998,28,177.49621450061164,165.96127516778523,28,1.0,1.0,True,True,1.0,True
Maharashtra,Navi Mumbai,"Mahape, Navi Mumbai - MPCB",2022-03-01,31,28,56.23428571428571,49.865,2,231.255,231.255,28,134.03164235155688,115.96867088607596,31,0.9032258064516129,0.06451612903225806,True,False,0.9032258064516129,True
Maharashtra,Navi Mumbai,"Mahape, Navi Mumbai - MPCB",2022-04-01,30,26,59.34653846153846,54.985,29,167.8751724137931,153.27,28,150.4622350150428,133.94906040268455,30,0.8666666666666667,0.9666666666666667,True,True,0.9333333333333333,True
Maharashtra,Navi Mumbai,"Mahape, Navi Mumbai - MPCB",2022-05-01,31,31,43.530967741935484,38.77,31,138.28451612903226,121.54,31,124.88854297466983,114.64738255033558,31,1.0,1.0,True,True,1.0,True
Maharashtra,Navi Mumbai,"Mahape, Navi Mumbai - MPCB",2022-06-01,30,12,22.746666666666666,23.325000000000003,13,70.35615384615384,74.59,14,79.39624960051135,76.28999999999999,30,0.4,0.43333333333333335,False,False,0.4666666666666667,False
Maharashtra,Navi Mumbai,"Mahape, Navi Mumbai - MPCB",2022-07-01,31,28,16.069642857142856,12.395,28,55.503928571428574,56.375,28,92.8733237894314,95.37222222222222,31,0.9032258064516129,0.9032258064516129,True,True,0.9032258064516129,True
Maharashtra,Navi Mumbai,"Mahape, Navi Mumbai - MPCB",2022-08-01,31,24,20.3125,14.309999999999999,31,58.97096774193548,41.36,31,59.66550850444929,45.5375,31,0.7741935483870968,1.0,True,True,1.0,True
Maharashtra,Navi Mumbai,"Mahape, Navi Mumbai - MPCB",2022-09-01,30,21,20.65714285714286,17.15,26,67.97538461538463,67.005,21,82.84986519818735,79.05,30,0.7,0.8666666666666667,False,True,0.7,False
Maharashtra,Navi Mumbai,"Mahape, Navi Mumbai - MPCB",2022-10-01,31,31,34.36032258064516,28.58,31,112.0816129032258,106.38,31,107.06852886503275,104.57463087248321,31,1.0,1.0,True,True,1.0,True
Maharashtra,Navi Mumbai,"Mahape, Navi Mumbai - MPCB",2022-11-01,30,26,62.37769230769231,61.4,26,221.0826923076923,224.02,26,182.68671915332988,182.73812080536914,30,0.8666666666666667,0.8666666666666667,True,True,0.8666666666666667,True
Maharashtra,Navi Mumbai,"Mahape, Navi Mumbai - MPCB",2022-12-01,31,31,55.044838709677414,57.31,31,213.29290322580644,218.71,31,177.38697120588873,179.21,31,1.0,1.0,True,True,1.0,True
Maharashtra,Navi Mumbai,"Mahape, Navi Mumbai - MPCB",2023-01-01,31,30,62.279333333333334,55.894999999999996,30,227.03566666666666,216.845,31,187.87752577965765,178.77147651006715,31,0.967741935483871,0.967741935483871,True,True,1.0,True
Maharashtra,Navi Mumbai,"Mahape, Navi Mumbai - MPCB",2023-02-01,28,26,54.42,52.945,26,217.0273076923077,215.28500000000003,26,179.47348546544842,176.9343288590604,28,0.9285714285714286,0.9285714285714286,True,True,0.9285714285714286,True
Maharashtra,Navi Mumbai,"Mahape, Navi Mumbai - MPCB",2023-03-01,31,29,42.78068965517242,41.37,29,178.10793103448276,147.66,29,155.0194445730155,132.00228187919464,31,0.9354838709677419,0.9354838709677419,True,True,0.9354838709677419,True
Maharashtra,Navi Mumbai,"Mahape, Navi Mumbai - MPCB",2023-04-01,30,28,37.73571428571428,37.26,28,136.80285714285714,125.715,28,123.97759348034516,117.42137583892617,30,0.9333333333333333,0.9333333333333333,True,True,0.9333333333333333,True
Maharashtra,Navi Mumbai,"Mahape, Navi Mumbai - MPCB",2023-05-01,31,26,26.11923076923077,23.845,31,80.91838709677418,73.46,31,84.08567671990275,77.66102564102565,31,0.8387096774193549,1.0,True,True,1.0,True
Maharashtra,Navi Mumbai,"Mahape, Navi Mumbai - MPCB",2023-06-01,30,30,19.366333333333333,19.255000000000003,29,68.36689655172414,74.05,30,78.82987693837359,79.61,30,1.0,0.9666666666666667,True,True,1.0,True
Maharashtra,Navi Mumbai,"Mahape, Navi Mumbai - MPCB",2023-07-01,31,28,13.461785714285714,13.41,27,44.40925925925926,39.63,28,82.01168575447056,85.41307692307691,31,0.9032258064516129,0.8709677419354839,True,True,0.9032258064516129,True
Maharashtra,Navi Mumbai,"Nerul, Navi Mumbai - MPCB",2021-08-01,31,31,17.223225806451612,16.6,30,56.10633333333333,54.7,30,56.14679194630873,54.7,31,1.0,0.967741935483871,True,True,0.967741935483871,True
Maharashtra,Navi Mumbai,"Nerul, Navi Mumbai - MPCB",2021-09-01,30,26,15.405,14.004999999999999,26,43.89076923076924,36.625,26,46.95923076923077,39.480000000000004,30,0.8666666666666667,0.8666666666666667,True,True,0.8666666666666667,True
Maharashtra,Navi Mumbai,"Nerul, Navi Mumbai - MPCB",2021-10-01,31,31,50.1325806451613,45.93,31,117.73483870967742,122.61,31,110.6727608584004,115.35832214765101,31,1.0,1.0,True,True,1.0,True
Maharashtra,Navi Mumbai,"Nerul, Navi Mumbai - MPCB",2021-11-01,30,30,81.51433333333333,86.795,30,145.69799999999998,148.94,30,182.41693920354257,189.0587931034483,30,1.0,1.0,True,True,1.0,True
Maharashtra,Navi Mumbai,"Nerul, Navi Mumbai - MPCB",2021-12-01,31,30,102.55933333333334,100.015,29,180.61068965517242,185.43,29,230.88923439118963,233.73827586206897,31,0.967741935483871,0.9354838709677419,True,True,0.9354838709677419,True
Maharashtra,Navi Mumbai,"Nerul, Navi Mumbai - MPCB",2022-01-01,31,31,90.34870967741935,90.97,27,214.0525925925926,202.12,31,218.21539738793365,213.35793103448276,31,1.0,0.8709677419354839,True,True,1.0,True
Maharashtra,Navi Mumbai,"Nerul, Navi Mumbai - MPCB",2022-02-01,28,28,81.64464285714287,80.87,28,240.35357142857143,224.29000000000002,28,211.71077140195513,197.4186912751678,28,1.0,1.0,True,True,1.0,True
Maharashtra,Navi Mumbai,"Nerul, Navi Mumbai - MPCB",2022-03-01,31,31,80.46129032258065,89.7,31,246.73161290322582,223.18,31,235.62933001810939,235.0661538461538,31,1.0,1.0,True,True,1.0,True
Maharashtra,Navi Mumbai,"Nerul, Navi Mumbai - MPCB",2022-04-01,30,30,46.52366666666667,42.845,27,168.44814814814816,147.34,27,150.14918372344096,131.7896644295302,30,1.0,0.9,True,True,0.9,True
Maharashtra,Navi Mumbai,"Nerul, Navi Mumbai - MPCB",2022-05-01,31,31,32.94838709677419,31.49,30,135.297,120.215,31,119.73608013378028,113.65073825503356,31,1.0,0.967741935483871,True,True,1.0,True
Maharashtra,Navi Mumbai,"Nerul, Navi Mumbai - MPCB",2022-06-01,30,30,9.91,8.350000000000001,29,50.19827586206897,41.08,30,52.94790827740493,44.39,30,1.0,0.9666666666666667,True,True,1.0,True
Maharashtra,Navi Mumbai,"Nerul, Navi Mumbai - MPCB",2022-07-01,31,30,13.894,13.585,31,46.00774193548387,44.6,31,78.82529786962623,53.49,31,0.967741935483871,1.0,True,True,1.0,True
Maharashtra,Navi Mumbai,"Nerul, Navi Mumbai - MPCB",2022-08-01,31,31,14.343548387096773,11.08,31,45.192903225806454,33.95,31,44.802450746914914,33.95,31,1.0,1.0,True,True,1.0,True
Maharashtra,Navi Mumbai,"Nerul, Navi Mumbai - MPCB",2022-09-01,30,30,21.036333333333335,20.3,24,52.45083333333333,41.97,24,55.0315312733035,45.11833333333333,30,1.0,0.8,True,True,0.8,True
Maharashtra,Navi Mumbai,"Nerul, Navi Mumbai - MPCB",2022-10-01,31,31,54.08903225806451,40.76,31,102.0958064516129,90.28,31,119.89695155795428,94.89,31,1.0,1.0,True,True,1.0,True
Maharashtra,Navi Mumbai,"Nerul, Navi Mumbai - MPCB",2022-11-01,30,29,123.59206896551724,118.41,30,210.97766666666666,209.07,30,272.3430167004838,294.16241379310344,30,0.9666666666666667,1.0,True,True,1.0,True
Maharashtra,Navi Mumbai,"Nerul, Navi Mumbai - MPCB",2022-12-01,31,31,138.43290322580646,140.34,31,224.97290322580645,219.66,31,295.1626359186916,315.84232558139536,31,1.0,1.0,True,True,1.0,True
Maharashtra,Navi Mumbai,"Nerul, Navi Mumbai - MPCB",2023-01-01,31,31,132.74064516129033,135.89,31,225.83129032258066,221.85,31,291.52980056226744,312.4272093023256,31,1.0,1.0,True,True,1.0,True
Maharashtra,Navi Mumbai,"Nerul, Navi Mumbai - MPCB",2023-02-01,28,28,117.89999999999999,119.17,28,260.08,253.10000000000002,28,276.91804231954086,297.34224137931034,28,1.0,1.0,True,True,1.0,True
Maharashtra,Navi Mumbai,"Nerul, Navi Mumbai - MPCB",2023-03-01,31,31,82.82290322580644,70.02,31,197.12,183.22,31,199.79295080650184,164.97791946308723,31,1.0,1.0,True,True,1.0,True
Maharashtra,Navi Mumbai,"Nerul, Navi Mumbai - MPCB",2023-04-01,30,30,37.096,32.435,30,147.14133333333334,142.81,30,131.64989261744967,128.77979865771812,30,1.0,1.0,True,True,1.0,True
Maharashtra,Navi Mumbai,"Nerul, Navi Mumbai - MPCB",2023-05-01,31,31,16.16483870967742,15.87,31,84.50032258064518,77.55,31,83.8882567174232,77.55,31,1.0,1.0,True,True,1.0,True
Maharashtra,Navi Mumbai,"Nerul, Navi Mumbai - MPCB",2023-06-01,30,30,27.141000000000002,16.115000000000002,29,341.0817241379311,296.45,30,259.39570611158746,248.935,30,1.0,0.9666666666666667,True,True,1.0,True
Maharashtra,Navi Mumbai,"Nerul, Navi Mumbai - MPCB",2023-07-01,31,30,12.712333333333333,12.395,31,34.056774193548385,31.08,31,53.2536817748741,42.5,31,0.967741935483871,1.0,True,True,1.0,True
Maharashtra,Navi Mumbai,"Sanpada, Navi Mumbai - MPCB",2021-08-01,31,0,,,0,,,0,,,31,0.0,0.0,False,False,0.0,False
Maharashtra,Navi Mumbai,"Sanpada, Navi Mumbai - MPCB",2021-09-01,30,0,,,0,,,0,,,30,0.0,0.0,False,False,0.0,False
Maharashtra,Navi Mumbai,"Sanpada, Navi Mumbai - MPCB",2021-10-01,31,0,,,0,,,0,,,31,0.0,0.0,False,False,0.0,False
Maharashtra,Navi Mumbai,"Sanpada, Navi Mumbai - MPCB",2021-11-01,30,0,,,0,,,0,,,30,0.0,0.0,False,False,0.0,False
Maharashtra,Navi Mumbai,"Sanpada, Navi Mumbai - MPCB",2021-12-01,31,0,,,0,,,0,,,31,0.0,0.0,False,False,0.0,False
Maharashtra,Navi Mumbai,"Sanpada, Navi Mumbai - MPCB",2022-01-01,31,0,,,0,,,0,,,31,0.0,0.0,False,False,0.0,False
Maharashtra,Navi Mumbai,"Sanpada, Navi Mumbai - MPCB",2022-02-01,28,0,,,0,,,0,,,28,0.0,0.0,False,False,0.0,False
Maharashtra,Navi Mumbai,"Sanpada, Navi Mumbai - MPCB",2022-03-01,31,0,,,0,,,0,,,31,0.0,0.0,False,False,0.0,False
Maharashtra,Navi Mumbai,"Sanpada, Navi Mumbai - MPCB",2022-04-01,30,0,,,0,,,0,,,30,0.0,0.0,False,False,0.0,False
Maharashtra,Navi Mumbai,"Sanpada, Navi Mumbai - MPCB",2022-05-01,31,0,,,0,,,0,,,31,0.0,0.0,False,False,0.0,False
Maharashtra,Navi Mumbai,"Sanpada, Navi Mumbai - MPCB",2022-06-01,30,0,,,0,,,0,,,30,0.0,0.0,False,False,0.0,False
Maharashtra,Navi Mumbai,"Sanpada, Navi Mumbai - MPCB",2022-07-01,31,0,,,0,,,0,,,31,0.0,0.0,False,False,0.0,False
Maharashtra,Navi Mumbai,"Sanpada, Navi Mumbai - MPCB",2022-08-01,31,0,,,0,,,0,,,31,0.0,0.0,False,False,0.0,False
Maharashtra,Navi Mumbai,"Sanpada, Navi Mumbai - MPCB",2022-09-01,30,0,,,0,,,0,,,30,0.0,0.0,False,False,0.0,False
Maharashtra,Navi Mumbai,"Sanpada, Navi Mumbai - MPCB",2022-10-01,31,0,,,0,,,0,,,31,0.0,0.0,False,False,0.0,False
Maharashtra,Navi Mumbai,"Sanpada, Navi Mumbai - MPCB",2022-11-01,30,0,,,0,,,0,,,30,0.0,0.0,False,False,0.0,False
Maharashtra,Navi Mumbai,"Sanpada, Navi Mumbai - MPCB",2022-12-01,31,0,,,0,,,0,,,31,0.0,0.0,False,False,0.0,False
Maharashtra,Navi Mumbai,"Sanpada, Navi Mumbai - MPCB",2023-01-01,31,0,,,0,,,0,,,31,0.0,0.0,False,False,0.0,False
Maharashtra,Navi Mumbai,"Sanpada, Navi Mumbai - MPCB",2023-02-01,28,0,,,0,,,0,,,28,0.0,0.0,False,False,0.0,False
Maharashtra,Navi Mumbai,"Sanpada, Navi Mumbai - MPCB",2023-03-01,31,0,,,0,,,0,,,31,0.0,0.0,False,False,0.0,False
Maharashtra,Navi Mumbai,"Sanpada, Navi Mumbai - MPCB",2023-04-01,30,0,,,0,,,0,,,30,0.0,0.0,False,False,0.0,False
Maharashtra,Navi Mumbai,"Sanpada, Navi Mumbai - MPCB",2023-05-01,31,0,,,0,,,0,,,31,0.0,0.0,False,False,0.0,False
Maharashtra,Navi Mumbai,"Sanpada, Navi Mumbai - MPCB",2023-06-01,30,5,13.544,15.5,5,21.208,22.63,5,22.836666666666666,25.833333333333336,30,0.16666666666666666,0.16666666666666666,False,False,0.16666666666666666,False
Maharashtra,Navi Mumbai,"Sanpada, Navi Mumbai - MPCB",2023-07-01,31,31,13.418709677419356,13.09,31,23.62709677419355,21.03,31,26.39002688172043,25.637500000000003,31,1.0,1.0,True,True,1.0,True
Maharashtra,Navi Mumbai,"Sector-19A Nerul, Navi Mumbai - IITM",2021-08-01,31,30,15.45,15.745000000000001,30,27.689,25.915,30,51.43355555555556,57.261111111111106,31,0.967741935483871,0.967741935483871,True,True,0.967741935483871,True
Maharashtra,Navi Mumbai,"Sector-19A Nerul, Navi Mumbai - IITM",2021-09-01,30,30,12.687333333333333,11.545,30,30.154333333333334,22.715,30,57.47248148148148,54.8111111111111,30,1.0,1.0,True,True,1.0,True
Maharashtra,Navi Mumbai,"Sector-19A Nerul, Navi Mumbai - IITM",2021-10-01,31,31,32.90741935483871,35.13,31,83.09129032258065,87.69,31,86.31097471795242,87.69,31,1.0,1.0,True,True,1.0,True
Maharashtra,Navi Mumbai,"Sector-19A Nerul, Navi Mumbai - IITM",2021-11-01,30,30,53.852999999999994,57.21,30,123.97366666666667,127.30000000000001,30,117.62514769386374,120.21862416107382,30,1.0,1.0,True,True,1.0,True
Maharashtra,Navi Mumbai,"Sector-19A Nerul, Navi Mumbai - IITM",2021-12-01,31,28,66.64535714285714,70.89500000000001,28,149.83214285714286,170.525,28,163.3259996944595,156.35499884286043,31,0.9032258064516129,0.9032258064516129,True,True,0.9032258064516129,True
Maharashtra,Navi Mumbai,"Sector-19A Nerul, Navi Mumbai - IITM",2022-01-01,31,25,56.9988,56.03,25,197.28560000000002,165.58,25,179.02298937651523,143.9088590604027,31,0.8064516129032258,0.8064516129032258,True,True,0.8064516129032258,True
Maharashtra,Navi Mumbai,"Sector-19A Nerul, Navi Mumbai - IITM",2022-02-01,28,28,47.82678571428572,48.715,28,164.73,157.94,28,144.48914708666578,138.83261744966444,28,1.0,1.0,True,True,1.0,True
Maharashtra,Navi Mumbai,"Sector-19A Nerul, Navi Mumbai - IITM",2022-03-01,31,31,40.00967741935484,42.15,31,146.41645161290322,156.95,31,131.84334920978569,138.1748322147651,31,1.0,1.0,True,True,1.0,True
Maharashtra,Navi Mumbai,"Sector-19A Nerul, Navi Mumbai - IITM",2022-04-01,30,30,23.68566666666667,21.67,30,77.898,69.715,30,97.90294375840463,99.13888888888889,30,1.0,1.0,True,True,1.0,True
Maharashtra,Navi Mumbai,"Sector-19A Nerul, Navi Mumbai - IITM",2022-05-01,31,30,23.16033333333333,18.555,30,62.035,49.3,30,86.24522421078797,88.29444444444445,31,0.967741935483871,0.967741935483871,True,True,0.967741935483871,True
Maharashtra,Navi Mumbai,"Sector-19A Nerul, Navi Mumbai - IITM",2022-06-01,30,27,6.334444444444444,4.07,27,16.84962962962963,11.05,27,86.15888576340052,95.64444444444445,30,0.9,0.9,True,True,0.9,True
Maharashtra,Navi Mumbai,"Sector-19A Nerul, Navi Mumbai - IITM",2022-07-01,31,23,29.53,32.0,23,35.616956521739134,40.05,23,69.38411294352822,67.87777777777777,31,0.7419354838709677,0.7419354838709677,False,False,0.7419354838709677,False
Maharashtra,Navi Mumbai,"Sector-19A Nerul, Navi Mumbai - IITM",2022-08-01,31,30,28.709666666666667,12.875,30,35.812999999999995,18.26,30,103.0046502789066,88.02222222222223,31,0.967741935483871,0.967741935483871,True,True,0.967741935483871,True
Maharashtra,Navi Mumbai,"Sector-19A Nerul, Navi Mumbai - IITM",2022-09-01,30,27,36.016666666666666,31.41,27,46.07666666666666,40.43,27,98.28764154959556,90.74444444444444,30,0.9,0.9,True,True,0.9,True
Maharashtra,Navi Mumbai,"Sector-19A Nerul, Navi Mumbai - IITM",2022-10-01,31,31,90.5958064516129,79.53,31,119.46548387096774,107.54,31,189.65643310939956,164.25758620689655,31,1.0,1.0,True,True,1.0,True
Maharashtra,Navi Mumbai,"Sector-19A Nerul, Navi Mumbai - IITM",2022-11-01,30,30,115.85766666666667,81.095,30,162.873,131.34,30,238.68935070836676,169.6001724137931,30,1.0,1.0,True,True,1.0,True
Maharashtra,Navi Mumbai,"Sector-19A Nerul, Navi Mumbai - IITM",2022-12-01,31,17,142.58705882352942,80.38,17,195.9229411764706,131.08,17,235.18004490223643,167.1593103448276,31,0.5483870967741935,0.5483870967741935,False,False,0.5483870967741935,False
Maharashtra,Navi Mumbai,"Sector-19A Nerul, Navi Mumbai - IITM",2023-01-01,31,25,188.25119999999998,184.19,25,231.02360000000002,227.05,25,350.30617727951625,349.4946511627907,31,0.8064516129032258,0.8064516129032258,True,True,0.8064516129032258,True
Maharashtra,Navi Mumbai,"Sector-19A Nerul, Navi Mumbai - IITM",2023-02-01,28,28,235.51999999999998,238.265,28,286.79285714285714,287.495,28,380.2762740391932,390.99406976744183,28,1.0,1.0,True,True,1.0,True
Maharashtra,Navi Mumbai,"Sector-19A Nerul, Navi Mumbai - IITM",2023-03-01,31,15,159.112,92.82,15,192.696,110.86,15,259.87098721015775,207.21310344827583,31,0.4838709677419355,0.4838709677419355,False,False,0.4838709677419355,False
Maharashtra,Navi Mumbai,"Sector-19A Nerul, Navi Mumbai - IITM",2023-04-01,30,15,120.91799999999999,94.53,15,140.704,115.09,15,252.2096172146485,213.05068965517242,30,0.5,0.5,False,False,0.5,False
Maharashtra,Navi Mumbai,"Sector-19A Nerul, Navi Mumbai - IITM",2023-05-01,31,4,29.6675,30.22,4,37.6,38.51,4,49.19859195402299,50.09448275862069,31,0.12903225806451613,0.12903225806451613,False,False,0.12903225806451613,False
Maharashtra,Navi Mumbai,"Sector-19A Nerul, Navi Mumbai - IITM",2023-06-01,30,0,,,0,,,0,,,30,0.0,0.0,False,False,0.0,False
Maharashtra,Navi Mumbai,"Sector-19A Nerul, Navi Mumbai - IITM",2023-07-01,31,28,50.097500000000004,16.5,28,77.4057142857143,20.685,28,132.89687521011817,100.0,31,0.9032258064516129,0.9032258064516129,True,True,0.9032258064516129,True
Maharashtra,Navi Mumbai,"Sector-2E Kalamboli, Navi Mumbai - MPCB",2021-08-01,31,0,,,0,,,0,,,31,0.0,0.0,False,False,0.0,False
Maharashtra,Navi Mumbai,"Sector-2E Kalamboli, Navi Mumbai - MPCB",2021-09-01,30,0,,,0,,,0,,,30,0.0,0.0,False,False,0.0,False
Maharashtra,Navi Mumbai,"Sector-2E Kalamboli, Navi Mumbai - MPCB",2021-10-01,31,0,,,0,,,0,,,31,0.0,0.0,False,False,0.0,False
Maharashtra,Navi Mumbai,"Sector-2E Kalamboli, Navi Mumbai - MPCB",2021-11-01,30,0,,,0,,,0,,,30,0.0,0.0,False,False,0.0,False
Maharashtra,Navi Mumbai,"Sector-2E Kalamboli, Navi Mumbai - MPCB",2021-12-01,31,0,,,0,,,0,,,31,0.0,0.0,False,False,0.0,False
Maharashtra,Navi Mumbai,"Sector-2E Kalamboli, Navi Mumbai - MPCB",2022-01-01,31,0,,,0,,,0,,,31,0.0,0.0,False,False,0.0,False
Maharashtra,Navi Mumbai,"Sector-2E Kalamboli, Navi Mumbai - MPCB",2022-02-01,28,0,,,0,,,0,,,28,0.0,0.0,False,False,0.0,False
Maharashtra,Navi Mumbai,"Sector-2E Kalamboli, Navi Mumbai - MPCB",2022-03-01,31,0,,,0,,,0,,,31,0.0,0.0,False,False,0.0,False
Maharashtra,Navi Mumbai,"Sector-2E Kalamboli, Navi Mumbai - MPCB",2022-04-01,30,0,,,0,,,0,,,30,0.0,0.0,False,False,0.0,False
Maharashtra,Navi Mumbai,"Sector-2E Kalamboli, Navi Mumbai - MPCB",2022-05-01,31,0,,,0,,,0,,,31,0.0,0.0,False,False,0.0,False
Maharashtra,Navi Mumbai,"Sector-2E Kalamboli, Navi Mumbai - MPCB",2022-06-01,30,0,,,0,,,0,,,30,0.0,0.0,False,False,0.0,False
Maharashtra,Navi Mumbai,"Sector-2E Kalamboli, Navi Mumbai - MPCB",2022-07-01,31,0,,,0,,,0,,,31,0.0,0.0,False,False,0.0,False
Maharashtra,Navi Mumbai,"Sector-2E Kalamboli, Navi Mumbai - MPCB",2022-08-01,31,0,,,0,,,0,,,31,0.0,0.0,False,False,0.0,False
Maharashtra,Navi Mumbai,"Sector-2E Kalamboli, Navi Mumbai - MPCB",2022-09-01,30,0,,,0,,,0,,,30,0.0,0.0,False,False,0.0,False
Maharashtra,Navi Mumbai,"Sector-2E Kalamboli, Navi Mumbai - MPCB",2022-10-01,31,0,,,0,,,0,,,31,0.0,0.0,False,False,0.0,False
Maharashtra,Navi Mumbai,"Sector-2E Kalamboli, Navi Mumbai - MPCB",2022-11-01,30,0,,,0,,,0,,,30,0.0,0.0,False,False,0.0,False
Maharashtra,Navi Mumbai,"Sector-2E Kalamboli, Navi Mumbai - MPCB",2022-12-01,31,0,,,0,,,0,,,31,0.0,0.0,False,False,0.0,False
Maharashtra,Navi Mumbai,"Sector-2E Kalamboli, Navi Mumbai - MPCB",2023-01-01,31,0,,,0,,,0,,,31,0.0,0.0,False,False,0.0,False
Maharashtra,Navi Mumbai,"Sector-2E Kalamboli, Navi Mumbai - MPCB",2023-02-01,28,0,,,0,,,0,,,28,0.0,0.0,False,False,0.0,False
Maharashtra,Navi Mumbai,"Sector-2E Kalamboli, Navi Mumbai - MPCB",2023-03-01,31,0,,,0,,,0,,,31,0.0,0.0,False,False,0.0,False
Maharashtra,Navi Mumbai,"Sector-2E Kalamboli, Navi Mumbai - MPCB",2023-04-01,30,0,,,0,,,0,,,30,0.0,0.0,False,False,0.0,False
Maharashtra,Navi Mumbai,"Sector-2E Kalamboli, Navi Mumbai - MPCB",2023-05-01,31,0,,,0,,,0,,,31,0.0,0.0,False,False,0.0,False
Maharashtra,Navi Mumbai,"Sector-2E Kalamboli, Navi Mumbai - MPCB",2023-06-01,30,0,,,0,,,0,,,30,0.0,0.0,False,False,0.0,False
Maharashtra,Navi Mumbai,"Sector-2E Kalamboli, Navi Mumbai - MPCB",2023-07-01,31,11,13.652727272727274,13.74,11,26.70818181818182,26.82,11,44.54611111111112,34.162499999999994,31,0.3548387096774194,0.3548387096774194,False,False,0.3548387096774194,False
Maharashtra,Navi Mumbai,"Tondare-Taloja, Navi Mumbai - MPCB",2021-08-01,31,0,,,0,,,0,,,31,0.0,0.0,False,False,0.0,False
Maharashtra,Navi Mumbai,"Tondare-Taloja, Navi Mumbai - MPCB",2021-09-01,30,0,,,0,,,0,,,30,0.0,0.0,False,False,0.0,False
Maharashtra,Navi Mumbai,"Tondare-Taloja, Navi Mumbai - MPCB",2021-10-01,31,0,,,0,,,0,,,31,0.0,0.0,False,False,0.0,False
Maharashtra,Navi Mumbai,"Tondare-Taloja, Navi Mumbai - MPCB",2021-11-01,30,0,,,0,,,0,,,30,0.0,0.0,False,False,0.0,False
Maharashtra,Navi Mumbai,"Tondare-Taloja, Navi Mumbai - MPCB",2021-12-01,31,0,,,0,,,0,,,31,0.0,0.0,False,False,0.0,False
Maharashtra,Navi Mumbai,"Tondare-Taloja, Navi Mumbai - MPCB",2022-01-01,31,0,,,0,,,0,,,31,0.0,0.0,False,False,0.0,False
Maharashtra,Navi Mumbai,"Tondare-Taloja, Navi Mumbai - MPCB",2022-02-01,28,0,,,0,,,0,,,28,0.0,0.0,False,False,0.0,False
Maharashtra,Navi Mumbai,"Tondare-Taloja, Navi Mumbai - MPCB",2022-03-01,31,0,,,0,,,0,,,31,0.0,0.0,False,False,0.0,False
Maharashtra,Navi Mumbai,"Tondare-Taloja, Navi Mumbai - MPCB",2022-04-01,30,0,,,0,,,0,,,30,0.0,0.0,False,False,0.0,False
Maharashtra,Navi Mumbai,"Tondare-Taloja, Navi Mumbai - MPCB",2022-05-01,31,0,,,0,,,0,,,31,0.0,0.0,False,False,0.0,False
Maharashtra,Navi Mumbai,"Tondare-Taloja, Navi Mumbai - MPCB",2022-06-01,30,0,,,0,,,0,,,30,0.0,0.0,False,False,0.0,False
Maharashtra,Navi Mumbai,"Tondare-Taloja, Navi Mumbai - MPCB",2022-07-01,31,0,,,0,,,0,,,31,0.0,0.0,False,False,0.0,False
Maharashtra,Navi Mumbai,"Tondare-Taloja, Navi Mumbai - MPCB",2022-08-01,31,0,,,0,,,0,,,31,0.0,0.0,False,False,0.0,False
Maharashtra,Navi Mumbai,"Tondare-Taloja, Navi Mumbai - MPCB",2022-09-01,30,0,,,0,,,0,,,30,0.0,0.0,False,False,0.0,False
Maharashtra,Navi Mumbai,"Tondare-Taloja, Navi Mumbai - MPCB",2022-10-01,31,0,,,0,,,0,,,31,0.0,0.0,False,False,0.0,False
Maharashtra,Navi Mumbai,"Tondare-Taloja, Navi Mumbai - MPCB",2022-11-01,30,0,,,0,,,0,,,30,0.0,0.0,False,False,0.0,False
Maharashtra,Navi Mumbai,"Tondare-Taloja, Navi Mumbai - MPCB",2022-12-01,31,0,,,0,,,0,,,31,0.0,0.0,False,False,0.0,False
Maharashtra,Navi Mumbai,"Tondare-Taloja, Navi Mumbai - MPCB",2023-01-01,31,0,,,0,,,0,,,31,0.0,0.0,False,False,0.0,False
Maharashtra,Navi Mumbai,"Tondare-Taloja, Navi Mumbai - MPCB",2023-02-01,28,0,,,0,,,0,,,28,0.0,0.0,False,False,0.0,False
Maharashtra,Navi Mumbai,"Tondare-Taloja, Navi Mumbai - MPCB",2023-03-01,31,0,,,0,,,0,,,31,0.0,0.0,False,False,0.0,False
Maharashtra,Navi Mumbai,"Tondare-Taloja, Navi Mumbai - MPCB",2023-04-01,30,0,,,0,,,0,,,30,0.0,0.0,False,False,0.0,False
Maharashtra,Navi Mumbai,"Tondare-Taloja, Navi Mumbai - MPCB",2023-05-01,31,0,,,0,,,0,,,31,0.0,0.0,False,False,0.0,False
Maharashtra,Navi Mumbai,"Tondare-Taloja, Navi Mumbai - MPCB",2023-06-01,30,0,,,0,,,0,,,30,0.0,0.0,False,False,0.0,False
Maharashtra,Navi Mumbai,"Tondare-Taloja, Navi Mumbai - MPCB",2023-07-01,31,8,18.9925,19.439999999999998,8,39.57875,41.58,8,39.74375,41.58,31,0.25806451612903225,0.25806451612903225,False,False,0.25806451612903225,False
Maharashtra,Parbhani,"Masoom Colony, Parbhani - MPCB",2021-08-01,31,0,,,0,,,0,,,31,0.0,0.0,False,False,0.0,False
Maharashtra,Parbhani,"Masoom Colony, Parbhani - MPCB",2021-09-01,30,0,,,0,,,0,,,30,0.0,0.0,False,False,0.0,False
Maharashtra,Parbhani,"Masoom Colony, Parbhani - MPCB",2021-10-01,31,0,,,0,,,0,,,31,0.0,0.0,False,False,0.0,False
Maharashtra,Parbhani,"Masoom Colony, Parbhani - MPCB",2021-11-01,30,0,,,0,,,0,,,30,0.0,0.0,False,False,0.0,False
Maharashtra,Parbhani,"Masoom Colony, Parbhani - MPCB",2021-12-01,31,0,,,0,,,0,,,31,0.0,0.0,False,False,0.0,False
Maharashtra,Parbhani,"Masoom Colony, Parbhani - MPCB",2022-01-01,31,0,,,0,,,0,,,31,0.0,0.0,False,False,0.0,False
Maharashtra,Parbhani,"Masoom Colony, Parbhani - MPCB",2022-02-01,28,0,,,0,,,0,,,28,0.0,0.0,False,False,0.0,False
Maharashtra,Parbhani,"Masoom Colony, Parbhani - MPCB",2022-03-01,31,0,,,0,,,0,,,31,0.0,0.0,False,False,0.0,False
Maharashtra,Parbhani,"Masoom Colony, Parbhani - MPCB",2022-04-01,30,0,,,0,,,0,,,30,0.0,0.0,False,False,0.0,False
Maharashtra,Parbhani,"Masoom Colony, Parbhani - MPCB",2022-05-01,31,0,,,0,,,0,,,31,0.0,0.0,False,False,0.0,False
Maharashtra,Parbhani,"Masoom Colony, Parbhani - MPCB",2022-06-01,30,0,,,0,,,0,,,30,0.0,0.0,False,False,0.0,False
Maharashtra,Parbhani,"Masoom Colony, Parbhani - MPCB",2022-07-01,31,0,,,0,,,0,,,31,0.0,0.0,False,False,0.0,False
Maharashtra,Parbhani,"Masoom Colony, Parbhani - MPCB",2022-08-01,31,0,,,0,,,0,,,31,0.0,0.0,False,False,0.0,False
Maharashtra,Parbhani,"Masoom Colony, Parbhani - MPCB",2022-09-01,30,0,,,0,,,0,,,30,0.0,0.0,False,False,0.0,False
Maharashtra,Parbhani,"Masoom Colony, Parbhani - MPCB",2022-10-01,31,0,,,0,,,0,,,31,0.0,0.0,False,False,0.0,False
Maharashtra,Parbhani,"Masoom Colony, Parbhani - MPCB",2022-11-01,30,0,,,0,,,0,,,30,0.0,0.0,False,False,0.0,False
Maharashtra,Parbhani,"Masoom Colony, Parbhani - MPCB",2022-12-01,31,0,,,0,,,0,,,31,0.0,0.0,False,False,0.0,False
Maharashtra,Parbhani,"Masoom Colony, Parbhani - MPCB",2023-01-01,31,0,,,0,,,0,,,31,0.0,0.0,False,False,0.0,False
Maharashtra,Parbhani,"Masoom Colony, Parbhani - MPCB",2023-02-01,28,0,,,0,,,0,,,28,0.0,0.0,False,False,0.0,False
Maharashtra,Parbhani,"Masoom Colony, Parbhani - MPCB",2023-03-01,31,0,,,0,,,0,,,31,0.0,0.0,False,False,0.0,False
Maharashtra,Parbhani,"Masoom Colony, Parbhani - MPCB",2023-04-01,30,0,,,0,,,0,,,30,0.0,0.0,False,False,0.0,False
Maharashtra,Parbhani,"Masoom Colony, Parbhani - MPCB",2023-05-01,31,0,,,0,,,0,,,31,0.0,0.0,False,False,0.0,False
Maharashtra,Parbhani,"Masoom Colony, Parbhani - MPCB",2023-06-01,30,19,22.61578947368421,22.35,19,80.01210526315789,79.69,19,82.16335201665294,83.63,30,0.6333333333333333,0.6333333333333333,False,False,0.6333333333333333,False
Maharashtra,Parbhani,"Masoom Colony, Parbhani - MPCB",2023-07-01,31,30,13.732333333333333,12.77,30,37.98133333333333,35.635000000000005,30,45.085321070234116,39.925,31,0.967741935483871,0.967741935483871,True,True,0.967741935483871,True
Maharashtra,Pimpri-Chinchwad,"Gavalinagar, Pimpri Chinchwad - MPCB",2021-08-01,31,0,,,0,,,0,,,31,0.0,0.0,False,False,0.0,False
Maharashtra,Pimpri-Chinchwad,"Gavalinagar, Pimpri Chinchwad - MPCB",2021-09-01,30,0,,,0,,,0,,,30,0.0,0.0,False,False,0.0,False
Maharashtra,Pimpri-Chinchwad,"Gavalinagar, Pimpri Chinchwad - MPCB",2021-10-01,31,0,,,0,,,0,,,31,0.0,0.0,False,False,0.0,False
Maharashtra,Pimpri-Chinchwad,"Gavalinagar, Pimpri Chinchwad - MPCB",2021-11-01,30,0,,,0,,,0,,,30,0.0,0.0,False,False,0.0,False
Maharashtra,Pimpri-Chinchwad,"Gavalinagar, Pimpri Chinchwad - MPCB",2021-12-01,31,0,,,0,,,0,,,31,0.0,0.0,False,False,0.0,False
Maharashtra,Pimpri-Chinchwad,"Gavalinagar, Pimpri Chinchwad - MPCB",2022-01-01,31,0,,,0,,,0,,,31,0.0,0.0,False,False,0.0,False
Maharashtra,Pimpri-Chinchwad,"Gavalinagar, Pimpri Chinchwad - MPCB",2022-02-01,28,0,,,0,,,0,,,28,0.0,0.0,False,False,0.0,False
Maharashtra,Pimpri-Chinchwad,"Gavalinagar, Pimpri Chinchwad - MPCB",2022-03-01,31,0,,,0,,,0,,,31,0.0,0.0,False,False,0.0,False
Maharashtra,Pimpri-Chinchwad,"Gavalinagar, Pimpri Chinchwad - MPCB",2022-04-01,30,0,,,0,,,0,,,30,0.0,0.0,False,False,0.0,False
Maharashtra,Pimpri-Chinchwad,"Gavalinagar, Pimpri Chinchwad - MPCB",2022-05-01,31,0,,,0,,,0,,,31,0.0,0.0,False,False,0.0,False
Maharashtra,Pimpri-Chinchwad,"Gavalinagar, Pimpri Chinchwad - MPCB",2022-06-01,30,0,,,0,,,0,,,30,0.0,0.0,False,False,0.0,False
Maharashtra,Pimpri-Chinchwad,"Gavalinagar, Pimpri Chinchwad - MPCB",2022-07-01,31,0,,,0,,,0,,,31,0.0,0.0,False,False,0.0,False
Maharashtra,Pimpri-Chinchwad,"Gavalinagar, Pimpri Chinchwad - MPCB",2022-08-01,31,0,,,0,,,0,,,31,0.0,0.0,False,False,0.0,False
Maharashtra,Pimpri-Chinchwad,"Gavalinagar, Pimpri Chinchwad - MPCB",2022-09-01,30,0,,,0,,,0,,,30,0.0,0.0,False,False,0.0,False
Maharashtra,Pimpri-Chinchwad,"Gavalinagar, Pimpri Chinchwad - MPCB",2022-10-01,31,0,,,0,,,0,,,31,0.0,0.0,False,False,0.0,False
Maharashtra,Pimpri-Chinchwad,"Gavalinagar, Pimpri Chinchwad - MPCB",2022-11-01,30,0,,,0,,,0,,,30,0.0,0.0,False,False,0.0,False
Maharashtra,Pimpri-Chinchwad,"Gavalinagar, Pimpri Chinchwad - MPCB",2022-12-01,31,0,,,0,,,0,,,31,0.0,0.0,False,False,0.0,False
Maharashtra,Pimpri-Chinchwad,"Gavalinagar, Pimpri Chinchwad - MPCB",2023-01-01,31,0,,,0,,,0,,,31,0.0,0.0,False,False,0.0,False
Maharashtra,Pimpri-Chinchwad,"Gavalinagar, Pimpri Chinchwad - MPCB",2023-02-01,28,0,,,0,,,0,,,28,0.0,0.0,False,False,0.0,False
Maharashtra,Pimpri-Chinchwad,"Gavalinagar, Pimpri Chinchwad - MPCB",2023-03-01,31,0,,,0,,,0,,,31,0.0,0.0,False,False,0.0,False
Maharashtra,Pimpri-Chinchwad,"Gavalinagar, Pimpri Chinchwad - MPCB",2023-04-01,30,0,,,0,,,0,,,30,0.0,0.0,False,False,0.0,False
Maharashtra,Pimpri-Chinchwad,"Gavalinagar, Pimpri Chinchwad - MPCB",2023-05-01,31,0,,,0,,,0,,,31,0.0,0.0,False,False,0.0,False
Maharashtra,Pimpri-Chinchwad,"Gavalinagar, Pimpri Chinchwad - MPCB",2023-06-01,30,2,17.259999999999998,17.259999999999998,8,25.34375,24.585,8,26.969166666666666,28.213333333333335,30,0.06666666666666667,0.26666666666666666,False,False,0.26666666666666666,False
Maharashtra,Pimpri-Chinchwad,"Gavalinagar, Pimpri Chinchwad - MPCB",2023-07-01,31,0,,,30,31.49566666666667,28.095,30,32.769333333333336,29.668750000000003,31,0.0,0.967741935483871,False,True,0.967741935483871,True
Maharashtra,Pimpri-Chinchwad,"Park Street Wakad, Pimpri Chinchwad - MPCB",2021-08-01,31,0,,,0,,,0,,,31,0.0,0.0,False,False,0.0,False
Maharashtra,Pimpri-Chinchwad,"Park Street Wakad, Pimpri Chinchwad - MPCB",2021-09-01,30,0,,,0,,,0,,,30,0.0,0.0,False,False,0.0,False
Maharashtra,Pimpri-Chinchwad,"Park Street Wakad, Pimpri Chinchwad - MPCB",2021-10-01,31,0,,,0,,,0,,,31,0.0,0.0,False,False,0.0,False
Maharashtra,Pimpri-Chinchwad,"Park Street Wakad, Pimpri Chinchwad - MPCB",2021-11-01,30,0,,,0,,,0,,,30,0.0,0.0,False,False,0.0,False
Maharashtra,Pimpri-Chinchwad,"Park Street Wakad, Pimpri Chinchwad - MPCB",2021-12-01,31,0,,,0,,,0,,,31,0.0,0.0,False,False,0.0,False
Maharashtra,Pimpri-Chinchwad,"Park Street Wakad, Pimpri Chinchwad - MPCB",2022-01-01,31,0,,,0,,,0,,,31,0.0,0.0,False,False,0.0,False
Maharashtra,Pimpri-Chinchwad,"Park Street Wakad, Pimpri Chinchwad - MPCB",2022-02-01,28,0,,,0,,,0,,,28,0.0,0.0,False,False,0.0,False
Maharashtra,Pimpri-Chinchwad,"Park Street Wakad, Pimpri Chinchwad - MPCB",2022-03-01,31,0,,,0,,,0,,,31,0.0,0.0,False,False,0.0,False
Maharashtra,Pimpri-Chinchwad,"Park Street Wakad, Pimpri Chinchwad - MPCB",2022-04-01,30,0,,,0,,,0,,,30,0.0,0.0,False,False,0.0,False
Maharashtra,Pimpri-Chinchwad,"Park Street Wakad, Pimpri Chinchwad - MPCB",2022-05-01,31,0,,,0,,,0,,,31,0.0,0.0,False,False,0.0,False
Maharashtra,Pimpri-Chinchwad,"Park Street Wakad, Pimpri Chinchwad - MPCB",2022-06-01,30,0,,,0,,,0,,,30,0.0,0.0,False,False,0.0,False
Maharashtra,Pimpri-Chinchwad,"Park Street Wakad, Pimpri Chinchwad - MPCB",2022-07-01,31,0,,,0,,,0,,,31,0.0,0.0,False,False,0.0,False
Maharashtra,Pimpri-Chinchwad,"Park Street Wakad, Pimpri Chinchwad - MPCB",2022-08-01,31,0,,,0,,,0,,,31,0.0,0.0,False,False,0.0,False
Maharashtra,Pimpri-Chinchwad,"Park Street Wakad, Pimpri Chinchwad - MPCB",2022-09-01,30,0,,,0,,,0,,,30,0.0,0.0,False,False,0.0,False
Maharashtra,Pimpri-Chinchwad,"Park Street Wakad, Pimpri Chinchwad - MPCB",2022-10-01,31,0,,,0,,,0,,,31,0.0,0.0,False,False,0.0,False
Maharashtra,Pimpri-Chinchwad,"Park Street Wakad, Pimpri Chinchwad - MPCB",2022-11-01,30,0,,,0,,,0,,,30,0.0,0.0,False,False,0.0,False
Maharashtra,Pimpri-Chinchwad,"Park Street Wakad, Pimpri Chinchwad - MPCB",2022-12-01,31,0,,,0,,,0,,,31,0.0,0.0,False,False,0.0,False
Maharashtra,Pimpri-Chinchwad,"Park Street Wakad, Pimpri Chinchwad - MPCB",2023-01-01,31,0,,,0,,,0,,,31,0.0,0.0,False,False,0.0,False
Maharashtra,Pimpri-Chinchwad,"Park Street Wakad, Pimpri Chinchwad - MPCB",2023-02-01,28,0,,,0,,,0,,,28,0.0,0.0,False,False,0.0,False
Maharashtra,Pimpri-Chinchwad,"Park Street Wakad, Pimpri Chinchwad - MPCB",2023-03-01,31,0,,,0,,,0,,,31,0.0,0.0,False,False,0.0,False
Maharashtra,Pimpri-Chinchwad,"Park Street Wakad, Pimpri Chinchwad - MPCB",2023-04-01,30,2,51.1,51.1,2,89.025,89.025,2,99.7394776119403,99.7394776119403,30,0.06666666666666667,0.06666666666666667,False,False,0.06666666666666667,False
Maharashtra,Pimpri-Chinchwad,"Park Street Wakad, Pimpri Chinchwad - MPCB",2023-05-01,31,31,50.96451612903226,48.67,31,88.79225806451613,84.69,31,88.65415398167987,84.69,31,1.0,1.0,True,True,1.0,True
Maharashtra,Pimpri-Chinchwad,"Park Street Wakad, Pimpri Chinchwad - MPCB",2023-06-01,30,28,38.76107142857143,40.260000000000005,30,69.65133333333333,72.21,30,69.46160325541926,72.21,30,0.9333333333333333,1.0,True,True,1.0,True
Maharashtra,Pimpri-Chinchwad,"Park Street Wakad, Pimpri Chinchwad - MPCB",2023-07-01,31,0,,,31,42.03806451612903,39.36,31,42.06806451612903,39.36,31,0.0,1.0,False,True,1.0,True
Maharashtra,Pimpri-Chinchwad,"Thergaon, Pimpri Chinchwad - MPCB",2021-08-01,31,0,,,0,,,0,,,31,0.0,0.0,False,False,0.0,False
Maharashtra,Pimpri-Chinchwad,"Thergaon, Pimpri Chinchwad - MPCB",2021-09-01,30,0,,,0,,,0,,,30,0.0,0.0,False,False,0.0,False
Maharashtra,Pimpri-Chinchwad,"Thergaon, Pimpri Chinchwad - MPCB",2021-10-01,31,0,,,0,,,0,,,31,0.0,0.0,False,False,0.0,False
Maharashtra,Pimpri-Chinchwad,"Thergaon, Pimpri Chinchwad - MPCB",2021-11-01,30,0,,,0,,,0,,,30,0.0,0.0,False,False,0.0,False
Maharashtra,Pimpri-Chinchwad,"Thergaon, Pimpri Chinchwad - MPCB",2021-12-01,31,0,,,0,,,0,,,31,0.0,0.0,False,False,0.0,False
Maharashtra,Pimpri-Chinchwad,"Thergaon, Pimpri Chinchwad - MPCB",2022-01-01,31,0,,,0,,,0,,,31,0.0,0.0,False,False,0.0,False
Maharashtra,Pimpri-Chinchwad,"Thergaon, Pimpri Chinchwad - MPCB",2022-02-01,28,0,,,0,,,0,,,28,0.0,0.0,False,False,0.0,False
Maharashtra,Pimpri-Chinchwad,"Thergaon, Pimpri Chinchwad - MPCB",2022-03-01,31,0,,,0,,,0,,,31,0.0,0.0,False,False,0.0,False
Maharashtra,Pimpri-Chinchwad,"Thergaon, Pimpri Chinchwad - MPCB",2022-04-01,30,0,,,0,,,0,,,30,0.0,0.0,False,False,0.0,False
Maharashtra,Pimpri-Chinchwad,"Thergaon, Pimpri Chinchwad - MPCB",2022-05-01,31,0,,,0,,,0,,,31,0.0,0.0,False,False,0.0,False
Maharashtra,Pimpri-Chinchwad,"Thergaon, Pimpri Chinchwad - MPCB",2022-06-01,30,0,,,0,,,0,,,30,0.0,0.0,False,False,0.0,False
Maharashtra,Pimpri-Chinchwad,"Thergaon, Pimpri Chinchwad - MPCB",2022-07-01,31,0,,,0,,,0,,,31,0.0,0.0,False,False,0.0,False
Maharashtra,Pimpri-Chinchwad,"Thergaon, Pimpri Chinchwad - MPCB",2022-08-01,31,0,,,0,,,0,,,31,0.0,0.0,False,False,0.0,False
Maharashtra,Pimpri-Chinchwad,"Thergaon, Pimpri Chinchwad - MPCB",2022-09-01,30,0,,,0,,,0,,,30,0.0,0.0,False,False,0.0,False
Maharashtra,Pimpri-Chinchwad,"Thergaon, Pimpri Chinchwad - MPCB",2022-10-01,31,0,,,0,,,0,,,31,0.0,0.0,False,False,0.0,False
Maharashtra,Pimpri-Chinchwad,"Thergaon, Pimpri Chinchwad - MPCB",2022-11-01,30,0,,,0,,,0,,,30,0.0,0.0,False,False,0.0,False
Maharashtra,Pimpri-Chinchwad,"Thergaon, Pimpri Chinchwad - MPCB",2022-12-01,31,0,,,0,,,0,,,31,0.0,0.0,False,False,0.0,False
Maharashtra,Pimpri-Chinchwad,"Thergaon, Pimpri Chinchwad - MPCB",2023-01-01,31,0,,,0,,,0,,,31,0.0,0.0,False,False,0.0,False
Maharashtra,Pimpri-Chinchwad,"Thergaon, Pimpri Chinchwad - MPCB",2023-02-01,28,0,,,0,,,0,,,28,0.0,0.0,False,False,0.0,False
Maharashtra,Pimpri-Chinchwad,"Thergaon, Pimpri Chinchwad - MPCB",2023-03-01,31,0,,,0,,,0,,,31,0.0,0.0,False,False,0.0,False
Maharashtra,Pimpri-Chinchwad,"Thergaon, Pimpri Chinchwad - MPCB",2023-04-01,30,0,,,0,,,0,,,30,0.0,0.0,False,False,0.0,False
Maharashtra,Pimpri-Chinchwad,"Thergaon, Pimpri Chinchwad - MPCB",2023-05-01,31,17,56.38529411764706,56.77,17,80.05941176470589,80.79,17,96.61146044624746,94.54241379310346,31,0.5483870967741935,0.5483870967741935,False,False,0.5483870967741935,False
Maharashtra,Pimpri-Chinchwad,"Thergaon, Pimpri Chinchwad - MPCB",2023-06-01,30,30,34.501666666666665,29.68,30,54.470333333333336,47.265,30,68.03130997642205,51.0,30,1.0,1.0,True,True,1.0,True
Maharashtra,Pimpri-Chinchwad,"Thergaon, Pimpri Chinchwad - MPCB",2023-07-01,31,29,18.089655172413792,16.42,29,37.23413793103448,35.6,29,45.22605437665782,44.0,31,0.9354838709677419,0.9354838709677419,True,True,0.9354838709677419,True
Maharashtra,Pune,"Karve Road, Pune - MPCB",2021-08-01,31,29,21.09103448275862,19.68,29,32.4448275862069,30.28,29,48.05560047562426,47.5,31,0.9354838709677419,0.9354838709677419,True,True,0.9354838709677419,True
Maharashtra,Pune,"Karve Road, Pune - MPCB",2021-09-01,30,30,17.62066666666667,15.66,30,27.108999999999998,24.095,30,48.33634482758621,48.0,30,1.0,1.0,True,True,1.0,True
Maharashtra,Pune,"Karve Road, Pune - MPCB",2021-10-01,31,27,35.95407407407407,34.46,27,58.111111111111114,54.39,27,64.85011352348518,56.84620689655173,31,0.8709677419354839,0.8709677419354839,True,True,0.8709677419354839,True
Maharashtra,Pune,"Karve Road, Pune - MPCB",2021-11-01,30,28,46.09321428571428,49.245,28,77.01964285714287,82.085,28,82.59904018947701,82.085,30,0.9333333333333333,0.9333333333333333,True,True,0.9333333333333333,True
Maharashtra,Pune,"Karve Road, Pune - MPCB",2021-12-01,31,11,106.58000000000001,44.32,11,170.93363636363637,71.08,11,177.59049141874036,73.50620689655173,31,0.3548387096774194,0.3548387096774194,False,False,0.3548387096774194,False
Maharashtra,Pune,"Karve Road, Pune - MPCB",2022-01-01,31,0,,,0,,,0,,,31,0.0,0.0,False,False,0.0,False
Maharashtra,Pune,"Karve Road, Pune - MPCB",2022-02-01,28,11,60.76272727272727,66.55,11,97.42363636363638,106.73,11,110.52855799373042,119.94655172413792,28,0.39285714285714285,0.39285714285714285,False,False,0.39285714285714285,False
Maharashtra,Pune,"Karve Road, Pune - MPCB",2022-03-01,31,5,62.212,60.87,5,99.798,97.53,5,106.74696551724136,101.0,31,0.16129032258064516,0.16129032258064516,False,False,0.16129032258064516,False
Maharashtra,Pune,"Karve Road, Pune - MPCB",2022-04-01,30,0,,,0,,,0,,,30,0.0,0.0,False,False,0.0,False
Maharashtra,Pune,"Karve Road, Pune - MPCB",2022-05-01,31,11,132.65,81.6,11,148.25818181818184,123.48,11,203.05332016356186,171.32413793103444,31,0.3548387096774194,0.3548387096774194,False,False,0.3548387096774194,False
Maharashtra,Pune,"Karve Road, Pune - MPCB",2022-06-01,30,0,,,0,,,0,,,30,0.0,0.0,False,False,0.0,False
Maharashtra,Pune,"Karve Road, Pune - MPCB",2022-07-01,31,1,59.42,59.42,1,95.3,95.3,1,99.02000000000001,99.02000000000001,31,0.03225806451612903,0.03225806451612903,False,False,0.03225806451612903,False
Maharashtra,Pune,"Karve Road, Pune - MPCB",2022-08-01,31,23,307.53869565217394,258.37,23,208.98739130434782,181.82,23,395.60164141358337,401.986694490818,31,0.7419354838709677,0.7419354838709677,False,False,0.7419354838709677,False
Maharashtra,Pune,"Karve Road, Pune - MPCB",2022-09-01,30,20,254.061,183.7,18,143.04055555555556,114.695,20,273.49217927945455,387.5016296540746,30,0.6666666666666666,0.6,False,False,0.6666666666666666,False
Maharashtra,Pune,"Karve Road, Pune - MPCB",2022-10-01,31,17,135.14529411764704,46.42,17,98.04941176470588,74.45,17,161.7074859725822,87.47777777777777,31,0.5483870967741935,0.5483870967741935,False,False,0.5483870967741935,False
Maharashtra,Pune,"Karve Road, Pune - MPCB",2022-11-01,30,16,27.94625,16.68,16,105.39125,41.93,16,109.92930979921432,48.08137931034483,30,0.5333333333333333,0.5333333333333333,False,False,0.5333333333333333,False
Maharashtra,Pune,"Karve Road, Pune - MPCB",2022-12-01,31,4,78.3,78.14500000000001,4,125.57249999999999,125.32,4,160.05862068965519,159.5294827586207,31,0.12903225806451613,0.12903225806451613,False,False,0.12903225806451613,False
Maharashtra,Pune,"Karve Road, Pune - MPCB",2023-01-01,31,13,16.128461538461536,14.13,13,37.64,44.99,13,46.3976923076923,44.99,31,0.41935483870967744,0.41935483870967744,False,False,0.41935483870967744,False
Maharashtra,Pune,"Karve Road, Pune - MPCB",2023-02-01,28,18,31.682222222222222,35.04,18,82.33944444444444,88.57499999999999,18,90.35957121551081,88.57499999999999,28,0.6428571428571429,0.6428571428571429,False,False,0.6428571428571429,False
Maharashtra,Pune,"Karve Road, Pune - MPCB",2023-03-01,31,31,25.651935483870968,25.69,31,71.07870967741935,71.16,31,77.42974236847802,71.16,31,1.0,1.0,True,True,1.0,True
Maharashtra,Pune,"Karve Road, Pune - MPCB",2023-04-01,30,26,86.42884615384615,49.76,26,155.12730769230768,149.285,26,192.26590408537615,133.0819798657718,30,0.8666666666666667,0.8666666666666667,True,True,0.8666666666666667,True
Maharashtra,Pune,"Karve Road, Pune - MPCB",2023-05-01,31,28,118.12749999999998,54.605,26,175.9703846153846,156.20499999999998,28,178.79195824456318,142.75939597315437,31,0.9032258064516129,0.8387096774193549,True,True,0.9032258064516129,True
Maharashtra,Pune,"Karve Road, Pune - MPCB",2023-06-01,30,24,29.247083333333332,32.400000000000006,25,99.6776,107.27,25,93.78378791946308,105.16597315436242,30,0.8,0.8333333333333334,True,True,0.8333333333333334,True
Maharashtra,Pune,"Karve Road, Pune - MPCB",2023-07-01,31,21,28.654761904761905,27.12,22,86.76727272727273,86.295,21,88.39503036113774,91.23,31,0.6774193548387096,0.7096774193548387,False,False,0.6774193548387096,False
Maharashtra,Pune,"Katraj Dairy, Pune - MPCB",2021-08-01,31,0,,,0,,,0,,,31,0.0,0.0,False,False,0.0,False
Maharashtra,Pune,"Katraj Dairy, Pune - MPCB",2021-09-01,30,0,,,0,,,0,,,30,0.0,0.0,False,False,0.0,False
Maharashtra,Pune,"Katraj Dairy, Pune - MPCB",2021-10-01,31,0,,,0,,,0,,,31,0.0,0.0,False,False,0.0,False
Maharashtra,Pune,"Katraj Dairy, Pune - MPCB",2021-11-01,30,0,,,0,,,0,,,30,0.0,0.0,False,False,0.0,False
Maharashtra,Pune,"Katraj Dairy, Pune - MPCB",2021-12-01,31,0,,,0,,,0,,,31,0.0,0.0,False,False,0.0,False
Maharashtra,Pune,"Katraj Dairy, Pune - MPCB",2022-01-01,31,0,,,0,,,0,,,31,0.0,0.0,False,False,0.0,False
Maharashtra,Pune,"Katraj Dairy, Pune - MPCB",2022-02-01,28,0,,,0,,,0,,,28,0.0,0.0,False,False,0.0,False
Maharashtra,Pune,"Katraj Dairy, Pune - MPCB",2022-03-01,31,0,,,0,,,0,,,31,0.0,0.0,False,False,0.0,False
Maharashtra,Pune,"Katraj Dairy, Pune - MPCB",2022-04-01,30,0,,,0,,,0,,,30,0.0,0.0,False,False,0.0,False
Maharashtra,Pune,"Katraj Dairy, Pune - MPCB",2022-05-01,31,0,,,0,,,0,,,31,0.0,0.0,False,False,0.0,False
Maharashtra,Pune,"Katraj Dairy, Pune - MPCB",2022-06-01,30,0,,,0,,,0,,,30,0.0,0.0,False,False,0.0,False
Maharashtra,Pune,"Katraj Dairy, Pune - MPCB",2022-07-01,31,0,,,0,,,0,,,31,0.0,0.0,False,False,0.0,False
Maharashtra,Pune,"Katraj Dairy, Pune - MPCB",2022-08-01,31,0,,,0,,,0,,,31,0.0,0.0,False,False,0.0,False
Maharashtra,Pune,"Katraj Dairy, Pune - MPCB",2022-09-01,30,0,,,0,,,0,,,30,0.0,0.0,False,False,0.0,False
Maharashtra,Pune,"Katraj Dairy, Pune - MPCB",2022-10-01,31,0,,,0,,,0,,,31,0.0,0.0,False,False,0.0,False
Maharashtra,Pune,"Katraj Dairy, Pune - MPCB",2022-11-01,30,0,,,0,,,0,,,30,0.0,0.0,False,False,0.0,False
Maharashtra,Pune,"Katraj Dairy, Pune - MPCB",2022-12-01,31,0,,,0,,,0,,,31,0.0,0.0,False,False,0.0,False
Maharashtra,Pune,"Katraj Dairy, Pune - MPCB",2023-01-01,31,0,,,0,,,0,,,31,0.0,0.0,False,False,0.0,False
Maharashtra,Pune,"Katraj Dairy, Pune - MPCB",2023-02-01,28,0,,,0,,,0,,,28,0.0,0.0,False,False,0.0,False
Maharashtra,Pune,"Katraj Dairy, Pune - MPCB",2023-03-01,31,0,,,0,,,0,,,31,0.0,0.0,False,False,0.0,False
Maharashtra,Pune,"Katraj Dairy, Pune - MPCB",2023-04-01,30,0,,,0,,,0,,,30,0.0,0.0,False,False,0.0,False
Maharashtra,Pune,"Katraj Dairy, Pune - MPCB",2023-05-01,31,10,25.106,24.095,10,41.572,39.855000000000004,10,44.72666666666667,43.79166666666667,31,0.3225806451612903,0.3225806451612903,False,False,0.3225806451612903,False
Maharashtra,Pune,"Katraj Dairy, Pune - MPCB",2023-06-01,30,28,19.42678571428571,17.560000000000002,28,34.29,29.060000000000002,28,41.79780906593407,36.0,30,0.9333333333333333,0.9333333333333333,True,True,0.9333333333333333,True
Maharashtra,Pune,"Katraj Dairy, Pune - MPCB",2023-07-01,31,31,19.531290322580645,13.2,31,55.089354838709674,25.09,31,59.41202478891535,34.0,31,1.0,1.0,True,True,1.0,True
Maharashtra,Pune,"Revenue Colony-Shivajinagar, Pune - IITM",2021-08-01,31,31,40.64903225806452,41.02,31,59.65870967741936,60.24,31,107.2707588766683,107.64177215189873,31,1.0,1.0,True,True,1.0,True
Maharashtra,Pune,"Revenue Colony-Shivajinagar, Pune - IITM",2021-09-01,30,30,35.16233333333333,27.200000000000003,30,46.660999999999994,38.545,30,142.15645393645272,132.36379598662208,30,1.0,1.0,True,True,1.0,True
Maharashtra,Pune,"Revenue Colony-Shivajinagar, Pune - IITM",2021-10-01,31,31,48.145161290322584,44.41,29,78.58655172413793,69.64,31,123.55011363322956,121.44862068965516,31,1.0,0.9354838709677419,True,True,1.0,True
Maharashtra,Pune,"Revenue Colony-Shivajinagar, Pune - IITM",2021-11-01,30,27,64.25407407407407,69.06,27,98.32148148148147,95.67,27,153.46858920558353,139.91724137931035,30,0.9,0.9,True,True,0.9,True
Maharashtra,Pune,"Revenue Colony-Shivajinagar, Pune - IITM",2021-12-01,31,31,95.39322580645161,95.77,31,132.89645161290323,131.62,31,219.99654530718368,217.59103448275863,31,1.0,1.0,True,True,1.0,True
Maharashtra,Pune,"Revenue Colony-Shivajinagar, Pune - IITM",2022-01-01,31,30,69.15533333333333,65.65,30,113.40933333333334,112.33,30,169.44048541653464,162.36293103448276,31,0.967741935483871,0.967741935483871,True,True,0.967741935483871,True
Maharashtra,Pune,"Revenue Colony-Shivajinagar, Pune - IITM",2022-02-01,28,28,72.7975,71.11500000000001,28,99.97607142857143,97.94,28,156.15103440142497,149.80017241379312,28,1.0,1.0,True,True,1.0,True
Maharashtra,Pune,"Revenue Colony-Shivajinagar, Pune - IITM",2022-03-01,31,31,83.23032258064515,83.53,31,118.71677419354837,117.63,31,180.24038557458522,177.91275862068966,31,1.0,1.0,True,True,1.0,True
Maharashtra,Pune,"Revenue Colony-Shivajinagar, Pune - IITM",2022-04-01,30,29,79.02793103448276,79.32,29,110.56689655172414,104.39,29,168.51614299780059,163.5406896551724,30,0.9666666666666667,0.9666666666666667,True,True,0.9666666666666667,True
Maharashtra,Pune,"Revenue Colony-Shivajinagar, Pune - IITM",2022-05-01,31,24,76.90083333333332,76.955,24,100.22166666666668,100.345,24,163.29101316004608,161.64189655172413,31,0.7741935483870968,0.7741935483870968,True,True,0.7741935483870968,True
Maharashtra,Pune,"Revenue Colony-Shivajinagar, Pune - IITM",2022-06-01,30,30,46.88,44.084999999999994,30,62.663000000000004,59.435,30,136.54977015338486,127.66709030100336,30,1.0,1.0,True,True,1.0,True
Maharashtra,Pune,"Revenue Colony-Shivajinagar, Pune - IITM",2022-07-01,31,7,46.21857142857142,46.47,7,61.79857142857143,62.23,7,151.53420281026547,133.47464882943143,31,0.22580645161290322,0.22580645161290322,False,False,0.22580645161290322,False
Maharashtra,Pune,"Revenue Colony-Shivajinagar, Pune - IITM",2022-08-01,31,0,,,0,,,0,,,31,0.0,0.0,False,False,0.0,False
Maharashtra,Pune,"Revenue Colony-Shivajinagar, Pune - IITM",2022-09-01,30,0,,,0,,,0,,,30,0.0,0.0,False,False,0.0,False
Maharashtra,Pune,"Revenue Colony-Shivajinagar, Pune - IITM",2022-10-01,31,0,,,0,,,0,,,31,0.0,0.0,False,False,0.0,False
Maharashtra,Pune,"Revenue Colony-Shivajinagar, Pune - IITM",2022-11-01,30,0,,,0,,,0,,,30,0.0,0.0,False,False,0.0,False
Maharashtra,Pune,"Revenue Colony-Shivajinagar, Pune - IITM",2022-12-01,31,0,,,0,,,0,,,31,0.0,0.0,False,False,0.0,False
Maharashtra,Pune,"Revenue Colony-Shivajinagar, Pune - IITM",2023-01-01,31,12,108.98916666666666,112.055,12,161.93333333333334,165.565,12,255.11690056134725,272.8774137931034,31,0.3870967741935484,0.3870967741935484,False,False,0.3870967741935484,False
Maharashtra,Pune,"Revenue Colony-Shivajinagar, Pune - IITM",2023-02-01,28,12,118.02166666666666,113.66,12,173.23666666666668,169.19,12,267.1016987436514,278.35655172413794,28,0.42857142857142855,0.42857142857142855,False,False,0.42857142857142855,False
Maharashtra,Pune,"Revenue Colony-Shivajinagar, Pune - IITM",2023-03-01,31,31,79.56064516129032,84.35,31,117.89354838709677,125.75,31,216.0497167395297,188.66,31,1.0,1.0,True,True,1.0,True
Maharashtra,Pune,"Revenue Colony-Shivajinagar, Pune - IITM",2023-04-01,30,19,67.98789473684211,68.36,19,101.11947368421052,101.67,19,160.78370235934665,155.95,30,0.6333333333333333,0.6333333333333333,False,False,0.6333333333333333,False
Maharashtra,Pune,"Revenue Colony-Shivajinagar, Pune - IITM",2023-05-01,31,31,60.899354838709684,65.11,31,90.02903225806452,96.82,31,166.6918020022247,170.66,31,1.0,1.0,True,True,1.0,True
Maharashtra,Pune,"Revenue Colony-Shivajinagar, Pune - IITM",2023-06-01,30,30,35.41833333333333,35.489999999999995,30,52.50033333333333,52.614999999999995,30,191.29333333333335,190.45,30,1.0,1.0,True,True,1.0,True
Maharashtra,Pune,"Revenue Colony-Shivajinagar, Pune - IITM",2023-07-01,31,31,27.484516129032258,26.02,31,40.66225806451613,38.49,31,221.72129032258064,221.7,31,1.0,1.0,True,True,1.0,True
Maharashtra,Pune,"Savitribai Phule Pune University, Pune - MPCB",2021-08-01,31,0,,,0,,,0,,,31,0.0,0.0,False,False,0.0,False
Maharashtra,Pune,"Savitribai Phule Pune University, Pune - MPCB",2021-09-01,30,0,,,0,,,0,,,30,0.0,0.0,False,False,0.0,False
Maharashtra,Pune,"Savitribai Phule Pune University, Pune - MPCB",2021-10-01,31,0,,,0,,,0,,,31,0.0,0.0,False,False,0.0,False
Maharashtra,Pune,"Savitribai Phule Pune University, Pune - MPCB",2021-11-01,30,0,,,0,,,0,,,30,0.0,0.0,False,False,0.0,False
Maharashtra,Pune,"Savitribai Phule Pune University, Pune - MPCB",2021-12-01,31,0,,,0,,,0,,,31,0.0,0.0,False,False,0.0,False
Maharashtra,Pune,"Savitribai Phule Pune University, Pune - MPCB",2022-01-01,31,0,,,0,,,0,,,31,0.0,0.0,False,False,0.0,False
Maharashtra,Pune,"Savitribai Phule Pune University, Pune - MPCB",2022-02-01,28,0,,,0,,,0,,,28,0.0,0.0,False,False,0.0,False
Maharashtra,Pune,"Savitribai Phule Pune University, Pune - MPCB",2022-03-01,31,0,,,0,,,0,,,31,0.0,0.0,False,False,0.0,False
Maharashtra,Pune,"Savitribai Phule Pune University, Pune - MPCB",2022-04-01,30,0,,,0,,,0,,,30,0.0,0.0,False,False,0.0,False
Maharashtra,Pune,"Savitribai Phule Pune University, Pune - MPCB",2022-05-01,31,0,,,0,,,0,,,31,0.0,0.0,False,False,0.0,False
Maharashtra,Pune,"Savitribai Phule Pune University, Pune - MPCB",2022-06-01,30,0,,,0,,,0,,,30,0.0,0.0,False,False,0.0,False
Maharashtra,Pune,"Savitribai Phule Pune University, Pune - MPCB",2022-07-01,31,0,,,0,,,0,,,31,0.0,0.0,False,False,0.0,False
Maharashtra,Pune,"Savitribai Phule Pune University, Pune - MPCB",2022-08-01,31,0,,,0,,,0,,,31,0.0,0.0,False,False,0.0,False
Maharashtra,Pune,"Savitribai Phule Pune University, Pune - MPCB",2022-09-01,30,0,,,0,,,0,,,30,0.0,0.0,False,False,0.0,False
Maharashtra,Pune,"Savitribai Phule Pune University, Pune - MPCB",2022-10-01,31,0,,,0,,,0,,,31,0.0,0.0,False,False,0.0,False
Maharashtra,Pune,"Savitribai Phule Pune University, Pune - MPCB",2022-11-01,30,0,,,0,,,0,,,30,0.0,0.0,False,False,0.0,False
Maharashtra,Pune,"Savitribai Phule Pune University, Pune - MPCB",2022-12-01,31,0,,,0,,,0,,,31,0.0,0.0,False,False,0.0,False
Maharashtra,Pune,"Savitribai Phule Pune University, Pune - MPCB",2023-01-01,31,0,,,0,,,0,,,31,0.0,0.0,False,False,0.0,False
Maharashtra,Pune,"Savitribai Phule Pune University, Pune - MPCB",2023-02-01,28,0,,,0,,,0,,,28,0.0,0.0,False,False,0.0,False
Maharashtra,Pune,"Savitribai Phule Pune University, Pune - MPCB",2023-03-01,31,0,,,0,,,0,,,31,0.0,0.0,False,False,0.0,False
Maharashtra,Pune,"Savitribai Phule Pune University, Pune - MPCB",2023-04-01,30,0,,,0,,,0,,,30,0.0,0.0,False,False,0.0,False
Maharashtra,Pune,"Savitribai Phule Pune University, Pune - MPCB",2023-05-01,31,0,,,0,,,0,,,31,0.0,0.0,False,False,0.0,False
Maharashtra,Pune,"Savitribai Phule Pune University, Pune - MPCB",2023-06-01,30,19,33.53421052631579,33.91,19,69.72999999999999,63.08,19,68.63939597315436,63.08,30,0.6333333333333333,0.6333333333333333,False,False,0.6333333333333333,False
Maharashtra,Pune,"Savitribai Phule Pune University, Pune - MPCB",2023-07-01,31,31,19.01,17.71,31,36.289032258064516,31.77,31,36.94895161290323,31.77,31,1.0,1.0,True,True,1.0,True
Maharashtra,Sangli,"Vijay Nagar, Sangli - MPCB",2021-08-01,31,0,,,0,,,0,,,31,0.0,0.0,False,False,0.0,False
Maharashtra,Sangli,"Vijay Nagar, Sangli - MPCB",2021-09-01,30,0,,,0,,,0,,,30,0.0,0.0,False,False,0.0,False
Maharashtra,Sangli,"Vijay Nagar, Sangli - MPCB",2021-10-01,31,0,,,0,,,0,,,31,0.0,0.0,False,False,0.0,False
Maharashtra,Sangli,"Vijay Nagar, Sangli - MPCB",2021-11-01,30,0,,,0,,,0,,,30,0.0,0.0,False,False,0.0,False
Maharashtra,Sangli,"Vijay Nagar, Sangli - MPCB",2021-12-01,31,0,,,0,,,0,,,31,0.0,0.0,False,False,0.0,False
Maharashtra,Sangli,"Vijay Nagar, Sangli - MPCB",2022-01-01,31,0,,,0,,,0,,,31,0.0,0.0,False,False,0.0,False
Maharashtra,Sangli,"Vijay Nagar, Sangli - MPCB",2022-02-01,28,0,,,0,,,0,,,28,0.0,0.0,False,False,0.0,False
Maharashtra,Sangli,"Vijay Nagar, Sangli - MPCB",2022-03-01,31,0,,,0,,,0,,,31,0.0,0.0,False,False,0.0,False
Maharashtra,Sangli,"Vijay Nagar, Sangli - MPCB",2022-04-01,30,0,,,0,,,0,,,30,0.0,0.0,False,False,0.0,False
Maharashtra,Sangli,"Vijay Nagar, Sangli - MPCB",2022-05-01,31,0,,,0,,,0,,,31,0.0,0.0,False,False,0.0,False
Maharashtra,Sangli,"Vijay Nagar, Sangli - MPCB",2022-06-01,30,0,,,0,,,0,,,30,0.0,0.0,False,False,0.0,False
Maharashtra,Sangli,"Vijay Nagar, Sangli - MPCB",2022-07-01,31,0,,,0,,,0,,,31,0.0,0.0,False,False,0.0,False
Maharashtra,Sangli,"Vijay Nagar, Sangli - MPCB",2022-08-01,31,0,,,0,,,0,,,31,0.0,0.0,False,False,0.0,False
Maharashtra,Sangli,"Vijay Nagar, Sangli - MPCB",2022-09-01,30,0,,,0,,,0,,,30,0.0,0.0,False,False,0.0,False
Maharashtra,Sangli,"Vijay Nagar, Sangli - MPCB",2022-10-01,31,0,,,0,,,0,,,31,0.0,0.0,False,False,0.0,False
Maharashtra,Sangli,"Vijay Nagar, Sangli - MPCB",2022-11-01,30,0,,,0,,,0,,,30,0.0,0.0,False,False,0.0,False
Maharashtra,Sangli,"Vijay Nagar, Sangli - MPCB",2022-12-01,31,0,,,0,,,0,,,31,0.0,0.0,False,False,0.0,False
Maharashtra,Sangli,"Vijay Nagar, Sangli - MPCB",2023-01-01,31,0,,,0,,,0,,,31,0.0,0.0,False,False,0.0,False
Maharashtra,Sangli,"Vijay Nagar, Sangli - MPCB",2023-02-01,28,0,,,0,,,0,,,28,0.0,0.0,False,False,0.0,False
Maharashtra,Sangli,"Vijay Nagar, Sangli - MPCB",2023-03-01,31,0,,,0,,,0,,,31,0.0,0.0,False,False,0.0,False
Maharashtra,Sangli,"Vijay Nagar, Sangli - MPCB",2023-04-01,30,0,,,0,,,0,,,30,0.0,0.0,False,False,0.0,False
Maharashtra,Sangli,"Vijay Nagar, Sangli - MPCB",2023-05-01,31,0,,,0,,,0,,,31,0.0,0.0,False,False,0.0,False
Maharashtra,Sangli,"Vijay Nagar, Sangli - MPCB",2023-06-01,30,19,16.476315789473684,17.3,19,43.839473684210525,48.12,19,46.00157894736842,48.12,30,0.6333333333333333,0.6333333333333333,False,False,0.6333333333333333,False
Maharashtra,Sangli,"Vijay Nagar, Sangli - MPCB",2023-07-01,31,31,8.018387096774193,7.21,31,24.49225806451613,22.87,31,27.24290322580645,24.57,31,1.0,1.0,True,True,1.0,True
Maharashtra,Solapur,"Dnyaneshwar Nagar, Solapur - MPCB",2021-08-01,31,0,,,0,,,0,,,31,0.0,0.0,False,False,0.0,False
Maharashtra,Solapur,"Dnyaneshwar Nagar, Solapur - MPCB",2021-09-01,30,0,,,0,,,0,,,30,0.0,0.0,False,False,0.0,False
Maharashtra,Solapur,"Dnyaneshwar Nagar, Solapur - MPCB",2021-10-01,31,0,,,0,,,0,,,31,0.0,0.0,False,False,0.0,False
Maharashtra,Solapur,"Dnyaneshwar Nagar, Solapur - MPCB",2021-11-01,30,0,,,0,,,0,,,30,0.0,0.0,False,False,0.0,False
Maharashtra,Solapur,"Dnyaneshwar Nagar, Solapur - MPCB",2021-12-01,31,0,,,0,,,0,,,31,0.0,0.0,False,False,0.0,False
Maharashtra,Solapur,"Dnyaneshwar Nagar, Solapur - MPCB",2022-01-01,31,0,,,0,,,0,,,31,0.0,0.0,False,False,0.0,False
Maharashtra,Solapur,"Dnyaneshwar Nagar, Solapur - MPCB",2022-02-01,28,0,,,0,,,0,,,28,0.0,0.0,False,False,0.0,False
Maharashtra,Solapur,"Dnyaneshwar Nagar, Solapur - MPCB",2022-03-01,31,0,,,0,,,0,,,31,0.0,0.0,False,False,0.0,False
Maharashtra,Solapur,"Dnyaneshwar Nagar, Solapur - MPCB",2022-04-01,30,0,,,0,,,0,,,30,0.0,0.0,False,False,0.0,False
Maharashtra,Solapur,"Dnyaneshwar Nagar, Solapur - MPCB",2022-05-01,31,0,,,0,,,0,,,31,0.0,0.0,False,False,0.0,False
Maharashtra,Solapur,"Dnyaneshwar Nagar, Solapur - MPCB",2022-06-01,30,0,,,0,,,0,,,30,0.0,0.0,False,False,0.0,False
Maharashtra,Solapur,"Dnyaneshwar Nagar, Solapur - MPCB",2022-07-01,31,0,,,0,,,0,,,31,0.0,0.0,False,False,0.0,False
Maharashtra,Solapur,"Dnyaneshwar Nagar, Solapur - MPCB",2022-08-01,31,0,,,0,,,0,,,31,0.0,0.0,False,False,0.0,False
Maharashtra,Solapur,"Dnyaneshwar Nagar, Solapur - MPCB",2022-09-01,30,0,,,0,,,0,,,30,0.0,0.0,False,False,0.0,False
Maharashtra,Solapur,"Dnyaneshwar Nagar, Solapur - MPCB",2022-10-01,31,0,,,0,,,0,,,31,0.0,0.0,False,False,0.0,False
Maharashtra,Solapur,"Dnyaneshwar Nagar, Solapur - MPCB",2022-11-01,30,0,,,0,,,0,,,30,0.0,0.0,False,False,0.0,False
Maharashtra,Solapur,"Dnyaneshwar Nagar, Solapur - MPCB",2022-12-01,31,0,,,0,,,0,,,31,0.0,0.0,False,False,0.0,False
Maharashtra,Solapur,"Dnyaneshwar Nagar, Solapur - MPCB",2023-01-01,31,0,,,0,,,0,,,31,0.0,0.0,False,False,0.0,False
Maharashtra,Solapur,"Dnyaneshwar Nagar, Solapur - MPCB",2023-02-01,28,0,,,0,,,0,,,28,0.0,0.0,False,False,0.0,False
Maharashtra,Solapur,"Dnyaneshwar Nagar, Solapur - MPCB",2023-03-01,31,0,,,0,,,0,,,31,0.0,0.0,False,False,0.0,False
Maharashtra,Solapur,"Dnyaneshwar Nagar, Solapur - MPCB",2023-04-01,30,0,,,0,,,0,,,30,0.0,0.0,False,False,0.0,False
Maharashtra,Solapur,"Dnyaneshwar Nagar, Solapur - MPCB",2023-05-01,31,17,51.07,50.27,17,139.01176470588234,142.66,17,126.21902881958152,128.6801342281879,31,0.5483870967741935,0.5483870967741935,False,False,0.5483870967741935,False
Maharashtra,Solapur,"Dnyaneshwar Nagar, Solapur - MPCB",2023-06-01,30,30,45.065666666666665,49.83,30,113.33166666666668,122.11500000000001,30,107.5327293064877,115.02942953020136,30,1.0,1.0,True,True,1.0,True
Maharashtra,Solapur,"Dnyaneshwar Nagar, Solapur - MPCB",2023-07-01,31,31,15.626129032258065,14.46,31,44.630645161290325,40.54,31,45.00967741935484,40.54,31,1.0,1.0,True,True,1.0,True
Maharashtra,Solapur,"Ratandeep Housing Society, Solapur - MPCB",2021-08-01,31,0,,,0,,,0,,,31,0.0,0.0,False,False,0.0,False
Maharashtra,Solapur,"Ratandeep Housing Society, Solapur - MPCB",2021-09-01,30,0,,,0,,,0,,,30,0.0,0.0,False,False,0.0,False
Maharashtra,Solapur,"Ratandeep Housing Society, Solapur - MPCB",2021-10-01,31,0,,,0,,,0,,,31,0.0,0.0,False,False,0.0,False
Maharashtra,Solapur,"Ratandeep Housing Society, Solapur - MPCB",2021-11-01,30,0,,,0,,,0,,,30,0.0,0.0,False,False,0.0,False
Maharashtra,Solapur,"Ratandeep Housing Society, Solapur - MPCB",2021-12-01,31,0,,,0,,,0,,,31,0.0,0.0,False,False,0.0,False
Maharashtra,Solapur,"Ratandeep Housing Society, Solapur - MPCB",2022-01-01,31,0,,,0,,,0,,,31,0.0,0.0,False,False,0.0,False
Maharashtra,Solapur,"Ratandeep Housing Society, Solapur - MPCB",2022-02-01,28,0,,,0,,,0,,,28,0.0,0.0,False,False,0.0,False
Maharashtra,Solapur,"Ratandeep Housing Society, Solapur - MPCB",2022-03-01,31,0,,,0,,,0,,,31,0.0,0.0,False,False,0.0,False
Maharashtra,Solapur,"Ratandeep Housing Society, Solapur - MPCB",2022-04-01,30,0,,,0,,,0,,,30,0.0,0.0,False,False,0.0,False
Maharashtra,Solapur,"Ratandeep Housing Society, Solapur - MPCB",2022-05-01,31,0,,,0,,,0,,,31,0.0,0.0,False,False,0.0,False
Maharashtra,Solapur,"Ratandeep Housing Society, Solapur - MPCB",2022-06-01,30,0,,,0,,,0,,,30,0.0,0.0,False,False,0.0,False
Maharashtra,Solapur,"Ratandeep Housing Society, Solapur - MPCB",2022-07-01,31,0,,,0,,,0,,,31,0.0,0.0,False,False,0.0,False
Maharashtra,Solapur,"Ratandeep Housing Society, Solapur - MPCB",2022-08-01,31,0,,,0,,,0,,,31,0.0,0.0,False,False,0.0,False
Maharashtra,Solapur,"Ratandeep Housing Society, Solapur - MPCB",2022-09-01,30,0,,,0,,,0,,,30,0.0,0.0,False,False,0.0,False
Maharashtra,Solapur,"Ratandeep Housing Society, Solapur - MPCB",2022-10-01,31,0,,,0,,,0,,,31,0.0,0.0,False,False,0.0,False
Maharashtra,Solapur,"Ratandeep Housing Society, Solapur - MPCB",2022-11-01,30,0,,,0,,,0,,,30,0.0,0.0,False,False,0.0,False
Maharashtra,Solapur,"Ratandeep Housing Society, Solapur - MPCB",2022-12-01,31,0,,,0,,,0,,,31,0.0,0.0,False,False,0.0,False
Maharashtra,Solapur,"Ratandeep Housing Society, Solapur - MPCB",2023-01-01,31,0,,,0,,,0,,,31,0.0,0.0,False,False,0.0,False
Maharashtra,Solapur,"Ratandeep Housing Society, Solapur - MPCB",2023-02-01,28,0,,,0,,,0,,,28,0.0,0.0,False,False,0.0,False
Maharashtra,Solapur,"Ratandeep Housing Society, Solapur - MPCB",2023-03-01,31,0,,,0,,,0,,,31,0.0,0.0,False,False,0.0,False
Maharashtra,Solapur,"Ratandeep Housing Society, Solapur - MPCB",2023-04-01,30,0,,,0,,,0,,,30,0.0,0.0,False,False,0.0,False
Maharashtra,Solapur,"Ratandeep Housing Society, Solapur - MPCB",2023-05-01,31,0,,,0,,,0,,,31,0.0,0.0,False,False,0.0,False
Maharashtra,Solapur,"Ratandeep Housing Society, Solapur - MPCB",2023-06-01,30,19,32.77368421052632,31.63,19,80.83105263157894,78.46,19,79.64315083009537,78.46,30,0.6333333333333333,0.6333333333333333,False,False,0.6333333333333333,False
Maharashtra,Solapur,"Ratandeep Housing Society, Solapur - MPCB",2023-07-01,31,31,18.101935483870967,18.92,31,42.06645161290322,42.59,31,43.983225806451614,42.59,31,1.0,1.0,True,True,1.0,True
Maharashtra,Solapur,"Solapur, Solapur - MPCB",2021-08-01,31,21,15.069523809523808,14.86,21,43.11714285714286,44.35,21,45.12047619047619,46.41,31,0.6774193548387096,0.6774193548387096,False,False,0.6774193548387096,False
Maharashtra,Solapur,"Solapur, Solapur - MPCB",2021-09-01,30,21,18.81047619047619,15.92,20,44.126999999999995,43.405,21,52.10884510125889,45.89,30,0.7,0.6666666666666666,False,False,0.7,False
Maharashtra,Solapur,"Solapur, Solapur - MPCB",2021-10-01,31,28,30.212857142857143,29.08,27,56.76185185185185,58.09,28,62.0016201423098,62.00396551724138,31,0.9032258064516129,0.8709677419354839,True,True,0.9032258064516129,True
Maharashtra,Solapur,"Solapur, Solapur - MPCB",2021-11-01,30,25,40.43,40.53,25,79.66199999999999,78.53,25,84.82077275836355,88.71310344827586,30,0.8333333333333334,0.8333333333333334,True,True,0.8333333333333334,True
Maharashtra,Solapur,"Solapur, Solapur - MPCB",2021-12-01,31,31,48.36032258064516,52.5,31,82.92451612903226,82.76,31,88.1483153209424,91.6,31,1.0,1.0,True,True,1.0,True
Maharashtra,Solapur,"Solapur, Solapur - MPCB",2022-01-01,31,31,37.36387096774193,37.41,31,68.52032258064517,70.63,31,72.85265344053168,72.64,31,1.0,1.0,True,True,1.0,True
Maharashtra,Solapur,"Solapur, Solapur - MPCB",2022-02-01,28,24,45.762499999999996,43.435,24,76.53625000000001,73.84,24,83.12949393358876,77.1051724137931,28,0.8571428571428571,0.8571428571428571,True,True,0.8571428571428571,True
Maharashtra,Solapur,"Solapur, Solapur - MPCB",2022-03-01,31,31,46.49967741935484,45.27,31,88.32903225806452,86.35,31,92.2548002959623,91.42,31,1.0,1.0,True,True,1.0,True
Maharashtra,Solapur,"Solapur, Solapur - MPCB",2022-04-01,30,29,37.855862068965514,42.06,29,83.72965517241379,85.1,29,85.85405507806924,87.43,30,0.9666666666666667,0.9666666666666667,True,True,0.9666666666666667,True
Maharashtra,Solapur,"Solapur, Solapur - MPCB",2022-05-01,31,28,42.64964285714286,42.46,30,90.29633333333332,90.93,30,89.96953542132738,90.93,31,0.9032258064516129,0.967741935483871,True,True,0.967741935483871,True
Maharashtra,Solapur,"Solapur, Solapur - MPCB",2022-06-01,30,28,37.496428571428574,39.615,28,79.83571428571429,81.745,28,81.12015184951449,83.64500000000001,30,0.9333333333333333,0.9333333333333333,True,True,0.9333333333333333,True
Maharashtra,Solapur,"Solapur, Solapur - MPCB",2022-07-01,31,31,31.247096774193547,29.1,31,67.9274193548387,64.4,31,68.80506927906474,64.4,31,1.0,1.0,True,True,1.0,True
Maharashtra,Solapur,"Solapur, Solapur - MPCB",2022-08-01,31,30,33.96333333333334,37.175,30,71.575,74.2,30,71.575,74.2,31,0.967741935483871,0.967741935483871,True,True,0.967741935483871,True
Maharashtra,Solapur,"Solapur, Solapur - MPCB",2022-09-01,30,30,31.782666666666668,30.689999999999998,30,74.29133333333333,74.08,30,74.29133333333333,74.08,30,1.0,1.0,True,True,1.0,True
Maharashtra,Solapur,"Solapur, Solapur - MPCB",2022-10-01,31,31,34.37419354838709,32.86,31,77.9683870967742,75.77,31,80.21937708565072,77.02,31,1.0,1.0,True,True,1.0,True
Maharashtra,Solapur,"Solapur, Solapur - MPCB",2022-11-01,30,22,55.15318181818182,55.010000000000005,22,95.425,95.2,22,98.22628326776208,96.61,30,0.7333333333333333,0.7333333333333333,False,False,0.7333333333333333,False
Maharashtra,Solapur,"Solapur, Solapur - MPCB",2022-12-01,31,27,49.04518518518518,49.59,27,90.62925925925926,88.08,27,91.41050236999324,92.66689655172414,31,0.8709677419354839,0.8709677419354839,True,True,0.8709677419354839,True
Maharashtra,Solapur,"Solapur, Solapur - MPCB",2023-01-01,31,31,50.092580645161284,56.17,31,123.23064516129033,123.89,31,117.6224491045233,116.71375838926176,31,1.0,1.0,True,True,1.0,True
Maharashtra,Solapur,"Solapur, Solapur - MPCB",2023-02-01,28,28,35.70321428571428,36.305,28,141.8282142857143,144.155,28,127.85290268456376,129.67345637583892,28,1.0,1.0,True,True,1.0,True
Maharashtra,Solapur,"Solapur, Solapur - MPCB",2023-03-01,31,31,40.5916129032258,35.8,31,139.4590322580645,139.94,31,126.91442199013073,126.87288590604027,31,1.0,1.0,True,True,1.0,True
Maharashtra,Solapur,"Solapur, Solapur - MPCB",2023-04-01,30,30,28.901333333333334,28.795,30,115.65566666666668,114.745,30,110.36316107382551,110.13258389261745,30,1.0,1.0,True,True,1.0,True
Maharashtra,Solapur,"Solapur, Solapur - MPCB",2023-05-01,31,31,29.846129032258066,29.93,31,118.78774193548388,119.72,31,112.72539077722452,113.43812080536912,31,1.0,1.0,True,True,1.0,True
Maharashtra,Solapur,"Solapur, Solapur - MPCB",2023-06-01,30,30,33.80866666666667,33.795,30,134.07466666666667,132.865,30,122.97578523489933,122.17204697986577,30,1.0,1.0,True,True,1.0,True
Maharashtra,Solapur,"Solapur, Solapur - MPCB",2023-07-01,31,31,22.78322580645161,26.39,31,88.92193548387097,103.86,31,88.09445821606408,102.90026845637584,31,1.0,1.0,True,True,1.0,True
Maharashtra,Thane,"Kasarvadavali, Thane - MPCB",2021-08-01,31,0,,,0,,,0,,,31,0.0,0.0,False,False,0.0,False
Maharashtra,Thane,"Kasarvadavali, Thane - MPCB",2021-09-01,30,0,,,0,,,0,,,30,0.0,0.0,False,False,0.0,False
Maharashtra,Thane,"Kasarvadavali, Thane - MPCB",2021-10-01,31,0,,,0,,,0,,,31,0.0,0.0,False,False,0.0,False
Maharashtra,Thane,"Kasarvadavali, Thane - MPCB",2021-11-01,30,0,,,0,,,0,,,30,0.0,0.0,False,False,0.0,False
Maharashtra,Thane,"Kasarvadavali, Thane - MPCB",2021-12-01,31,0,,,0,,,0,,,31,0.0,0.0,False,False,0.0,False
Maharashtra,Thane,"Kasarvadavali, Thane - MPCB",2022-01-01,31,0,,,0,,,0,,,31,0.0,0.0,False,False,0.0,False
Maharashtra,Thane,"Kasarvadavali, Thane - MPCB",2022-02-01,28,0,,,0,,,0,,,28,0.0,0.0,False,False,0.0,False
Maharashtra,Thane,"Kasarvadavali, Thane - MPCB",2022-03-01,31,0,,,0,,,0,,,31,0.0,0.0,False,False,0.0,False
Maharashtra,Thane,"Kasarvadavali, Thane - MPCB",2022-04-01,30,0,,,0,,,0,,,30,0.0,0.0,False,False,0.0,False
Maharashtra,Thane,"Kasarvadavali, Thane - MPCB",2022-05-01,31,0,,,0,,,0,,,31,0.0,0.0,False,False,0.0,False
Maharashtra,Thane,"Kasarvadavali, Thane - MPCB",2022-06-01,30,0,,,0,,,0,,,30,0.0,0.0,False,False,0.0,False
Maharashtra,Thane,"Kasarvadavali, Thane - MPCB",2022-07-01,31,0,,,0,,,0,,,31,0.0,0.0,False,False,0.0,False
Maharashtra,Thane,"Kasarvadavali, Thane - MPCB",2022-08-01,31,0,,,0,,,0,,,31,0.0,0.0,False,False,0.0,False
Maharashtra,Thane,"Kasarvadavali, Thane - MPCB",2022-09-01,30,0,,,0,,,0,,,30,0.0,0.0,False,False,0.0,False
Maharashtra,Thane,"Kasarvadavali, Thane - MPCB",2022-10-01,31,0,,,0,,,0,,,31,0.0,0.0,False,False,0.0,False
Maharashtra,Thane,"Kasarvadavali, Thane - MPCB",2022-11-01,30,0,,,0,,,0,,,30,0.0,0.0,False,False,0.0,False
Maharashtra,Thane,"Kasarvadavali, Thane - MPCB",2022-12-01,31,0,,,0,,,0,,,31,0.0,0.0,False,False,0.0,False
Maharashtra,Thane,"Kasarvadavali, Thane - MPCB",2023-01-01,31,0,,,0,,,0,,,31,0.0,0.0,False,False,0.0,False
Maharashtra,Thane,"Kasarvadavali, Thane - MPCB",2023-02-01,28,0,,,0,,,0,,,28,0.0,0.0,False,False,0.0,False
Maharashtra,Thane,"Kasarvadavali, Thane - MPCB",2023-03-01,31,0,,,0,,,0,,,31,0.0,0.0,False,False,0.0,False
Maharashtra,Thane,"Kasarvadavali, Thane - MPCB",2023-04-01,30,0,,,0,,,0,,,30,0.0,0.0,False,False,0.0,False
Maharashtra,Thane,"Kasarvadavali, Thane - MPCB",2023-05-01,31,0,,,0,,,0,,,31,0.0,0.0,False,False,0.0,False
Maharashtra,Thane,"Kasarvadavali, Thane - MPCB",2023-06-01,30,7,17.79,16.91,7,43.934285714285714,26.42,7,47.43535714285714,36.36,30,0.23333333333333334,0.23333333333333334,False,False,0.23333333333333334,False
Maharashtra,Thane,"Kasarvadavali, Thane - MPCB",2023-07-01,31,28,11.745000000000001,11.03,28,40.185,39.480000000000004,28,40.82419642857143,39.480000000000004,31,0.9032258064516129,0.9032258064516129,True,True,0.9032258064516129,True
Maharashtra,Thane,"Pimpleshwar Mandir, Thane - MPCB",2021-08-01,31,0,,,25,72.646,71.38,25,75.69509798657718,71.38,31,0.0,0.8064516129032258,False,True,0.8064516129032258,True
Maharashtra,Thane,"Pimpleshwar Mandir, Thane - MPCB",2021-09-01,30,0,,,13,90.75153846153846,101.45,13,99.31182124997112,103.1261744966443,30,0.0,0.43333333333333335,False,False,0.43333333333333335,False
Maharashtra,Thane,"Pimpleshwar Mandir, Thane - MPCB",2021-10-01,31,0,,,29,175.19103448275862,193.97,29,149.60737329321915,162.7720134228188,31,0.0,0.9354838709677419,False,True,0.9354838709677419,True
Maharashtra,Thane,"Pimpleshwar Mandir, Thane - MPCB",2021-11-01,30,0,,,29,212.42241379310346,218.82,29,178.77096505438556,179.28308724832215,30,0.0,0.9666666666666667,False,True,0.9666666666666667,True
Maharashtra,Thane,"Pimpleshwar Mandir, Thane - MPCB",2021-12-01,31,0,,,31,249.2364516129032,259.42,31,206.65797142238583,209.42000000000002,31,0.0,1.0,False,True,1.0,True
Maharashtra,Thane,"Pimpleshwar Mandir, Thane - MPCB",2022-01-01,31,0,,,30,169.09766666666667,176.49,30,157.86876238762014,154.18426174496645,31,0.0,0.967741935483871,False,True,0.967741935483871,True
Maharashtra,Thane,"Pimpleshwar Mandir, Thane - MPCB",2022-02-01,28,11,62.15,59.87,28,78.81035714285714,80.405,28,117.08344643776194,110.77440298507463,28,0.39285714285714285,1.0,False,True,1.0,True
Maharashtra,Thane,"Pimpleshwar Mandir, Thane - MPCB",2022-03-01,31,31,71.65129032258065,72.46,31,257.9712903225806,263.87,31,217.19899936581757,220.18551724137933,31,1.0,1.0,True,True,1.0,True
Maharashtra,Thane,"Pimpleshwar Mandir, Thane - MPCB",2022-04-01,30,28,55.205357142857146,51.735,27,195.6162962962963,164.35,28,165.38038928870517,142.75607382550336,30,0.9333333333333333,0.9,True,True,0.9333333333333333,True
Maharashtra,Thane,"Pimpleshwar Mandir, Thane - MPCB",2022-05-01,31,18,40.06,37.51,25,168.9892,167.96,25,146.2090657718121,145.4902013422819,31,0.5806451612903226,0.8064516129032258,False,True,0.8064516129032258,True
Maharashtra,Thane,"Pimpleshwar Mandir, Thane - MPCB",2022-06-01,30,0,,,30,80.44266666666667,77.235,30,85.44880932456972,83.41384615384615,30,0.0,1.0,False,True,1.0,True
Maharashtra,Thane,"Pimpleshwar Mandir, Thane - MPCB",2022-07-01,31,0,,,27,97.37592592592593,61.31,27,80.07332198495038,61.31,31,0.0,0.8709677419354839,False,True,0.8709677419354839,True
Maharashtra,Thane,"Pimpleshwar Mandir, Thane - MPCB",2022-08-01,31,0,,,25,62.3992,49.99,25,65.76292348993289,56.6,31,0.0,0.8064516129032258,False,True,0.8064516129032258,True
Maharashtra,Thane,"Pimpleshwar Mandir, Thane - MPCB",2022-09-01,30,0,,,26,58.17423076923077,55.665,26,62.58625,58.815,30,0.0,0.8666666666666667,False,True,0.8666666666666667,True
Maharashtra,Thane,"Pimpleshwar Mandir, Thane - MPCB",2022-10-01,31,0,,,31,99.22483870967741,81.09,31,93.84320575623723,82.6,31,0.0,1.0,False,True,1.0,True
Maharashtra,Thane,"Pimpleshwar Mandir, Thane - MPCB",2022-11-01,30,0,,,30,172.95,168.79,30,148.80570469798658,146.04167785234898,30,0.0,1.0,False,True,1.0,True
Maharashtra,Thane,"Pimpleshwar Mandir, Thane - MPCB",2022-12-01,31,0,,,31,187.8709677419355,195.08,31,159.31857544923145,163.5095302013423,31,0.0,1.0,False,True,1.0,True
Maharashtra,Thane,"Pimpleshwar Mandir, Thane - MPCB",2023-01-01,31,0,,,28,194.8489285714286,193.92000000000002,28,164.0978564631302,162.73879194630874,31,0.0,0.9032258064516129,False,True,0.9032258064516129,True
Maharashtra,Thane,"Pimpleshwar Mandir, Thane - MPCB",2023-02-01,28,0,,,23,237.8108695652174,241.12,23,194.95983367376712,194.0998657718121,28,0.0,0.8214285714285714,False,True,0.8214285714285714,True
Maharashtra,Thane,"Pimpleshwar Mandir, Thane - MPCB",2023-03-01,31,0,,,13,148.48076923076923,127.09,13,133.33875580795043,118.33496644295303,31,0.0,0.41935483870967744,False,False,0.41935483870967744,False
Maharashtra,Thane,"Pimpleshwar Mandir, Thane - MPCB",2023-04-01,30,0,,,22,162.53772727272727,173.45499999999998,22,141.7151220256254,149.14124161073826,30,0.0,0.7333333333333333,False,False,0.7333333333333333,False
Maharashtra,Thane,"Pimpleshwar Mandir, Thane - MPCB",2023-05-01,31,0,,,24,112.28916666666667,107.85499999999999,24,105.64516498881432,105.55466442953019,31,0.0,0.7741935483870968,False,True,0.7741935483870968,True
Maharashtra,Thane,"Pimpleshwar Mandir, Thane - MPCB",2023-06-01,30,0,,,24,87.93416666666667,82.77000000000001,24,88.60401037782749,85.255,30,0.0,0.8,False,True,0.8,True
Maharashtra,Thane,"Pimpleshwar Mandir, Thane - MPCB",2023-07-01,31,0,,,20,37.0245,35.595,20,82.51384687442034,44.0,31,0.0,0.6451612903225806,False,False,0.6451612903225806,False
Maharashtra,Thane,"Upvan Fort, Thane - MPCB",2021-08-01,31,0,,,0,,,0,,,31,0.0,0.0,False,False,0.0,False
Maharashtra,Thane,"Upvan Fort, Thane - MPCB",2021-09-01,30,0,,,0,,,0,,,30,0.0,0.0,False,False,0.0,False
Maharashtra,Thane,"Upvan Fort, Thane - MPCB",2021-10-01,31,0,,,0,,,0,,,31,0.0,0.0,False,False,0.0,False
Maharashtra,Thane,"Upvan Fort, Thane - MPCB",2021-11-01,30,0,,,0,,,0,,,30,0.0,0.0,False,False,0.0,False
Maharashtra,Thane,"Upvan Fort, Thane - MPCB",2021-12-01,31,0,,,0,,,0,,,31,0.0,0.0,False,False,0.0,False
Maharashtra,Thane,"Upvan Fort, Thane - MPCB",2022-01-01,31,0,,,0,,,0,,,31,0.0,0.0,False,False,0.0,False
Maharashtra,Thane,"Upvan Fort, Thane - MPCB",2022-02-01,28,0,,,0,,,0,,,28,0.0,0.0,False,False,0.0,False
Maharashtra,Thane,"Upvan Fort, Thane - MPCB",2022-03-01,31,0,,,0,,,0,,,31,0.0,0.0,False,False,0.0,False
Maharashtra,Thane,"Upvan Fort, Thane - MPCB",2022-04-01,30,0,,,0,,,0,,,30,0.0,0.0,False,False,0.0,False
Maharashtra,Thane,"Upvan Fort, Thane - MPCB",2022-05-01,31,0,,,0,,,0,,,31,0.0,0.0,False,False,0.0,False
Maharashtra,Thane,"Upvan Fort, Thane - MPCB",2022-06-01,30,0,,,0,,,0,,,30,0.0,0.0,False,False,0.0,False
Maharashtra,Thane,"Upvan Fort, Thane - MPCB",2022-07-01,31,0,,,0,,,0,,,31,0.0,0.0,False,False,0.0,False
Maharashtra,Thane,"Upvan Fort, Thane - MPCB",2022-08-01,31,0,,,0,,,0,,,31,0.0,0.0,False,False,0.0,False
Maharashtra,Thane,"Upvan Fort, Thane - MPCB",2022-09-01,30,0,,,0,,,0,,,30,0.0,0.0,False,False,0.0,False
Maharashtra,Thane,"Upvan Fort, Thane - MPCB",2022-10-01,31,0,,,0,,,0,,,31,0.0,0.0,False,False,0.0,False
Maharashtra,Thane,"Upvan Fort, Thane - MPCB",2022-11-01,30,0,,,0,,,0,,,30,0.0,0.0,False,False,0.0,False
Maharashtra,Thane,"Upvan Fort, Thane - MPCB",2022-12-01,31,0,,,0,,,0,,,31,0.0,0.0,False,False,0.0,False
Maharashtra,Thane,"Upvan Fort, Thane - MPCB",2023-01-01,31,0,,,0,,,0,,,31,0.0,0.0,False,False,0.0,False
Maharashtra,Thane,"Upvan Fort, Thane - MPCB",2023-02-01,28,0,,,0,,,0,,,28,0.0,0.0,False,False,0.0,False
Maharashtra,Thane,"Upvan Fort, Thane - MPCB",2023-03-01,31,0,,,0,,,0,,,31,0.0,0.0,False,False,0.0,False
Maharashtra,Thane,"Upvan Fort, Thane - MPCB",2023-04-01,30,0,,,0,,,0,,,30,0.0,0.0,False,False,0.0,False
Maharashtra,Thane,"Upvan Fort, Thane - MPCB",2023-05-01,31,0,,,0,,,0,,,31,0.0,0.0,False,False,0.0,False
Maharashtra,Thane,"Upvan Fort, Thane - MPCB",2023-06-01,30,8,15.25125,15.07,8,41.48,40.435,8,42.27625,40.435,30,0.26666666666666666,0.26666666666666666,False,False,0.26666666666666666,False
Maharashtra,Thane,"Upvan Fort, Thane - MPCB",2023-07-01,31,28,14.501428571428573,14.335,28,43.31,40.235,28,44.96107142857143,41.30666666666667,31,0.9032258064516129,0.9032258064516129,True,True,0.9032258064516129,True
Maharashtra,Ulhasnagar,"Sidhi Vinayak Nagar, Ulhasnagar - MPCB",2021-08-01,31,0,,,0,,,0,,,31,0.0,0.0,False,False,0.0,False
Maharashtra,Ulhasnagar,"Sidhi Vinayak Nagar, Ulhasnagar - MPCB",2021-09-01,30,0,,,0,,,0,,,30,0.0,0.0,False,False,0.0,False
Maharashtra,Ulhasnagar,"Sidhi Vinayak Nagar, Ulhasnagar - MPCB",2021-10-01,31,0,,,0,,,0,,,31,0.0,0.0,False,False,0.0,False
Maharashtra,Ulhasnagar,"Sidhi Vinayak Nagar, Ulhasnagar - MPCB",2021-11-01,30,0,,,0,,,0,,,30,0.0,0.0,False,False,0.0,False
Maharashtra,Ulhasnagar,"Sidhi Vinayak Nagar, Ulhasnagar - MPCB",2021-12-01,31,0,,,0,,,0,,,31,0.0,0.0,False,False,0.0,False
Maharashtra,Ulhasnagar,"Sidhi Vinayak Nagar, Ulhasnagar - MPCB",2022-01-01,31,0,,,0,,,0,,,31,0.0,0.0,False,False,0.0,False
Maharashtra,Ulhasnagar,"Sidhi Vinayak Nagar, Ulhasnagar - MPCB",2022-02-01,28,0,,,0,,,0,,,28,0.0,0.0,False,False,0.0,False
Maharashtra,Ulhasnagar,"Sidhi Vinayak Nagar, Ulhasnagar - MPCB",2022-03-01,31,0,,,0,,,0,,,31,0.0,0.0,False,False,0.0,False
Maharashtra,Ulhasnagar,"Sidhi Vinayak Nagar, Ulhasnagar - MPCB",2022-04-01,30,0,,,0,,,0,,,30,0.0,0.0,False,False,0.0,False
Maharashtra,Ulhasnagar,"Sidhi Vinayak Nagar, Ulhasnagar - MPCB",2022-05-01,31,0,,,0,,,0,,,31,0.0,0.0,False,False,0.0,False
Maharashtra,Ulhasnagar,"Sidhi Vinayak Nagar, Ulhasnagar - MPCB",2022-06-01,30,0,,,0,,,0,,,30,0.0,0.0,False,False,0.0,False
Maharashtra,Ulhasnagar,"Sidhi Vinayak Nagar, Ulhasnagar - MPCB",2022-07-01,31,0,,,0,,,0,,,31,0.0,0.0,False,False,0.0,False
Maharashtra,Ulhasnagar,"Sidhi Vinayak Nagar, Ulhasnagar - MPCB",2022-08-01,31,0,,,0,,,0,,,31,0.0,0.0,False,False,0.0,False
Maharashtra,Ulhasnagar,"Sidhi Vinayak Nagar, Ulhasnagar - MPCB",2022-09-01,30,0,,,0,,,0,,,30,0.0,0.0,False,False,0.0,False
Maharashtra,Ulhasnagar,"Sidhi Vinayak Nagar, Ulhasnagar - MPCB",2022-10-01,31,0,,,0,,,0,,,31,0.0,0.0,False,False,0.0,False
Maharashtra,Ulhasnagar,"Sidhi Vinayak Nagar, Ulhasnagar - MPCB",2022-11-01,30,0,,,0,,,0,,,30,0.0,0.0,False,False,0.0,False
Maharashtra,Ulhasnagar,"Sidhi Vinayak Nagar, Ulhasnagar - MPCB",2022-12-01,31,0,,,0,,,0,,,31,0.0,0.0,False,False,0.0,False
Maharashtra,Ulhasnagar,"Sidhi Vinayak Nagar, Ulhasnagar - MPCB",2023-01-01,31,0,,,0,,,0,,,31,0.0,0.0,False,False,0.0,False
Maharashtra,Ulhasnagar,"Sidhi Vinayak Nagar, Ulhasnagar - MPCB",2023-02-01,28,0,,,0,,,0,,,28,0.0,0.0,False,False,0.0,False
Maharashtra,Ulhasnagar,"Sidhi Vinayak Nagar, Ulhasnagar - MPCB",2023-03-01,31,0,,,0,,,0,,,31,0.0,0.0,False,False,0.0,False
Maharashtra,Ulhasnagar,"Sidhi Vinayak Nagar, Ulhasnagar - MPCB",2023-04-01,30,0,,,0,,,0,,,30,0.0,0.0,False,False,0.0,False
Maharashtra,Ulhasnagar,"Sidhi Vinayak Nagar, Ulhasnagar - MPCB",2023-05-01,31,0,,,0,,,0,,,31,0.0,0.0,False,False,0.0,False
Maharashtra,Ulhasnagar,"Sidhi Vinayak Nagar, Ulhasnagar - MPCB",2023-06-01,30,0,,,0,,,0,,,30,0.0,0.0,False,False,0.0,False
Maharashtra,Ulhasnagar,"Sidhi Vinayak Nagar, Ulhasnagar - MPCB",2023-07-01,31,11,22.14,19.72,11,41.64454545454545,42.27,11,43.8269696969697,44.76,31,0.3548387096774194,0.3548387096774194,False,False,0.3548387096774194,False
Maharashtra,Virar,"Bolinj, Virar - MPCB",2021-08-01,31,0,,,0,,,0,,,31,0.0,0.0,False,False,0.0,False
Maharashtra,Virar,"Bolinj, Virar - MPCB",2021-09-01,30,0,,,0,,,0,,,30,0.0,0.0,False,False,0.0,False
Maharashtra,Virar,"Bolinj, Virar - MPCB",2021-10-01,31,0,,,0,,,0,,,31,0.0,0.0,False,False,0.0,False
Maharashtra,Virar,"Bolinj, Virar - MPCB",2021-11-01,30,0,,,0,,,0,,,30,0.0,0.0,False,False,0.0,False
Maharashtra,Virar,"Bolinj, Virar - MPCB",2021-12-01,31,0,,,0,,,0,,,31,0.0,0.0,False,False,0.0,False
Maharashtra,Virar,"Bolinj, Virar - MPCB",2022-01-01,31,0,,,0,,,0,,,31,0.0,0.0,False,False,0.0,False
Maharashtra,Virar,"Bolinj, Virar - MPCB",2022-02-01,28,0,,,0,,,0,,,28,0.0,0.0,False,False,0.0,False
Maharashtra,Virar,"Bolinj, Virar - MPCB",2022-03-01,31,0,,,0,,,0,,,31,0.0,0.0,False,False,0.0,False
Maharashtra,Virar,"Bolinj, Virar - MPCB",2022-04-01,30,0,,,0,,,0,,,30,0.0,0.0,False,False,0.0,False
Maharashtra,Virar,"Bolinj, Virar - MPCB",2022-05-01,31,0,,,0,,,0,,,31,0.0,0.0,False,False,0.0,False
Maharashtra,Virar,"Bolinj, Virar - MPCB",2022-06-01,30,0,,,0,,,0,,,30,0.0,0.0,False,False,0.0,False
Maharashtra,Virar,"Bolinj, Virar - MPCB",2022-07-01,31,0,,,0,,,0,,,31,0.0,0.0,False,False,0.0,False
Maharashtra,Virar,"Bolinj, Virar - MPCB",2022-08-01,31,0,,,0,,,0,,,31,0.0,0.0,False,False,0.0,False
Maharashtra,Virar,"Bolinj, Virar - MPCB",2022-09-01,30,0,,,0,,,0,,,30,0.0,0.0,False,False,0.0,False
Maharashtra,Virar,"Bolinj, Virar - MPCB",2022-10-01,31,0,,,0,,,0,,,31,0.0,0.0,False,False,0.0,False
Maharashtra,Virar,"Bolinj, Virar - MPCB",2022-11-01,30,0,,,0,,,0,,,30,0.0,0.0,False,False,0.0,False
Maharashtra,Virar,"Bolinj, Virar - MPCB",2022-12-01,31,0,,,0,,,0,,,31,0.0,0.0,False,False,0.0,False
Maharashtra,Virar,"Bolinj, Virar - MPCB",2023-01-01,31,0,,,0,,,0,,,31,0.0,0.0,False,False,0.0,False
Maharashtra,Virar,"Bolinj, Virar - MPCB",2023-02-01,28,0,,,0,,,0,,,28,0.0,0.0,False,False,0.0,False
Maharashtra,Virar,"Bolinj, Virar - MPCB",2023-03-01,31,0,,,0,,,0,,,31,0.0,0.0,False,False,0.0,False
Maharashtra,Virar,"Bolinj, Virar - MPCB",2023-04-01,30,0,,,0,,,0,,,30,0.0,0.0,False,False,0.0,False
Maharashtra,Virar,"Bolinj, Virar - MPCB",2023-05-01,31,0,,,0,,,0,,,31,0.0,0.0,False,False,0.0,False
Maharashtra,Virar,"Bolinj, Virar - MPCB",2023-06-01,30,0,,,0,,,0,,,30,0.0,0.0,False,False,0.0,False
Maharashtra,Virar,"Bolinj, Virar - MPCB",2023-07-01,31,11,15.936363636363637,15.57,11,31.969090909090912,31.7,11,34.22060606060606,34.17,31,0.3548387096774194,0.3548387096774194,False,False,0.3548387096774194,False
Odisha,Baripada,"Meher Colony, Baripada - OSPCB",2021-08-01,31,0,,,0,,,0,,,31,0.0,0.0,False,False,0.0,False
Odisha,Baripada,"Meher Colony, Baripada - OSPCB",2021-09-01,30,0,,,0,,,0,,,30,0.0,0.0,False,False,0.0,False
Odisha,Baripada,"Meher Colony, Baripada - OSPCB",2021-10-01,31,0,,,0,,,0,,,31,0.0,0.0,False,False,0.0,False
Odisha,Baripada,"Meher Colony, Baripada - OSPCB",2021-11-01,30,0,,,0,,,0,,,30,0.0,0.0,False,False,0.0,False
Odisha,Baripada,"Meher Colony, Baripada - OSPCB",2021-12-01,31,0,,,0,,,0,,,31,0.0,0.0,False,False,0.0,False
Odisha,Baripada,"Meher Colony, Baripada - OSPCB",2022-01-01,31,0,,,0,,,0,,,31,0.0,0.0,False,False,0.0,False
Odisha,Baripada,"Meher Colony, Baripada - OSPCB",2022-02-01,28,0,,,0,,,0,,,28,0.0,0.0,False,False,0.0,False
Odisha,Baripada,"Meher Colony, Baripada - OSPCB",2022-03-01,31,0,,,0,,,0,,,31,0.0,0.0,False,False,0.0,False
Odisha,Baripada,"Meher Colony, Baripada - OSPCB",2022-04-01,30,0,,,0,,,0,,,30,0.0,0.0,False,False,0.0,False
Odisha,Baripada,"Meher Colony, Baripada - OSPCB",2022-05-01,31,0,,,0,,,0,,,31,0.0,0.0,False,False,0.0,False
Odisha,Baripada,"Meher Colony, Baripada - OSPCB",2022-06-01,30,0,,,0,,,0,,,30,0.0,0.0,False,False,0.0,False
Odisha,Baripada,"Meher Colony, Baripada - OSPCB",2022-07-01,31,0,,,0,,,0,,,31,0.0,0.0,False,False,0.0,False
Odisha,Baripada,"Meher Colony, Baripada - OSPCB",2022-08-01,31,0,,,0,,,0,,,31,0.0,0.0,False,False,0.0,False
Odisha,Baripada,"Meher Colony, Baripada - OSPCB",2022-09-01,30,0,,,0,,,0,,,30,0.0,0.0,False,False,0.0,False
Odisha,Baripada,"Meher Colony, Baripada - OSPCB",2022-10-01,31,0,,,0,,,0,,,31,0.0,0.0,False,False,0.0,False
Odisha,Baripada,"Meher Colony, Baripada - OSPCB",2022-11-01,30,6,79.88,77.21499999999999,6,182.99833333333333,176.89,6,170.60079919771655,156.35465517241374,30,0.2,0.2,False,False,0.2,False
Odisha,Baripada,"Meher Colony, Baripada - OSPCB",2022-12-01,31,31,95.04645161290323,91.97,31,191.21483870967742,188.26,31,215.024206505225,204.31137931034482,31,1.0,1.0,True,True,1.0,True
Odisha,Baripada,"Meher Colony, Baripada - OSPCB",2023-01-01,31,31,99.06290322580647,101.51,31,193.73032258064518,192.46,31,227.80776741338772,236.8789655172414,31,1.0,1.0,True,True,1.0,True
Odisha,Baripada,"Meher Colony, Baripada - OSPCB",2023-02-01,28,28,56.13964285714286,54.11,28,141.36285714285714,140.27499999999998,28,128.53414793202631,127.09546979865772,28,1.0,1.0,True,True,1.0,True
Odisha,Baripada,"Meher Colony, Baripada - OSPCB",2023-03-01,31,31,49.13161290322581,55.21,31,117.98516129032258,128.61,31,109.52141275541055,119.34489932885907,31,1.0,1.0,True,True,1.0,True
Odisha,Baripada,"Meher Colony, Baripada - OSPCB",2023-04-01,30,30,47.001333333333335,50.695,30,101.95266666666666,105.695,30,103.09179873486076,104.11949664429531,30,1.0,1.0,True,True,1.0,True
Odisha,Baripada,"Meher Colony, Baripada - OSPCB",2023-05-01,31,31,26.313548387096777,26.62,31,84.06032258064516,84.46,31,87.45271306382139,86.25,31,1.0,1.0,True,True,1.0,True
Odisha,Baripada,"Meher Colony, Baripada - OSPCB",2023-06-01,30,30,25.454333333333334,27.22,30,82.67966666666666,85.975,30,82.15293288590604,85.975,30,1.0,1.0,True,True,1.0,True
Odisha,Baripada,"Meher Colony, Baripada - OSPCB",2023-07-01,31,26,13.405,12.46,31,47.96774193548387,49.14,31,53.17296855859534,49.21,31,0.8387096774193549,1.0,True,True,1.0,True
Odisha,Bileipada,"Tata Township, Bileipada - OSPCB",2021-08-01,31,0,,,0,,,0,,,31,0.0,0.0,False,False,0.0,False
Odisha,Bileipada,"Tata Township, Bileipada - OSPCB",2021-09-01,30,0,,,0,,,0,,,30,0.0,0.0,False,False,0.0,False
Odisha,Bileipada,"Tata Township, Bileipada - OSPCB",2021-10-01,31,0,,,0,,,0,,,31,0.0,0.0,False,False,0.0,False
Odisha,Bileipada,"Tata Township, Bileipada - OSPCB",2021-11-01,30,0,,,0,,,0,,,30,0.0,0.0,False,False,0.0,False
Odisha,Bileipada,"Tata Township, Bileipada - OSPCB",2021-12-01,31,0,,,0,,,0,,,31,0.0,0.0,False,False,0.0,False
Odisha,Bileipada,"Tata Township, Bileipada - OSPCB",2022-01-01,31,0,,,0,,,0,,,31,0.0,0.0,False,False,0.0,False
Odisha,Bileipada,"Tata Township, Bileipada - OSPCB",2022-02-01,28,0,,,0,,,0,,,28,0.0,0.0,False,False,0.0,False
Odisha,Bileipada,"Tata Township, Bileipada - OSPCB",2022-03-01,31,0,,,0,,,0,,,31,0.0,0.0,False,False,0.0,False
Odisha,Bileipada,"Tata Township, Bileipada - OSPCB",2022-04-01,30,0,,,0,,,0,,,30,0.0,0.0,False,False,0.0,False
Odisha,Bileipada,"Tata Township, Bileipada - OSPCB",2022-05-01,31,0,,,0,,,0,,,31,0.0,0.0,False,False,0.0,False
Odisha,Bileipada,"Tata Township, Bileipada - OSPCB",2022-06-01,30,0,,,0,,,0,,,30,0.0,0.0,False,False,0.0,False
Odisha,Bileipada,"Tata Township, Bileipada - OSPCB",2022-07-01,31,0,,,0,,,0,,,31,0.0,0.0,False,False,0.0,False
Odisha,Bileipada,"Tata Township, Bileipada - OSPCB",2022-08-01,31,0,,,0,,,0,,,31,0.0,0.0,False,False,0.0,False
Odisha,Bileipada,"Tata Township, Bileipada - OSPCB",2022-09-01,30,0,,,0,,,0,,,30,0.0,0.0,False,False,0.0,False
Odisha,Bileipada,"Tata Township, Bileipada - OSPCB",2022-10-01,31,0,,,0,,,0,,,31,0.0,0.0,False,False,0.0,False
Odisha,Bileipada,"Tata Township, Bileipada - OSPCB",2022-11-01,30,6,69.15666666666667,68.845,6,174.65,181.825,6,152.1180768340662,154.7025167785235,30,0.2,0.2,False,False,0.2,False
Odisha,Bileipada,"Tata Township, Bileipada - OSPCB",2022-12-01,31,31,72.82000000000001,68.37,31,189.77935483870968,190.98,31,175.07108136557397,163.0112080536913,31,1.0,1.0,True,True,1.0,True
Odisha,Bileipada,"Tata Township, Bileipada - OSPCB",2023-01-01,31,31,128.18483870967742,123.63,31,201.58354838709678,204.81,31,283.90808956346933,303.01837209302323,31,1.0,1.0,True,True,1.0,True
Odisha,Bileipada,"Tata Township, Bileipada - OSPCB",2023-02-01,28,28,64.11178571428572,65.3,28,183.9175,177.01,28,162.6500484345555,161.20063758389261,28,1.0,1.0,True,True,1.0,True
Odisha,Bileipada,"Tata Township, Bileipada - OSPCB",2023-03-01,31,31,72.69612903225806,72.27,31,211.32774193548386,194.62,31,186.44474046008185,179.05053691275168,31,1.0,1.0,True,True,1.0,True
Odisha,Bileipada,"Tata Township, Bileipada - OSPCB",2023-04-01,30,30,69.80433333333333,66.285,30,215.91566666666668,220.885,30,181.86243315590528,180.65513422818793,30,1.0,1.0,True,True,1.0,True
Odisha,Bileipada,"Tata Township, Bileipada - OSPCB",2023-05-01,31,31,51.03774193548387,49.25,31,152.9083870967742,143.04,31,135.88717038319984,128.93261744966443,31,1.0,1.0,True,True,1.0,True
Odisha,Bileipada,"Tata Township, Bileipada - OSPCB",2023-06-01,30,30,47.147,46.4,30,138.75433333333334,137.92000000000002,30,123.55276733780761,125.53073825503355,30,1.0,1.0,True,True,1.0,True
Odisha,Bileipada,"Tata Township, Bileipada - OSPCB",2023-07-01,31,31,25.7758064516129,24.47,31,80.02967741935484,76.98,31,79.16042000432994,76.98,31,1.0,1.0,True,True,1.0,True
Odisha,Keonjhar,"Jagamohanpur, Keonjhar - OSPCB",2021-08-01,31,0,,,0,,,0,,,31,0.0,0.0,False,False,0.0,False
Odisha,Keonjhar,"Jagamohanpur, Keonjhar - OSPCB",2021-09-01,30,0,,,0,,,0,,,30,0.0,0.0,False,False,0.0,False
Odisha,Keonjhar,"Jagamohanpur, Keonjhar - OSPCB",2021-10-01,31,0,,,0,,,0,,,31,0.0,0.0,False,False,0.0,False
Odisha,Keonjhar,"Jagamohanpur, Keonjhar - OSPCB",2021-11-01,30,0,,,0,,,0,,,30,0.0,0.0,False,False,0.0,False
Odisha,Keonjhar,"Jagamohanpur, Keonjhar - OSPCB",2021-12-01,31,0,,,0,,,0,,,31,0.0,0.0,False,False,0.0,False
Odisha,Keonjhar,"Jagamohanpur, Keonjhar - OSPCB",2022-01-01,31,0,,,0,,,0,,,31,0.0,0.0,False,False,0.0,False
Odisha,Keonjhar,"Jagamohanpur, Keonjhar - OSPCB",2022-02-01,28,0,,,0,,,0,,,28,0.0,0.0,False,False,0.0,False
Odisha,Keonjhar,"Jagamohanpur, Keonjhar - OSPCB",2022-03-01,31,0,,,0,,,0,,,31,0.0,0.0,False,False,0.0,False
Odisha,Keonjhar,"Jagamohanpur, Keonjhar - OSPCB",2022-04-01,30,0,,,0,,,0,,,30,0.0,0.0,False,False,0.0,False
Odisha,Keonjhar,"Jagamohanpur, Keonjhar - OSPCB",2022-05-01,31,0,,,0,,,0,,,31,0.0,0.0,False,False,0.0,False
Odisha,Keonjhar,"Jagamohanpur, Keonjhar - OSPCB",2022-06-01,30,0,,,0,,,0,,,30,0.0,0.0,False,False,0.0,False
Odisha,Keonjhar,"Jagamohanpur, Keonjhar - OSPCB",2022-07-01,31,0,,,0,,,0,,,31,0.0,0.0,False,False,0.0,False
Odisha,Keonjhar,"Jagamohanpur, Keonjhar - OSPCB",2022-08-01,31,0,,,0,,,0,,,31,0.0,0.0,False,False,0.0,False
Odisha,Keonjhar,"Jagamohanpur, Keonjhar - OSPCB",2022-09-01,30,0,,,0,,,0,,,30,0.0,0.0,False,False,0.0,False
Odisha,Keonjhar,"Jagamohanpur, Keonjhar - OSPCB",2022-10-01,31,0,,,0,,,0,,,31,0.0,0.0,False,False,0.0,False
Odisha,Keonjhar,"Jagamohanpur, Keonjhar - OSPCB",2022-11-01,30,6,82.34666666666668,80.965,6,129.365,128.32999999999998,6,172.66620689655176,167.94948275862072,30,0.2,0.2,False,False,0.2,False
Odisha,Keonjhar,"Jagamohanpur, Keonjhar - OSPCB",2022-12-01,31,31,83.38225806451612,81.78,31,131.17225806451614,126.47,31,181.6262890907869,171.93862068965518,31,1.0,1.0,True,True,1.0,True
Odisha,Keonjhar,"Jagamohanpur, Keonjhar - OSPCB",2023-01-01,31,31,100.25548387096775,98.12,31,152.4925806451613,153.42,31,223.90826724038104,225.30620689655174,31,1.0,1.0,True,True,1.0,True
Odisha,Keonjhar,"Jagamohanpur, Keonjhar - OSPCB",2023-02-01,28,28,66.94607142857143,65.125,28,130.08214285714286,131.765,28,136.96817494296957,126.05724137931036,28,1.0,1.0,True,True,1.0,True
Odisha,Keonjhar,"Jagamohanpur, Keonjhar - OSPCB",2023-03-01,31,31,66.53225806451613,68.06,31,123.47548387096775,128.3,31,138.55534374510083,130.70000000000002,31,1.0,1.0,True,True,1.0,True
Odisha,Keonjhar,"Jagamohanpur, Keonjhar - OSPCB",2023-04-01,30,30,50.400999999999996,47.69,30,104.07333333333332,103.055,30,104.88736133611047,102.36540268456376,30,1.0,1.0,True,True,1.0,True
Odisha,Keonjhar,"Jagamohanpur, Keonjhar - OSPCB",2023-05-01,31,31,40.858064516129026,39.13,31,86.7641935483871,87.48,31,86.34756702077625,87.48,31,1.0,1.0,True,True,1.0,True
Odisha,Keonjhar,"Jagamohanpur, Keonjhar - OSPCB",2023-06-01,30,30,36.348,35.894999999999996,30,78.27733333333335,78.505,30,77.49177682635192,78.505,30,1.0,1.0,True,True,1.0,True
Odisha,Keonjhar,"Jagamohanpur, Keonjhar - OSPCB",2023-07-01,31,31,19.98483870967742,20.65,31,43.3416129032258,41.87,31,51.03703507100404,47.97,31,1.0,1.0,True,True,1.0,True
Odisha,Nayagarh,"Dabuna, Nayagarh - OSPCB",2021-08-01,31,0,,,0,,,0,,,31,0.0,0.0,False,False,0.0,False
Odisha,Nayagarh,"Dabuna, Nayagarh - OSPCB",2021-09-01,30,0,,,0,,,0,,,30,0.0,0.0,False,False,0.0,False
Odisha,Nayagarh,"Dabuna, Nayagarh - OSPCB",2021-10-01,31,0,,,0,,,0,,,31,0.0,0.0,False,False,0.0,False
Odisha,Nayagarh,"Dabuna, Nayagarh - OSPCB",2021-11-01,30,0,,,0,,,0,,,30,0.0,0.0,False,False,0.0,False
Odisha,Nayagarh,"Dabuna, Nayagarh - OSPCB",2021-12-01,31,0,,,0,,,0,,,31,0.0,0.0,False,False,0.0,False
Odisha,Nayagarh,"Dabuna, Nayagarh - OSPCB",2022-01-01,31,0,,,0,,,0,,,31,0.0,0.0,False,False,0.0,False
Odisha,Nayagarh,"Dabuna, Nayagarh - OSPCB",2022-02-01,28,0,,,0,,,0,,,28,0.0,0.0,False,False,0.0,False
Odisha,Nayagarh,"Dabuna, Nayagarh - OSPCB",2022-03-01,31,0,,,0,,,0,,,31,0.0,0.0,False,False,0.0,False
Odisha,Nayagarh,"Dabuna, Nayagarh - OSPCB",2022-04-01,30,0,,,0,,,0,,,30,0.0,0.0,False,False,0.0,False
Odisha,Nayagarh,"Dabuna, Nayagarh - OSPCB",2022-05-01,31,0,,,0,,,0,,,31,0.0,0.0,False,False,0.0,False
Odisha,Nayagarh,"Dabuna, Nayagarh - OSPCB",2022-06-01,30,0,,,0,,,0,,,30,0.0,0.0,False,False,0.0,False
Odisha,Nayagarh,"Dabuna, Nayagarh - OSPCB",2022-07-01,31,0,,,0,,,0,,,31,0.0,0.0,False,False,0.0,False
Odisha,Nayagarh,"Dabuna, Nayagarh - OSPCB",2022-08-01,31,0,,,0,,,0,,,31,0.0,0.0,False,False,0.0,False
Odisha,Nayagarh,"Dabuna, Nayagarh - OSPCB",2022-09-01,30,0,,,0,,,0,,,30,0.0,0.0,False,False,0.0,False
Odisha,Nayagarh,"Dabuna, Nayagarh - OSPCB",2022-10-01,31,0,,,0,,,0,,,31,0.0,0.0,False,False,0.0,False
Odisha,Nayagarh,"Dabuna, Nayagarh - OSPCB",2022-11-01,30,6,62.98333333333333,58.114999999999995,6,130.03166666666667,128.685,6,131.64123698218006,119.39473154362416,30,0.2,0.2,False,False,0.2,False
Odisha,Nayagarh,"Dabuna, Nayagarh - OSPCB",2022-12-01,31,31,69.88387096774194,69.6,31,129.8658064516129,131.17,31,144.56180192757054,138.73959731543624,31,1.0,1.0,True,True,1.0,True
Odisha,Nayagarh,"Dabuna, Nayagarh - OSPCB",2023-01-01,31,31,85.94290322580645,87.14,31,142.9206451612903,144.07,31,192.51853014977883,190.23655172413794,31,1.0,1.0,True,True,1.0,True
Odisha,Nayagarh,"Dabuna, Nayagarh - OSPCB",2023-02-01,28,28,72.55142857142857,71.435,28,222.16642857142855,215.855,28,196.64587800631344,186.3825167785235,28,1.0,1.0,True,True,1.0,True
Odisha,Nayagarh,"Dabuna, Nayagarh - OSPCB",2023-03-01,31,31,97.37709677419355,92.9,31,235.50096774193548,235.06,31,231.7223095004444,232.93,31,1.0,1.0,True,True,1.0,True
Odisha,Nayagarh,"Dabuna, Nayagarh - OSPCB",2023-04-01,30,30,88.85433333333334,87.97,30,186.443,180.83499999999998,30,199.02257957653575,193.38224137931036,30,1.0,1.0,True,True,1.0,True
Odisha,Nayagarh,"Dabuna, Nayagarh - OSPCB",2023-05-01,31,31,49.053225806451614,48.62,31,125.2816129032258,131.84,31,113.9909828967309,121.4910067114094,31,1.0,1.0,True,True,1.0,True
Odisha,Nayagarh,"Dabuna, Nayagarh - OSPCB",2023-06-01,30,30,49.26,47.2,30,118.02866666666667,101.785,30,113.06530407698834,101.14406040268456,30,1.0,1.0,True,True,1.0,True
Odisha,Nayagarh,"Dabuna, Nayagarh - OSPCB",2023-07-01,31,31,18.136774193548387,17.14,31,42.759354838709676,33.55,31,45.63951199338296,41.462500000000006,31,1.0,1.0,True,True,1.0,True
Odisha,Rourkela,"Raghunathpali, Rourkela - OSPCB",2021-08-01,31,0,,,0,,,0,,,31,0.0,0.0,False,False,0.0,False
Odisha,Rourkela,"Raghunathpali, Rourkela - OSPCB",2021-09-01,30,0,,,0,,,0,,,30,0.0,0.0,False,False,0.0,False
Odisha,Rourkela,"Raghunathpali, Rourkela - OSPCB",2021-10-01,31,0,,,0,,,0,,,31,0.0,0.0,False,False,0.0,False
Odisha,Rourkela,"Raghunathpali, Rourkela - OSPCB",2021-11-01,30,0,,,0,,,0,,,30,0.0,0.0,False,False,0.0,False
Odisha,Rourkela,"Raghunathpali, Rourkela - OSPCB",2021-12-01,31,0,,,0,,,0,,,31,0.0,0.0,False,False,0.0,False
Odisha,Rourkela,"Raghunathpali, Rourkela - OSPCB",2022-01-01,31,0,,,0,,,0,,,31,0.0,0.0,False,False,0.0,False
Odisha,Rourkela,"Raghunathpali, Rourkela - OSPCB",2022-02-01,28,0,,,0,,,0,,,28,0.0,0.0,False,False,0.0,False
Odisha,Rourkela,"Raghunathpali, Rourkela - OSPCB",2022-03-01,31,0,,,0,,,0,,,31,0.0,0.0,False,False,0.0,False
Odisha,Rourkela,"Raghunathpali, Rourkela - OSPCB",2022-04-01,30,0,,,0,,,0,,,30,0.0,0.0,False,False,0.0,False
Odisha,Rourkela,"Raghunathpali, Rourkela - OSPCB",2022-05-01,31,0,,,0,,,0,,,31,0.0,0.0,False,False,0.0,False
Odisha,Rourkela,"Raghunathpali, Rourkela - OSPCB",2022-06-01,30,0,,,0,,,0,,,30,0.0,0.0,False,False,0.0,False
Odisha,Rourkela,"Raghunathpali, Rourkela - OSPCB",2022-07-01,31,0,,,0,,,0,,,31,0.0,0.0,False,False,0.0,False
Odisha,Rourkela,"Raghunathpali, Rourkela - OSPCB",2022-08-01,31,0,,,0,,,0,,,31,0.0,0.0,False,False,0.0,False
Odisha,Rourkela,"Raghunathpali, Rourkela - OSPCB",2022-09-01,30,0,,,0,,,0,,,30,0.0,0.0,False,False,0.0,False
Odisha,Rourkela,"Raghunathpali, Rourkela - OSPCB",2022-10-01,31,0,,,0,,,0,,,31,0.0,0.0,False,False,0.0,False
Odisha,Rourkela,"Raghunathpali, Rourkela - OSPCB",2022-11-01,30,5,100.252,102.46,5,337.136,306.4,5,298.2518921246814,268.9344827586207,30,0.16666666666666666,0.16666666666666666,False,False,0.16666666666666666,False
Odisha,Rourkela,"Raghunathpali, Rourkela - OSPCB",2022-12-01,31,29,91.96862068965518,93.16,29,261.8758620689655,264.35,29,226.84471076800475,228.00310344827585,31,0.9354838709677419,0.9354838709677419,True,True,0.9354838709677419,True
Odisha,Rourkela,"Raghunathpali, Rourkela - OSPCB",2023-01-01,31,31,97.44419354838709,94.25,31,200.12709677419355,190.88,31,224.6399164081694,212.0948275862069,31,1.0,1.0,True,True,1.0,True
Odisha,Rourkela,"Raghunathpali, Rourkela - OSPCB",2023-02-01,28,28,82.18142857142857,80.94999999999999,28,225.3307142857143,219.93,28,189.34256835388632,186.3547940291599,28,1.0,1.0,True,True,1.0,True
Odisha,Rourkela,"Raghunathpali, Rourkela - OSPCB",2023-03-01,31,31,91.13387096774194,87.6,31,215.55709677419352,219.96,31,205.69872707704812,204.2,31,1.0,1.0,True,True,1.0,True
Odisha,Rourkela,"Raghunathpali, Rourkela - OSPCB",2023-04-01,30,30,78.32600000000001,72.12,30,199.14833333333334,194.70999999999998,30,181.64134736791118,163.2636912751678,30,1.0,1.0,True,True,1.0,True
Odisha,Rourkela,"Raghunathpali, Rourkela - OSPCB",2023-05-01,31,31,51.46064516129032,50.05,31,125.99709677419354,118.96,31,116.90745174246129,112.9331543624161,31,1.0,1.0,True,True,1.0,True
Odisha,Rourkela,"Raghunathpali, Rourkela - OSPCB",2023-06-01,30,30,45.61133333333333,50.075,30,111.93933333333332,110.11500000000001,30,106.24316082525479,107.05627516778523,30,1.0,1.0,True,True,1.0,True
Odisha,Rourkela,"Raghunathpali, Rourkela - OSPCB",2023-07-01,31,29,32.35551724137931,30.89,31,62.890967741935484,62.15,31,63.10150537634408,62.15,31,0.9354838709677419,1.0,True,True,1.0,True
Odisha,Suakati,"OMC Colony, Suakati - OSPCB",2021-08-01,31,0,,,0,,,0,,,31,0.0,0.0,False,False,0.0,False
Odisha,Suakati,"OMC Colony, Suakati - OSPCB",2021-09-01,30,0,,,0,,,0,,,30,0.0,0.0,False,False,0.0,False
Odisha,Suakati,"OMC Colony, Suakati - OSPCB",2021-10-01,31,0,,,0,,,0,,,31,0.0,0.0,False,False,0.0,False
Odisha,Suakati,"OMC Colony, Suakati - OSPCB",2021-11-01,30,0,,,0,,,0,,,30,0.0,0.0,False,False,0.0,False
Odisha,Suakati,"OMC Colony, Suakati - OSPCB",2021-12-01,31,0,,,0,,,0,,,31,0.0,0.0,False,False,0.0,False
Odisha,Suakati,"OMC Colony, Suakati - OSPCB",2022-01-01,31,0,,,0,,,0,,,31,0.0,0.0,False,False,0.0,False
Odisha,Suakati,"OMC Colony, Suakati - OSPCB",2022-02-01,28,0,,,0,,,0,,,28,0.0,0.0,False,False,0.0,False
Odisha,Suakati,"OMC Colony, Suakati - OSPCB",2022-03-01,31,0,,,0,,,0,,,31,0.0,0.0,False,False,0.0,False
Odisha,Suakati,"OMC Colony, Suakati - OSPCB",2022-04-01,30,0,,,0,,,0,,,30,0.0,0.0,False,False,0.0,False
Odisha,Suakati,"OMC Colony, Suakati - OSPCB",2022-05-01,31,0,,,0,,,0,,,31,0.0,0.0,False,False,0.0,False
Odisha,Suakati,"OMC Colony, Suakati - OSPCB",2022-06-01,30,0,,,0,,,0,,,30,0.0,0.0,False,False,0.0,False
Odisha,Suakati,"OMC Colony, Suakati - OSPCB",2022-07-01,31,0,,,0,,,0,,,31,0.0,0.0,False,False,0.0,False
Odisha,Suakati,"OMC Colony, Suakati - OSPCB",2022-08-01,31,0,,,0,,,0,,,31,0.0,0.0,False,False,0.0,False
Odisha,Suakati,"OMC Colony, Suakati - OSPCB",2022-09-01,30,0,,,0,,,0,,,30,0.0,0.0,False,False,0.0,False
Odisha,Suakati,"OMC Colony, Suakati - OSPCB",2022-10-01,31,0,,,0,,,0,,,31,0.0,0.0,False,False,0.0,False
Odisha,Suakati,"OMC Colony, Suakati - OSPCB",2022-11-01,30,6,81.01666666666667,81.41,6,163.15333333333334,157.015,6,174.7121287510607,170.67551724137928,30,0.2,0.2,False,False,0.2,False
Odisha,Suakati,"OMC Colony, Suakati - OSPCB",2022-12-01,31,31,81.42451612903226,79.94,31,153.50645161290322,152.66,31,183.07240183107567,165.65724137931034,31,1.0,1.0,True,True,1.0,True
Odisha,Suakati,"OMC Colony, Suakati - OSPCB",2023-01-01,31,31,96.85290322580646,95.27,31,179.63225806451615,177.93,31,218.55028226739628,215.57689655172413,31,1.0,1.0,True,True,1.0,True
Odisha,Suakati,"OMC Colony, Suakati - OSPCB",2023-02-01,28,28,63.058571428571426,64.01,28,133.45714285714286,132.2,28,133.62069676331538,125.66797732006481,28,1.0,1.0,True,True,1.0,True
Odisha,Suakati,"OMC Colony, Suakati - OSPCB",2023-03-01,31,31,67.00129032258064,70.37,31,123.87387096774194,132.1,31,138.2909000306082,134.96724137931034,31,1.0,1.0,True,True,1.0,True
Odisha,Suakati,"OMC Colony, Suakati - OSPCB",2023-04-01,30,30,56.538333333333334,55.785,30,104.74933333333334,111.245,30,116.28635449613002,109.70734899328859,30,1.0,1.0,True,True,1.0,True
Odisha,Suakati,"OMC Colony, Suakati - OSPCB",2023-05-01,31,31,37.74516129032258,38.31,31,89.18354838709678,90.6,31,87.50526304394891,90.6,31,1.0,1.0,True,True,1.0,True
Odisha,Suakati,"OMC Colony, Suakati - OSPCB",2023-06-01,30,30,39.26133333333333,40.705,29,88.69206896551725,92.12,30,91.20909312613051,92.93,30,1.0,0.9666666666666667,True,True,1.0,True
Odisha,Suakati,"OMC Colony, Suakati - OSPCB",2023-07-01,31,31,21.19709677419355,19.9,30,50.81033333333333,47.004999999999995,31,51.22,46.73,31,1.0,0.967741935483871,True,True,1.0,True
Odisha,Tensa,"Barsua Iron Ore Mines, Tensa - OSPCB",2021-08-01,31,0,,,0,,,0,,,31,0.0,0.0,False,False,0.0,False
Odisha,Tensa,"Barsua Iron Ore Mines, Tensa - OSPCB",2021-09-01,30,0,,,0,,,0,,,30,0.0,0.0,False,False,0.0,False
Odisha,Tensa,"Barsua Iron Ore Mines, Tensa - OSPCB",2021-10-01,31,0,,,0,,,0,,,31,0.0,0.0,False,False,0.0,False
Odisha,Tensa,"Barsua Iron Ore Mines, Tensa - OSPCB",2021-11-01,30,0,,,0,,,0,,,30,0.0,0.0,False,False,0.0,False
Odisha,Tensa,"Barsua Iron Ore Mines, Tensa - OSPCB",2021-12-01,31,0,,,0,,,0,,,31,0.0,0.0,False,False,0.0,False
Odisha,Tensa,"Barsua Iron Ore Mines, Tensa - OSPCB",2022-01-01,31,0,,,0,,,0,,,31,0.0,0.0,False,False,0.0,False
Odisha,Tensa,"Barsua Iron Ore Mines, Tensa - OSPCB",2022-02-01,28,0,,,0,,,0,,,28,0.0,0.0,False,False,0.0,False
Odisha,Tensa,"Barsua Iron Ore Mines, Tensa - OSPCB",2022-03-01,31,0,,,0,,,0,,,31,0.0,0.0,False,False,0.0,False
Odisha,Tensa,"Barsua Iron Ore Mines, Tensa - OSPCB",2022-04-01,30,0,,,0,,,0,,,30,0.0,0.0,False,False,0.0,False
Odisha,Tensa,"Barsua Iron Ore Mines, Tensa - OSPCB",2022-05-01,31,0,,,0,,,0,,,31,0.0,0.0,False,False,0.0,False
Odisha,Tensa,"Barsua Iron Ore Mines, Tensa - OSPCB",2022-06-01,30,0,,,0,,,0,,,30,0.0,0.0,False,False,0.0,False
Odisha,Tensa,"Barsua Iron Ore Mines, Tensa - OSPCB",2022-07-01,31,0,,,0,,,0,,,31,0.0,0.0,False,False,0.0,False
Odisha,Tensa,"Barsua Iron Ore Mines, Tensa - OSPCB",2022-08-01,31,0,,,0,,,0,,,31,0.0,0.0,False,False,0.0,False
Odisha,Tensa,"Barsua Iron Ore Mines, Tensa - OSPCB",2022-09-01,30,0,,,0,,,0,,,30,0.0,0.0,False,False,0.0,False
Odisha,Tensa,"Barsua Iron Ore Mines, Tensa - OSPCB",2022-10-01,31,0,,,0,,,0,,,31,0.0,0.0,False,False,0.0,False
Odisha,Tensa,"Barsua Iron Ore Mines, Tensa - OSPCB",2022-11-01,30,6,73.79,72.875,6,120.43166666666667,116.78,6,162.06022988505745,155.88189655172414,30,0.2,0.2,False,False,0.2,False
Odisha,Tensa,"Barsua Iron Ore Mines, Tensa - OSPCB",2022-12-01,31,31,57.63677419354839,57.92,29,103.91,106.54,31,124.3115819217475,107.33865771812081,31,1.0,0.9354838709677419,True,True,1.0,True
Odisha,Tensa,"Barsua Iron Ore Mines, Tensa - OSPCB",2023-01-01,31,30,80.18066666666667,74.215,28,130.6617857142857,135.225,30,171.83301617842554,146.11327586206897,31,0.967741935483871,0.9032258064516129,True,True,0.967741935483871,True
Odisha,Tensa,"Barsua Iron Ore Mines, Tensa - OSPCB",2023-02-01,28,28,47.40821428571429,47.785,28,99.13392857142857,103.205,28,100.33913379839323,102.46506711409396,28,1.0,1.0,True,True,1.0,True
Odisha,Tensa,"Barsua Iron Ore Mines, Tensa - OSPCB",2023-03-01,31,31,68.81387096774193,59.58,30,108.096,112.84,31,144.70274598113193,109.05288590604027,31,1.0,0.967741935483871,True,True,1.0,True
Odisha,Tensa,"Barsua Iron Ore Mines, Tensa - OSPCB",2023-04-01,30,30,44.489333333333335,42.675,24,102.01833333333333,105.025,30,93.26220753940703,95.09053691275167,30,1.0,0.8,True,True,1.0,True
Odisha,Tensa,"Barsua Iron Ore Mines, Tensa - OSPCB",2023-05-01,31,30,34.574333333333335,32.37,30,81.49266666666666,82.50999999999999,30,80.89780889197459,82.50999999999999,31,0.967741935483871,0.967741935483871,True,True,0.967741935483871,True
Odisha,Tensa,"Barsua Iron Ore Mines, Tensa - OSPCB",2023-06-01,30,29,28.31206896551724,31.21,29,73.15344827586206,71.73,29,73.53217310807683,71.73,30,0.9666666666666667,0.9666666666666667,True,True,0.9666666666666667,True
Odisha,Tensa,"Barsua Iron Ore Mines, Tensa - OSPCB",2023-07-01,31,26,14.013846153846155,12.39,26,36.95153846153846,35.92,26,40.98365384615385,38.25625,31,0.8387096774193549,0.8387096774193549,True,True,0.8387096774193549,True
