From Date,To Date,Ozone,CO,SO2,NO2,PM10,PM2.5,State,City,Station,source_file,expected_state,date,to_date,state,city,station,month,valid_pollutant_count,has_particulate,all_pollutants_missing,record_key,Ozone_subindex_provisional,CO_subindex_provisional,SO2_subindex_provisional,NO2_subindex_provisional,PM10_subindex_provisional,PM2.5_subindex_provisional,aqi_ready_provisional,aqi_provisional
01-08-2021 00:00,02-08-2021 00:00,11.43,0.37,2.17,15.46,54.58,32.15,Gujarat,Ahmedabad,"SVPI Airport Hansol, Ahmedabad - IITM",Gujarat.xlsx,Gujarat,2021-08-01,2021-08-02,Gujarat,Ahmedabad,"SVPI Airport Hansol, Ahmedabad - IITM",2021-08-01,6,True,False,"Gujarat|Ahmedabad|SVPI Airport Hansol, Ahmedabad - IITM|2021-08-01",11.43,18.5,2.7125,19.325000000000003,54.58,52.94310344827586,True,54.58
02-08-2021 00:00,03-08-2021 00:00,10.46,0.39,2.01,15.24,48.56,28.08,Gujarat,Ahmedabad,"SVPI Airport Hansol, Ahmedabad - IITM",Gujarat.xlsx,Gujarat,2021-08-02,2021-08-03,Gujarat,Ahmedabad,"SVPI Airport Hansol, Ahmedabad - IITM",2021-08-01,6,True,False,"Gujarat|Ahmedabad|SVPI Airport Hansol, Ahmedabad - IITM|2021-08-02",10.46,19.5,2.5125,19.05,48.56,46.8,True,48.56
03-08-2021 00:00,04-08-2021 00:00,10.37,0.38,1.96,16.97,60.0,33.85,Gujarat,Ahmedabad,"SVPI Airport Hansol, Ahmedabad - IITM",Gujarat.xlsx,Gujarat,2021-08-03,2021-08-04,Gujarat,Ahmedabad,"SVPI Airport Hansol, Ahmedabad - IITM",2021-08-01,6,True,False,"Gujarat|Ahmedabad|SVPI Airport Hansol, Ahmedabad - IITM|2021-08-03",10.37,19.0,2.45,21.2125,60.0,55.81551724137931,True,60.0
04-08-2021 00:00,05-08-2021 00:00,11.43,0.36,1.98,15.89,77.8,42.92,Gujarat,Ahmedabad,"SVPI Airport Hansol, Ahmedabad - IITM",Gujarat.xlsx,Gujarat,2021-08-04,2021-08-05,Gujarat,Ahmedabad,"SVPI Airport Hansol, Ahmedabad - IITM",2021-08-01,6,True,False,"Gujarat|Ahmedabad|SVPI Airport Hansol, Ahmedabad - IITM|2021-08-04",11.43,18.0,2.475,19.8625,77.8,71.14068965517242,True,77.8
05-08-2021 00:00,06-08-2021 00:00,12.43,0.41,2.04,14.9,83.01,46.26,Gujarat,Ahmedabad,"SVPI Airport Hansol, Ahmedabad - IITM",Gujarat.xlsx,Gujarat,2021-08-05,2021-08-06,Gujarat,Ahmedabad,"SVPI Airport Hansol, Ahmedabad - IITM",2021-08-01,6,True,False,"Gujarat|Ahmedabad|SVPI Airport Hansol, Ahmedabad - IITM|2021-08-05",12.43,20.5,2.55,18.625,83.01,76.78413793103448,True,83.01
06-08-2021 00:00,07-08-2021 00:00,13.65,1.09,1.99,12.75,84.63,48.31,Gujarat,Ahmedabad,"SVPI Airport Hansol, Ahmedabad - IITM",Gujarat.xlsx,Gujarat,2021-08-06,2021-08-07,Gujarat,Ahmedabad,"SVPI Airport Hansol, Ahmedabad - IITM",2021-08-01,6,True,False,"Gujarat|Ahmedabad|SVPI Airport Hansol, Ahmedabad - IITM|2021-08-06",13.65,51.0,2.4875,15.9375,84.63,80.24793103448276,True,84.63
07-08-2021 00:00,08-08-2021 00:00,14.88,1.12,2.13,14.7,96.37,52.99,Gujarat,Ahmedabad,"SVPI Airport Hansol, Ahmedabad - IITM",Gujarat.xlsx,Gujarat,2021-08-07,2021-08-08,Gujarat,Ahmedabad,"SVPI Airport Hansol, Ahmedabad - IITM",2021-08-01,6,True,False,"Gujarat|Ahmedabad|SVPI Airport Hansol, Ahmedabad - IITM|2021-08-07",14.88,52.08888888888889,2.6625,18.375,96.37,88.15551724137931,True,96.37
08-08-2021 00:00,09-08-2021 00:00,13.62,1.09,2.16,14.96,97.62,52.76,Gujarat,Ahmedabad,"SVPI Airport Hansol, Ahmedabad - IITM",Gujarat.xlsx,Gujarat,2021-08-08,2021-08-09,Gujarat,Ahmedabad,"SVPI Airport Hansol, Ahmedabad - IITM",2021-08-01,6,True,False,"Gujarat|Ahmedabad|SVPI Airport Hansol, Ahmedabad - IITM|2021-08-08",13.62,51.0,2.7,18.700000000000003,97.62,87.76689655172413,True,97.62
09-08-2021 00:00,10-08-2021 00:00,13.9,1.08,2.06,14.71,85.84,45.55,Gujarat,Ahmedabad,"SVPI Airport Hansol, Ahmedabad - IITM",Gujarat.xlsx,Gujarat,2021-08-09,2021-08-10,Gujarat,Ahmedabad,"SVPI Airport Hansol, Ahmedabad - IITM",2021-08-01,6,True,False,"Gujarat|Ahmedabad|SVPI Airport Hansol, Ahmedabad - IITM|2021-08-09",13.9,51.0,2.575,18.387500000000003,85.84,75.58448275862068,True,85.84
10-08-2021 00:00,11-08-2021 00:00,14.83,1.18,2.15,15.33,76.79,39.84,Gujarat,Ahmedabad,"SVPI Airport Hansol, Ahmedabad - IITM",Gujarat.xlsx,Gujarat,2021-08-10,2021-08-11,Gujarat,Ahmedabad,"SVPI Airport Hansol, Ahmedabad - IITM",2021-08-01,6,True,False,"Gujarat|Ahmedabad|SVPI Airport Hansol, Ahmedabad - IITM|2021-08-10",14.83,55.35555555555555,2.6875,19.1625,76.79,65.93655172413794,True,76.79
11-08-2021 00:00,12-08-2021 00:00,14.6,1.21,2.28,14.97,66.85,37.52,Gujarat,Ahmedabad,"SVPI Airport Hansol, Ahmedabad - IITM",Gujarat.xlsx,Gujarat,2021-08-11,2021-08-12,Gujarat,Ahmedabad,"SVPI Airport Hansol, Ahmedabad - IITM",2021-08-01,6,True,False,"Gujarat|Ahmedabad|SVPI Airport Hansol, Ahmedabad - IITM|2021-08-11",14.6,56.98888888888888,2.85,18.7125,66.85,62.01655172413794,True,66.85
12-08-2021 00:00,13-08-2021 00:00,15.62,1.19,2.23,16.65,69.43,40.34,Gujarat,Ahmedabad,"SVPI Airport Hansol, Ahmedabad - IITM",Gujarat.xlsx,Gujarat,2021-08-12,2021-08-13,Gujarat,Ahmedabad,"SVPI Airport Hansol, Ahmedabad - IITM",2021-08-01,6,True,False,"Gujarat|Ahmedabad|SVPI Airport Hansol, Ahmedabad - IITM|2021-08-12",15.62,55.89999999999999,2.7875,20.8125,69.43,66.78137931034483,True,69.43
13-08-2021 00:00,14-08-2021 00:00,16.52,1.0,2.37,15.76,70.39,40.79,Gujarat,Ahmedabad,"SVPI Airport Hansol, Ahmedabad - IITM",Gujarat.xlsx,Gujarat,2021-08-13,2021-08-14,Gujarat,Ahmedabad,"SVPI Airport Hansol, Ahmedabad - IITM",2021-08-01,6,True,False,"Gujarat|Ahmedabad|SVPI Airport Hansol, Ahmedabad - IITM|2021-08-13",16.52,50.0,2.9625000000000004,19.7,70.39,67.54172413793103,True,70.39
14-08-2021 00:00,15-08-2021 00:00,16.82,1.08,2.32,14.72,64.33,35.97,Gujarat,Ahmedabad,"SVPI Airport Hansol, Ahmedabad - IITM",Gujarat.xlsx,Gujarat,2021-08-14,2021-08-15,Gujarat,Ahmedabad,"SVPI Airport Hansol, Ahmedabad - IITM",2021-08-01,6,True,False,"Gujarat|Ahmedabad|SVPI Airport Hansol, Ahmedabad - IITM|2021-08-14",16.82,51.0,2.9,18.4,64.33,59.39758620689655,True,64.33
15-08-2021 00:00,16-08-2021 00:00,17.63,1.17,2.32,12.97,63.23,36.41,Gujarat,Ahmedabad,"SVPI Airport Hansol, Ahmedabad - IITM",Gujarat.xlsx,Gujarat,2021-08-15,2021-08-16,Gujarat,Ahmedabad,"SVPI Airport Hansol, Ahmedabad - IITM",2021-08-01,6,True,False,"Gujarat|Ahmedabad|SVPI Airport Hansol, Ahmedabad - IITM|2021-08-15",17.63,54.8111111111111,2.9,16.212500000000002,63.23,60.14103448275861,True,63.23
16-08-2021 00:00,17-08-2021 00:00,17.64,1.05,2.35,15.41,81.72,45.8,Gujarat,Ahmedabad,"SVPI Airport Hansol, Ahmedabad - IITM",Gujarat.xlsx,Gujarat,2021-08-16,2021-08-17,Gujarat,Ahmedabad,"SVPI Airport Hansol, Ahmedabad - IITM",2021-08-01,6,True,False,"Gujarat|Ahmedabad|SVPI Airport Hansol, Ahmedabad - IITM|2021-08-16",17.64,51.0,2.9375,19.2625,81.72,76.00689655172414,True,81.72
17-08-2021 00:00,18-08-2021 00:00,18.42,1.07,2.35,13.17,91.32,51.49,Gujarat,Ahmedabad,"SVPI Airport Hansol, Ahmedabad - IITM",Gujarat.xlsx,Gujarat,2021-08-17,2021-08-18,Gujarat,Ahmedabad,"SVPI Airport Hansol, Ahmedabad - IITM",2021-08-01,6,True,False,"Gujarat|Ahmedabad|SVPI Airport Hansol, Ahmedabad - IITM|2021-08-17",18.42,51.0,2.9375,16.4625,91.32,85.62103448275863,True,91.32
18-08-2021 00:00,19-08-2021 00:00,12.93,1.25,2.17,18.49,78.07,43.78,Gujarat,Ahmedabad,"SVPI Airport Hansol, Ahmedabad - IITM",Gujarat.xlsx,Gujarat,2021-08-18,2021-08-19,Gujarat,Ahmedabad,"SVPI Airport Hansol, Ahmedabad - IITM",2021-08-01,6,True,False,"Gujarat|Ahmedabad|SVPI Airport Hansol, Ahmedabad - IITM|2021-08-18",12.93,59.16666666666666,2.7125,23.1125,78.07,72.59379310344828,True,78.07
19-08-2021 00:00,20-08-2021 00:00,12.61,1.28,2.2,18.18,86.73,49.82,Gujarat,Ahmedabad,"SVPI Airport Hansol, Ahmedabad - IITM",Gujarat.xlsx,Gujarat,2021-08-19,2021-08-20,Gujarat,Ahmedabad,"SVPI Airport Hansol, Ahmedabad - IITM",2021-08-01,6,True,False,"Gujarat|Ahmedabad|SVPI Airport Hansol, Ahmedabad - IITM|2021-08-19",12.61,60.8,2.75,22.725,86.73,82.79931034482759,True,86.73
20-08-2021 00:00,21-08-2021 00:00,12.67,1.33,2.17,21.23,87.27,50.03,Gujarat,Ahmedabad,"SVPI Airport Hansol, Ahmedabad - IITM",Gujarat.xlsx,Gujarat,2021-08-20,2021-08-21,Gujarat,Ahmedabad,"SVPI Airport Hansol, Ahmedabad - IITM",2021-08-01,6,True,False,"Gujarat|Ahmedabad|SVPI Airport Hansol, Ahmedabad - IITM|2021-08-20",12.67,63.52222222222223,2.7125,26.5375,87.27,83.15413793103448,True,87.27
21-08-2021 00:00,22-08-2021 00:00,9.4,1.41,2.13,18.99,78.35,45.95,Gujarat,Ahmedabad,"SVPI Airport Hansol, Ahmedabad - IITM",Gujarat.xlsx,Gujarat,2021-08-21,2021-08-22,Gujarat,Ahmedabad,"SVPI Airport Hansol, Ahmedabad - IITM",2021-08-01,6,True,False,"Gujarat|Ahmedabad|SVPI Airport Hansol, Ahmedabad - IITM|2021-08-21",9.4,67.87777777777777,2.6625,23.7375,78.35,76.26034482758621,True,78.35
22-08-2021 00:00,23-08-2021 00:00,12.88,1.28,2.22,16.85,80.17,46.63,Gujarat,Ahmedabad,"SVPI Airport Hansol, Ahmedabad - IITM",Gujarat.xlsx,Gujarat,2021-08-22,2021-08-23,Gujarat,Ahmedabad,"SVPI Airport Hansol, Ahmedabad - IITM",2021-08-01,6,True,False,"Gujarat|Ahmedabad|SVPI Airport Hansol, Ahmedabad - IITM|2021-08-22",12.88,60.8,2.7750000000000004,21.0625,80.17,77.40931034482759,True,80.17
23-08-2021 00:00,24-08-2021 00:00,14.91,1.19,2.09,14.54,52.0,28.34,Gujarat,Ahmedabad,"SVPI Airport Hansol, Ahmedabad - IITM",Gujarat.xlsx,Gujarat,2021-08-23,2021-08-24,Gujarat,Ahmedabad,"SVPI Airport Hansol, Ahmedabad - IITM",2021-08-01,6,True,False,"Gujarat|Ahmedabad|SVPI Airport Hansol, Ahmedabad - IITM|2021-08-23",14.91,55.89999999999999,2.6125,18.175,52.0,47.23333333333333,True,55.89999999999999
24-08-2021 00:00,25-08-2021 00:00,13.55,1.16,2.17,15.92,52.19,28.94,Gujarat,Ahmedabad,"SVPI Airport Hansol, Ahmedabad - IITM",Gujarat.xlsx,Gujarat,2021-08-24,2021-08-25,Gujarat,Ahmedabad,"SVPI Airport Hansol, Ahmedabad - IITM",2021-08-01,6,True,False,"Gujarat|Ahmedabad|SVPI Airport Hansol, Ahmedabad - IITM|2021-08-24",13.55,54.26666666666666,2.7125,19.9,52.19,48.23333333333333,True,54.26666666666666
25-08-2021 00:00,26-08-2021 00:00,13.15,1.14,2.16,15.55,46.34,24.89,Gujarat,Ahmedabad,"SVPI Airport Hansol, Ahmedabad - IITM",Gujarat.xlsx,Gujarat,2021-08-25,2021-08-26,Gujarat,Ahmedabad,"SVPI Airport Hansol, Ahmedabad - IITM",2021-08-01,6,True,False,"Gujarat|Ahmedabad|SVPI Airport Hansol, Ahmedabad - IITM|2021-08-25",13.15,53.17777777777777,2.7,19.4375,46.34,41.48333333333333,True,53.17777777777777
26-08-2021 00:00,27-08-2021 00:00,13.73,1.09,2.32,14.66,74.83,40.88,Gujarat,Ahmedabad,"SVPI Airport Hansol, Ahmedabad - IITM",Gujarat.xlsx,Gujarat,2021-08-26,2021-08-27,Gujarat,Ahmedabad,"SVPI Airport Hansol, Ahmedabad - IITM",2021-08-01,6,True,False,"Gujarat|Ahmedabad|SVPI Airport Hansol, Ahmedabad - IITM|2021-08-26",13.73,51.0,2.9,18.325,74.83,67.69379310344829,True,74.83
27-08-2021 00:00,28-08-2021 00:00,15.91,1.1,2.62,14.54,86.01,46.47,Gujarat,Ahmedabad,"SVPI Airport Hansol, Ahmedabad - IITM",Gujarat.xlsx,Gujarat,2021-08-27,2021-08-28,Gujarat,Ahmedabad,"SVPI Airport Hansol, Ahmedabad - IITM",2021-08-01,6,True,False,"Gujarat|Ahmedabad|SVPI Airport Hansol, Ahmedabad - IITM|2021-08-27",15.91,51.0,3.2750000000000004,18.175,86.01,77.13896551724137,True,86.01
28-08-2021 00:00,29-08-2021 00:00,18.04,1.1,2.8,14.22,83.97,45.12,Gujarat,Ahmedabad,"SVPI Airport Hansol, Ahmedabad - IITM",Gujarat.xlsx,Gujarat,2021-08-28,2021-08-29,Gujarat,Ahmedabad,"SVPI Airport Hansol, Ahmedabad - IITM",2021-08-01,6,True,False,"Gujarat|Ahmedabad|SVPI Airport Hansol, Ahmedabad - IITM|2021-08-28",18.04,51.0,3.5,17.775000000000002,83.97,74.85793103448276,True,83.97
29-08-2021 00:00,30-08-2021 00:00,18.09,1.04,2.41,11.53,90.28,47.8,Gujarat,Ahmedabad,"SVPI Airport Hansol, Ahmedabad - IITM",Gujarat.xlsx,Gujarat,2021-08-29,2021-08-30,Gujarat,Ahmedabad,"SVPI Airport Hansol, Ahmedabad - IITM",2021-08-01,6,True,False,"Gujarat|Ahmedabad|SVPI Airport Hansol, Ahmedabad - IITM|2021-08-29",18.09,51.0,3.0125,14.4125,90.28,79.38620689655173,True,90.28
30-08-2021 00:00,31-08-2021 00:00,17.95,1.12,2.64,10.8,71.12,39.97,Gujarat,Ahmedabad,"SVPI Airport Hansol, Ahmedabad - IITM",Gujarat.xlsx,Gujarat,2021-08-30,2021-08-31,Gujarat,Ahmedabad,"SVPI Airport Hansol, Ahmedabad - IITM",2021-08-01,6,True,False,"Gujarat|Ahmedabad|SVPI Airport Hansol, Ahmedabad - IITM|2021-08-30",17.95,52.08888888888889,3.3000000000000003,13.5,71.12,66.15620689655172,True,71.12
31-08-2021 00:00,01-09-2021 00:00,15.27,1.21,3.14,9.71,31.53,19.73,Gujarat,Ahmedabad,"SVPI Airport Hansol, Ahmedabad - IITM",Gujarat.xlsx,Gujarat,2021-08-31,2021-09-01,Gujarat,Ahmedabad,"SVPI Airport Hansol, Ahmedabad - IITM",2021-08-01,6,True,False,"Gujarat|Ahmedabad|SVPI Airport Hansol, Ahmedabad - IITM|2021-08-31",15.27,56.98888888888888,3.925,12.1375,31.53,32.88333333333333,True,56.98888888888888
01-09-2021 00:00,02-09-2021 00:00,14.28,1.22,3.16,8.82,35.65,21.47,Gujarat,Ahmedabad,"SVPI Airport Hansol, Ahmedabad - IITM",Gujarat.xlsx,Gujarat,2021-09-01,2021-09-02,Gujarat,Ahmedabad,"SVPI Airport Hansol, Ahmedabad - IITM",2021-09-01,6,True,False,"Gujarat|Ahmedabad|SVPI Airport Hansol, Ahmedabad - IITM|2021-09-01",14.28,57.53333333333333,3.95,11.025,35.65,35.78333333333333,True,57.53333333333333
02-09-2021 00:00,03-09-2021 00:00,14.94,1.26,3.43,9.49,34.35,18.92,Gujarat,Ahmedabad,"SVPI Airport Hansol, Ahmedabad - IITM",Gujarat.xlsx,Gujarat,2021-09-02,2021-09-03,Gujarat,Ahmedabad,"SVPI Airport Hansol, Ahmedabad - IITM",2021-09-01,6,True,False,"Gujarat|Ahmedabad|SVPI Airport Hansol, Ahmedabad - IITM|2021-09-02",14.94,59.71111111111111,4.2875000000000005,11.8625,34.35,31.53333333333334,True,59.71111111111111
03-09-2021 00:00,04-09-2021 00:00,16.09,1.18,3.43,10.81,36.41,22.32,Gujarat,Ahmedabad,"SVPI Airport Hansol, Ahmedabad - IITM",Gujarat.xlsx,Gujarat,2021-09-03,2021-09-04,Gujarat,Ahmedabad,"SVPI Airport Hansol, Ahmedabad - IITM",2021-09-01,6,True,False,"Gujarat|Ahmedabad|SVPI Airport Hansol, Ahmedabad - IITM|2021-09-03",16.09,55.35555555555555,4.2875000000000005,13.5125,36.41,37.2,True,55.35555555555555
04-09-2021 00:00,05-09-2021 00:00,17.17,1.17,3.44,9.95,44.37,25.67,Gujarat,Ahmedabad,"SVPI Airport Hansol, Ahmedabad - IITM",Gujarat.xlsx,Gujarat,2021-09-04,2021-09-05,Gujarat,Ahmedabad,"SVPI Airport Hansol, Ahmedabad - IITM",2021-09-01,6,True,False,"Gujarat|Ahmedabad|SVPI Airport Hansol, Ahmedabad - IITM|2021-09-04",17.17,54.8111111111111,4.3,12.4375,44.37,42.78333333333334,True,54.8111111111111
05-09-2021 00:00,06-09-2021 00:00,16.48,1.24,3.44,,44.87,24.91,Gujarat,Ahmedabad,"SVPI Airport Hansol, Ahmedabad - IITM",Gujarat.xlsx,Gujarat,2021-09-05,2021-09-06,Gujarat,Ahmedabad,"SVPI Airport Hansol, Ahmedabad - IITM",2021-09-01,5,True,False,"Gujarat|Ahmedabad|SVPI Airport Hansol, Ahmedabad - IITM|2021-09-05",16.48,58.62222222222222,4.3,,44.87,41.516666666666666,True,58.62222222222222
06-09-2021 00:00,07-09-2021 00:00,16.99,1.25,3.4,11.43,58.58,32.66,Gujarat,Ahmedabad,"SVPI Airport Hansol, Ahmedabad - IITM",Gujarat.xlsx,Gujarat,2021-09-06,2021-09-07,Gujarat,Ahmedabad,"SVPI Airport Hansol, Ahmedabad - IITM",2021-09-01,6,True,False,"Gujarat|Ahmedabad|SVPI Airport Hansol, Ahmedabad - IITM|2021-09-06",16.99,59.16666666666666,4.25,14.2875,58.58,53.80482758620689,True,59.16666666666666
07-09-2021 00:00,08-09-2021 00:00,16.92,1.4,3.42,11.55,45.05,24.17,Gujarat,Ahmedabad,"SVPI Airport Hansol, Ahmedabad - IITM",Gujarat.xlsx,Gujarat,2021-09-07,2021-09-08,Gujarat,Ahmedabad,"SVPI Airport Hansol, Ahmedabad - IITM",2021-09-01,6,True,False,"Gujarat|Ahmedabad|SVPI Airport Hansol, Ahmedabad - IITM|2021-09-07",16.92,67.33333333333333,4.275,14.4375,45.05,40.28333333333334,True,67.33333333333333
08-09-2021 00:00,09-09-2021 00:00,15.71,1.44,3.43,10.96,42.8,23.47,Gujarat,Ahmedabad,"SVPI Airport Hansol, Ahmedabad - IITM",Gujarat.xlsx,Gujarat,2021-09-08,2021-09-09,Gujarat,Ahmedabad,"SVPI Airport Hansol, Ahmedabad - IITM",2021-09-01,6,True,False,"Gujarat|Ahmedabad|SVPI Airport Hansol, Ahmedabad - IITM|2021-09-08",15.71,69.5111111111111,4.2875000000000005,13.7,42.8,39.11666666666667,True,69.5111111111111
09-09-2021 00:00,10-09-2021 00:00,11.23,1.69,3.44,16.52,42.31,26.0,Gujarat,Ahmedabad,"SVPI Airport Hansol, Ahmedabad - IITM",Gujarat.xlsx,Gujarat,2021-09-09,2021-09-10,Gujarat,Ahmedabad,"SVPI Airport Hansol, Ahmedabad - IITM",2021-09-01,6,True,False,"Gujarat|Ahmedabad|SVPI Airport Hansol, Ahmedabad - IITM|2021-09-09",11.23,83.12222222222222,4.3,20.65,42.31,43.333333333333336,True,83.12222222222222
10-09-2021 00:00,11-09-2021 00:00,11.42,1.52,3.42,15.91,35.03,20.44,Gujarat,Ahmedabad,"SVPI Airport Hansol, Ahmedabad - IITM",Gujarat.xlsx,Gujarat,2021-09-10,2021-09-11,Gujarat,Ahmedabad,"SVPI Airport Hansol, Ahmedabad - IITM",2021-09-01,6,True,False,"Gujarat|Ahmedabad|SVPI Airport Hansol, Ahmedabad - IITM|2021-09-10",11.42,73.86666666666666,4.275,19.8875,35.03,34.06666666666667,True,73.86666666666666
11-09-2021 00:00,12-09-2021 00:00,15.53,1.59,3.42,15.93,40.01,22.97,Gujarat,Ahmedabad,"SVPI Airport Hansol, Ahmedabad - IITM",Gujarat.xlsx,Gujarat,2021-09-11,2021-09-12,Gujarat,Ahmedabad,"SVPI Airport Hansol, Ahmedabad - IITM",2021-09-01,6,True,False,"Gujarat|Ahmedabad|SVPI Airport Hansol, Ahmedabad - IITM|2021-09-11",15.53,77.67777777777778,4.275,19.9125,40.01,38.28333333333333,True,77.67777777777778
12-09-2021 00:00,13-09-2021 00:00,13.51,1.63,3.41,14.32,45.88,26.94,Gujarat,Ahmedabad,"SVPI Airport Hansol, Ahmedabad - IITM",Gujarat.xlsx,Gujarat,2021-09-12,2021-09-13,Gujarat,Ahmedabad,"SVPI Airport Hansol, Ahmedabad - IITM",2021-09-01,6,True,False,"Gujarat|Ahmedabad|SVPI Airport Hansol, Ahmedabad - IITM|2021-09-12",13.51,79.85555555555555,4.2625,17.9,45.88,44.900000000000006,True,79.85555555555555
13-09-2021 00:00,14-09-2021 00:00,12.47,2.23,3.45,15.78,39.71,23.45,Gujarat,Ahmedabad,"SVPI Airport Hansol, Ahmedabad - IITM",Gujarat.xlsx,Gujarat,2021-09-13,2021-09-14,Gujarat,Ahmedabad,"SVPI Airport Hansol, Ahmedabad - IITM",2021-09-01,6,True,False,"Gujarat|Ahmedabad|SVPI Airport Hansol, Ahmedabad - IITM|2021-09-13",12.47,102.62911392405064,4.3125,19.725,39.71,39.083333333333336,True,102.62911392405064
14-09-2021 00:00,15-09-2021 00:00,12.93,1.79,2.96,11.89,36.94,23.3,Gujarat,Ahmedabad,"SVPI Airport Hansol, Ahmedabad - IITM",Gujarat.xlsx,Gujarat,2021-09-14,2021-09-15,Gujarat,Ahmedabad,"SVPI Airport Hansol, Ahmedabad - IITM",2021-09-01,6,True,False,"Gujarat|Ahmedabad|SVPI Airport Hansol, Ahmedabad - IITM|2021-09-14",12.93,88.56666666666666,3.7,14.8625,36.94,38.833333333333336,True,88.56666666666666
15-09-2021 00:00,16-09-2021 00:00,13.38,0.14,2.1,9.36,58.32,85.8,Gujarat,Ahmedabad,"SVPI Airport Hansol, Ahmedabad - IITM",Gujarat.xlsx,Gujarat,2021-09-15,2021-09-16,Gujarat,Ahmedabad,"SVPI Airport Hansol, Ahmedabad - IITM",2021-09-01,6,True,False,"Gujarat|Ahmedabad|SVPI Airport Hansol, Ahmedabad - IITM|2021-09-15",13.38,7.000000000000001,2.625,11.7,58.32,185.6620689655172,True,185.6620689655172
16-09-2021 00:00,17-09-2021 00:00,32.42,0.38,1.97,8.51,663.3,673.42,Gujarat,Ahmedabad,"SVPI Airport Hansol, Ahmedabad - IITM",Gujarat.xlsx,Gujarat,2021-09-16,2021-09-17,Gujarat,Ahmedabad,"SVPI Airport Hansol, Ahmedabad - IITM",2021-09-01,6,True,False,"Gujarat|Ahmedabad|SVPI Airport Hansol, Ahmedabad - IITM|2021-09-16",32.42,19.0,2.4625,10.6375,441.4177504393673,456.8338851802403,True,456.8338851802403
17-09-2021 00:00,18-09-2021 00:00,49.33,0.7,,8.27,61.32,32.34,Gujarat,Ahmedabad,"SVPI Airport Hansol, Ahmedabad - IITM",Gujarat.xlsx,Gujarat,2021-09-17,2021-09-18,Gujarat,Ahmedabad,"SVPI Airport Hansol, Ahmedabad - IITM",2021-09-01,5,True,False,"Gujarat|Ahmedabad|SVPI Airport Hansol, Ahmedabad - IITM|2021-09-17",49.33,35.0,,10.3375,61.32,53.26413793103449,True,61.32
18-09-2021 00:00,19-09-2021 00:00,23.31,0.68,2.13,10.5,45.44,24.03,Gujarat,Ahmedabad,"SVPI Airport Hansol, Ahmedabad - IITM",Gujarat.xlsx,Gujarat,2021-09-18,2021-09-19,Gujarat,Ahmedabad,"SVPI Airport Hansol, Ahmedabad - IITM",2021-09-01,6,True,False,"Gujarat|Ahmedabad|SVPI Airport Hansol, Ahmedabad - IITM|2021-09-18",23.31,34.0,2.6625,13.125,45.44,40.05,True,45.44
19-09-2021 00:00,20-09-2021 00:00,30.91,0.68,2.18,8.83,54.91,100.84,Gujarat,Ahmedabad,"SVPI Airport Hansol, Ahmedabad - IITM",Gujarat.xlsx,Gujarat,2021-09-19,2021-09-20,Gujarat,Ahmedabad,"SVPI Airport Hansol, Ahmedabad - IITM",2021-09-01,6,True,False,"Gujarat|Ahmedabad|SVPI Airport Hansol, Ahmedabad - IITM|2021-09-19",30.91,34.0,2.725,11.0375,54.91,234.59172413793104,True,234.59172413793104
20-09-2021 00:00,21-09-2021 00:00,58.34,0.78,2.15,10.01,90.34,71.59,Gujarat,Ahmedabad,"SVPI Airport Hansol, Ahmedabad - IITM",Gujarat.xlsx,Gujarat,2021-09-20,2021-09-21,Gujarat,Ahmedabad,"SVPI Airport Hansol, Ahmedabad - IITM",2021-09-01,6,True,False,"Gujarat|Ahmedabad|SVPI Airport Hansol, Ahmedabad - IITM|2021-09-20",58.34,39.0,2.6875,12.5125,90.34,137.15206896551726,True,137.15206896551726
21-09-2021 00:00,22-09-2021 00:00,,0.64,2.16,9.77,37.89,40.76,Gujarat,Ahmedabad,"SVPI Airport Hansol, Ahmedabad - IITM",Gujarat.xlsx,Gujarat,2021-09-21,2021-09-22,Gujarat,Ahmedabad,"SVPI Airport Hansol, Ahmedabad - IITM",2021-09-01,5,True,False,"Gujarat|Ahmedabad|SVPI Airport Hansol, Ahmedabad - IITM|2021-09-21",,32.0,2.7,12.2125,37.89,67.49103448275862,True,67.49103448275862
22-09-2021 00:00,23-09-2021 00:00,,0.71,2.16,9.99,46.67,24.83,Gujarat,Ahmedabad,"SVPI Airport Hansol, Ahmedabad - IITM",Gujarat.xlsx,Gujarat,2021-09-22,2021-09-23,Gujarat,Ahmedabad,"SVPI Airport Hansol, Ahmedabad - IITM",2021-09-01,5,True,False,"Gujarat|Ahmedabad|SVPI Airport Hansol, Ahmedabad - IITM|2021-09-22",,35.5,2.7,12.4875,46.67,41.38333333333333,True,46.67
23-09-2021 00:00,24-09-2021 00:00,,0.72,2.14,11.1,47.74,25.71,Gujarat,Ahmedabad,"SVPI Airport Hansol, Ahmedabad - IITM",Gujarat.xlsx,Gujarat,2021-09-23,2021-09-24,Gujarat,Ahmedabad,"SVPI Airport Hansol, Ahmedabad - IITM",2021-09-01,5,True,False,"Gujarat|Ahmedabad|SVPI Airport Hansol, Ahmedabad - IITM|2021-09-23",,36.0,2.6750000000000003,13.875,47.74,42.85,True,47.74
24-09-2021 00:00,25-09-2021 00:00,,0.6,2.14,10.27,57.35,30.25,Gujarat,Ahmedabad,"SVPI Airport Hansol, Ahmedabad - IITM",Gujarat.xlsx,Gujarat,2021-09-24,2021-09-25,Gujarat,Ahmedabad,"SVPI Airport Hansol, Ahmedabad - IITM",2021-09-01,5,True,False,"Gujarat|Ahmedabad|SVPI Airport Hansol, Ahmedabad - IITM|2021-09-24",,30.0,2.6750000000000003,12.8375,57.35,51.0,True,57.35
25-09-2021 00:00,26-09-2021 00:00,8.09,0.63,2.13,10.0,47.61,24.97,Gujarat,Ahmedabad,"SVPI Airport Hansol, Ahmedabad - IITM",Gujarat.xlsx,Gujarat,2021-09-25,2021-09-26,Gujarat,Ahmedabad,"SVPI Airport Hansol, Ahmedabad - IITM",2021-09-01,6,True,False,"Gujarat|Ahmedabad|SVPI Airport Hansol, Ahmedabad - IITM|2021-09-25",8.09,31.5,2.6625,12.5,47.61,41.61666666666667,True,47.61
26-09-2021 00:00,27-09-2021 00:00,8.12,0.58,2.16,8.9,31.47,16.8,Gujarat,Ahmedabad,"SVPI Airport Hansol, Ahmedabad - IITM",Gujarat.xlsx,Gujarat,2021-09-26,2021-09-27,Gujarat,Ahmedabad,"SVPI Airport Hansol, Ahmedabad - IITM",2021-09-01,6,True,False,"Gujarat|Ahmedabad|SVPI Airport Hansol, Ahmedabad - IITM|2021-09-26",8.12,29.0,2.7,11.125,31.47,28.000000000000004,True,31.47
27-09-2021 00:00,28-09-2021 00:00,11.81,0.65,2.15,9.47,114.77,67.09,Gujarat,Ahmedabad,"SVPI Airport Hansol, Ahmedabad - IITM",Gujarat.xlsx,Gujarat,2021-09-27,2021-09-28,Gujarat,Ahmedabad,"SVPI Airport Hansol, Ahmedabad - IITM",2021-09-01,6,True,False,"Gujarat|Ahmedabad|SVPI Airport Hansol, Ahmedabad - IITM|2021-09-27",11.81,32.5,2.6875,11.8375,110.14919463087249,121.79,True,121.79
28-09-2021 00:00,29-09-2021 00:00,18.99,0.61,2.15,7.95,45.46,25.22,Gujarat,Ahmedabad,"SVPI Airport Hansol, Ahmedabad - IITM",Gujarat.xlsx,Gujarat,2021-09-28,2021-09-29,Gujarat,Ahmedabad,"SVPI Airport Hansol, Ahmedabad - IITM",2021-09-01,6,True,False,"Gujarat|Ahmedabad|SVPI Airport Hansol, Ahmedabad - IITM|2021-09-28",18.99,30.5,2.6875,9.9375,45.46,42.03333333333333,True,45.46
29-09-2021 00:00,30-09-2021 00:00,44.69,0.64,2.14,6.36,16.88,8.44,Gujarat,Ahmedabad,"SVPI Airport Hansol, Ahmedabad - IITM",Gujarat.xlsx,Gujarat,2021-09-29,2021-09-30,Gujarat,Ahmedabad,"SVPI Airport Hansol, Ahmedabad - IITM",2021-09-01,6,True,False,"Gujarat|Ahmedabad|SVPI Airport Hansol, Ahmedabad - IITM|2021-09-29",44.69,32.0,2.6750000000000003,7.95,16.88,14.066666666666666,True,44.69
30-09-2021 00:00,01-10-2021 00:00,54.54,0.69,2.16,13.55,20.39,12.49,Gujarat,Ahmedabad,"SVPI Airport Hansol, Ahmedabad - IITM",Gujarat.xlsx,Gujarat,2021-09-30,2021-10-01,Gujarat,Ahmedabad,"SVPI Airport Hansol, Ahmedabad - IITM",2021-09-01,6,True,False,"Gujarat|Ahmedabad|SVPI Airport Hansol, Ahmedabad - IITM|2021-09-30",54.54,34.5,2.7,16.9375,20.39,20.816666666666663,True,54.54
01-10-2021 00:00,02-10-2021 00:00,56.75,0.76,2.16,16.88,34.5,22.02,Gujarat,Ahmedabad,"SVPI Airport Hansol, Ahmedabad - IITM",Gujarat.xlsx,Gujarat,2021-10-01,2021-10-02,Gujarat,Ahmedabad,"SVPI Airport Hansol, Ahmedabad - IITM",2021-10-01,6,True,False,"Gujarat|Ahmedabad|SVPI Airport Hansol, Ahmedabad - IITM|2021-10-01",56.75,38.0,2.7,21.1,34.5,36.7,True,56.75
02-10-2021 00:00,03-10-2021 00:00,53.03,0.9,2.16,20.99,,,Gujarat,Ahmedabad,"SVPI Airport Hansol, Ahmedabad - IITM",Gujarat.xlsx,Gujarat,2021-10-02,2021-10-03,Gujarat,Ahmedabad,"SVPI Airport Hansol, Ahmedabad - IITM",2021-10-01,4,False,False,"Gujarat|Ahmedabad|SVPI Airport Hansol, Ahmedabad - IITM|2021-10-02",53.03,45.0,2.7,26.2375,,,False,
03-10-2021 00:00,04-10-2021 00:00,56.51,0.76,2.14,17.68,59.62,32.08,Gujarat,Ahmedabad,"SVPI Airport Hansol, Ahmedabad - IITM",Gujarat.xlsx,Gujarat,2021-10-03,2021-10-04,Gujarat,Ahmedabad,"SVPI Airport Hansol, Ahmedabad - IITM",2021-10-01,6,True,False,"Gujarat|Ahmedabad|SVPI Airport Hansol, Ahmedabad - IITM|2021-10-03",56.51,38.0,2.6750000000000003,22.1,59.62,52.824827586206894,True,59.62
04-10-2021 00:00,05-10-2021 00:00,59.39,0.56,2.12,13.49,73.7,38.86,Gujarat,Ahmedabad,"SVPI Airport Hansol, Ahmedabad - IITM",Gujarat.xlsx,Gujarat,2021-10-04,2021-10-05,Gujarat,Ahmedabad,"SVPI Airport Hansol, Ahmedabad - IITM",2021-10-01,6,True,False,"Gujarat|Ahmedabad|SVPI Airport Hansol, Ahmedabad - IITM|2021-10-04",59.39,28.000000000000004,2.6500000000000004,16.8625,73.7,64.28068965517241,True,73.7
05-10-2021 00:00,06-10-2021 00:00,59.39,0.67,2.16,13.08,83.0,45.32,Gujarat,Ahmedabad,"SVPI Airport Hansol, Ahmedabad - IITM",Gujarat.xlsx,Gujarat,2021-10-05,2021-10-06,Gujarat,Ahmedabad,"SVPI Airport Hansol, Ahmedabad - IITM",2021-10-01,6,True,False,"Gujarat|Ahmedabad|SVPI Airport Hansol, Ahmedabad - IITM|2021-10-05",59.39,33.5,2.7,16.35,83.0,75.19586206896551,True,83.0
06-10-2021 00:00,07-10-2021 00:00,64.41,0.7,2.13,21.6,77.8,41.61,Gujarat,Ahmedabad,"SVPI Airport Hansol, Ahmedabad - IITM",Gujarat.xlsx,Gujarat,2021-10-06,2021-10-07,Gujarat,Ahmedabad,"SVPI Airport Hansol, Ahmedabad - IITM",2021-10-01,6,True,False,"Gujarat|Ahmedabad|SVPI Airport Hansol, Ahmedabad - IITM|2021-10-06",64.41,35.0,2.6625,27.0,77.8,68.92724137931035,True,77.8
07-10-2021 00:00,08-10-2021 00:00,59.79,0.71,2.13,12.77,81.85,43.61,Gujarat,Ahmedabad,"SVPI Airport Hansol, Ahmedabad - IITM",Gujarat.xlsx,Gujarat,2021-10-07,2021-10-08,Gujarat,Ahmedabad,"SVPI Airport Hansol, Ahmedabad - IITM",2021-10-01,6,True,False,"Gujarat|Ahmedabad|SVPI Airport Hansol, Ahmedabad - IITM|2021-10-07",59.79,35.5,2.6625,15.9625,81.85,72.30655172413793,True,81.85
08-10-2021 00:00,09-10-2021 00:00,53.07,0.64,2.16,9.0,101.63,57.1,Gujarat,Ahmedabad,"SVPI Airport Hansol, Ahmedabad - IITM",Gujarat.xlsx,Gujarat,2021-10-08,2021-10-09,Gujarat,Ahmedabad,"SVPI Airport Hansol, Ahmedabad - IITM",2021-10-01,6,True,False,"Gujarat|Ahmedabad|SVPI Airport Hansol, Ahmedabad - IITM|2021-10-08",53.07,32.0,2.7,11.25,101.41859060402685,95.1,True,101.41859060402685
09-10-2021 00:00,10-10-2021 00:00,48.18,0.57,2.15,7.41,90.13,57.76,Gujarat,Ahmedabad,"SVPI Airport Hansol, Ahmedabad - IITM",Gujarat.xlsx,Gujarat,2021-10-09,2021-10-10,Gujarat,Ahmedabad,"SVPI Airport Hansol, Ahmedabad - IITM",2021-10-01,6,True,False,"Gujarat|Ahmedabad|SVPI Airport Hansol, Ahmedabad - IITM|2021-10-09",48.18,28.5,2.6875,9.2625,90.13,96.2151724137931,True,96.2151724137931
10-10-2021 00:00,11-10-2021 00:00,43.96,0.54,2.14,7.19,99.13,53.91,Gujarat,Ahmedabad,"SVPI Airport Hansol, Ahmedabad - IITM",Gujarat.xlsx,Gujarat,2021-10-10,2021-10-11,Gujarat,Ahmedabad,"SVPI Airport Hansol, Ahmedabad - IITM",2021-10-01,6,True,False,"Gujarat|Ahmedabad|SVPI Airport Hansol, Ahmedabad - IITM|2021-10-10",43.96,27.0,2.6750000000000003,8.9875,99.13,89.71,True,99.13
11-10-2021 00:00,12-10-2021 00:00,41.45,0.51,2.14,7.72,120.13,58.13,Gujarat,Ahmedabad,"SVPI Airport Hansol, Ahmedabad - IITM",Gujarat.xlsx,Gujarat,2021-10-11,2021-10-12,Gujarat,Ahmedabad,"SVPI Airport Hansol, Ahmedabad - IITM",2021-10-01,6,True,False,"Gujarat|Ahmedabad|SVPI Airport Hansol, Ahmedabad - IITM|2021-10-11",41.45,25.5,2.6750000000000003,9.65,113.71053691275168,96.84034482758622,True,113.71053691275168
12-10-2021 00:00,13-10-2021 00:00,41.72,0.64,2.16,9.64,118.23,55.73,Gujarat,Ahmedabad,"SVPI Airport Hansol, Ahmedabad - IITM",Gujarat.xlsx,Gujarat,2021-10-12,2021-10-13,Gujarat,Ahmedabad,"SVPI Airport Hansol, Ahmedabad - IITM",2021-10-01,6,True,False,"Gujarat|Ahmedabad|SVPI Airport Hansol, Ahmedabad - IITM|2021-10-12",41.72,32.0,2.7,12.05,112.44812080536911,92.7851724137931,True,112.44812080536911
13-10-2021 00:00,14-10-2021 00:00,47.78,0.47,2.16,5.74,96.31,44.31,Gujarat,Ahmedabad,"SVPI Airport Hansol, Ahmedabad - IITM",Gujarat.xlsx,Gujarat,2021-10-13,2021-10-14,Gujarat,Ahmedabad,"SVPI Airport Hansol, Ahmedabad - IITM",2021-10-01,6,True,False,"Gujarat|Ahmedabad|SVPI Airport Hansol, Ahmedabad - IITM|2021-10-13",47.78,23.5,2.7,7.175000000000001,96.31,73.48931034482759,True,96.31
14-10-2021 00:00,15-10-2021 00:00,56.43,0.88,2.15,8.85,161.19,73.47,Gujarat,Ahmedabad,"SVPI Airport Hansol, Ahmedabad - IITM",Gujarat.xlsx,Gujarat,2021-10-14,2021-10-15,Gujarat,Ahmedabad,"SVPI Airport Hansol, Ahmedabad - IITM",2021-10-01,6,True,False,"Gujarat|Ahmedabad|SVPI Airport Hansol, Ahmedabad - IITM|2021-10-14",56.43,44.0,2.6875,11.0625,140.9920134228188,143.57,True,143.57
15-10-2021 00:00,16-10-2021 00:00,64.64,0.8,2.11,10.05,146.14,68.0,Gujarat,Ahmedabad,"SVPI Airport Hansol, Ahmedabad - IITM",Gujarat.xlsx,Gujarat,2021-10-15,2021-10-16,Gujarat,Ahmedabad,"SVPI Airport Hansol, Ahmedabad - IITM",2021-10-01,6,True,False,"Gujarat|Ahmedabad|SVPI Airport Hansol, Ahmedabad - IITM|2021-10-15",64.64,40.0,2.6375,12.5625,130.99234899328857,124.89655172413794,True,130.99234899328857
16-10-2021 00:00,17-10-2021 00:00,66.03,1.01,2.18,20.98,192.87,88.51,Gujarat,Ahmedabad,"SVPI Airport Hansol, Ahmedabad - IITM",Gujarat.xlsx,Gujarat,2021-10-16,2021-10-17,Gujarat,Ahmedabad,"SVPI Airport Hansol, Ahmedabad - IITM",2021-10-01,6,True,False,"Gujarat|Ahmedabad|SVPI Airport Hansol, Ahmedabad - IITM|2021-10-16",66.03,51.0,2.725,26.225,162.0411409395973,194.9134482758621,True,194.9134482758621
17-10-2021 00:00,18-10-2021 00:00,75.35,0.86,2.16,14.76,130.18,64.22,Gujarat,Ahmedabad,"SVPI Airport Hansol, Ahmedabad - IITM",Gujarat.xlsx,Gujarat,2021-10-17,2021-10-18,Gujarat,Ahmedabad,"SVPI Airport Hansol, Ahmedabad - IITM",2021-10-01,6,True,False,"Gujarat|Ahmedabad|SVPI Airport Hansol, Ahmedabad - IITM|2021-10-17",75.35,43.0,2.7,18.45,120.38805369127518,111.99241379310344,True,120.38805369127518
18-10-2021 00:00,19-10-2021 00:00,50.58,0.69,2.16,17.56,142.02,70.92,Gujarat,Ahmedabad,"SVPI Airport Hansol, Ahmedabad - IITM",Gujarat.xlsx,Gujarat,2021-10-18,2021-10-19,Gujarat,Ahmedabad,"SVPI Airport Hansol, Ahmedabad - IITM",2021-10-01,6,True,False,"Gujarat|Ahmedabad|SVPI Airport Hansol, Ahmedabad - IITM|2021-10-18",51.0,34.5,2.7,21.95,128.25489932885907,134.8648275862069,True,134.8648275862069
19-10-2021 00:00,20-10-2021 00:00,46.52,0.44,2.17,15.17,113.76,56.79,Gujarat,Ahmedabad,"SVPI Airport Hansol, Ahmedabad - IITM",Gujarat.xlsx,Gujarat,2021-10-19,2021-10-20,Gujarat,Ahmedabad,"SVPI Airport Hansol, Ahmedabad - IITM",2021-10-01,6,True,False,"Gujarat|Ahmedabad|SVPI Airport Hansol, Ahmedabad - IITM|2021-10-19",46.52,22.0,2.7125,18.9625,109.47812080536912,94.57620689655172,True,109.47812080536912
20-10-2021 00:00,21-10-2021 00:00,20.94,0.64,2.15,22.7,138.28,68.77,Gujarat,Ahmedabad,"SVPI Airport Hansol, Ahmedabad - IITM",Gujarat.xlsx,Gujarat,2021-10-20,2021-10-21,Gujarat,Ahmedabad,"SVPI Airport Hansol, Ahmedabad - IITM",2021-10-01,6,True,False,"Gujarat|Ahmedabad|SVPI Airport Hansol, Ahmedabad - IITM|2021-10-20",20.94,32.0,2.6875,28.375,125.76993288590604,127.52517241379309,True,127.52517241379309
21-10-2021 00:00,22-10-2021 00:00,21.37,0.8,2.16,27.08,139.54,71.0,Gujarat,Ahmedabad,"SVPI Airport Hansol, Ahmedabad - IITM",Gujarat.xlsx,Gujarat,2021-10-21,2021-10-22,Gujarat,Ahmedabad,"SVPI Airport Hansol, Ahmedabad - IITM",2021-10-01,6,True,False,"Gujarat|Ahmedabad|SVPI Airport Hansol, Ahmedabad - IITM|2021-10-21",21.37,40.0,2.7,33.849999999999994,126.60711409395972,135.13793103448276,True,135.13793103448276
22-10-2021 00:00,23-10-2021 00:00,23.87,0.5,2.15,15.67,83.42,44.97,Gujarat,Ahmedabad,"SVPI Airport Hansol, Ahmedabad - IITM",Gujarat.xlsx,Gujarat,2021-10-22,2021-10-23,Gujarat,Ahmedabad,"SVPI Airport Hansol, Ahmedabad - IITM",2021-10-01,6,True,False,"Gujarat|Ahmedabad|SVPI Airport Hansol, Ahmedabad - IITM|2021-10-22",23.87,25.0,2.6875,19.5875,83.42,74.60448275862069,True,83.42
23-10-2021 00:00,24-10-2021 00:00,22.58,0.42,2.14,13.57,52.83,29.35,Gujarat,Ahmedabad,"SVPI Airport Hansol, Ahmedabad - IITM",Gujarat.xlsx,Gujarat,2021-10-23,2021-10-24,Gujarat,Ahmedabad,"SVPI Airport Hansol, Ahmedabad - IITM",2021-10-01,6,True,False,"Gujarat|Ahmedabad|SVPI Airport Hansol, Ahmedabad - IITM|2021-10-23",22.58,21.0,2.6750000000000003,16.9625,52.83,48.91666666666667,True,52.83
24-10-2021 00:00,25-10-2021 00:00,18.62,0.41,2.16,13.3,62.16,34.97,Gujarat,Ahmedabad,"SVPI Airport Hansol, Ahmedabad - IITM",Gujarat.xlsx,Gujarat,2021-10-24,2021-10-25,Gujarat,Ahmedabad,"SVPI Airport Hansol, Ahmedabad - IITM",2021-10-01,6,True,False,"Gujarat|Ahmedabad|SVPI Airport Hansol, Ahmedabad - IITM|2021-10-24",18.62,20.5,2.7,16.625,62.16,57.70793103448276,True,62.16
25-10-2021 00:00,26-10-2021 00:00,19.34,0.68,2.16,21.78,110.01,59.69,Gujarat,Ahmedabad,"SVPI Airport Hansol, Ahmedabad - IITM",Gujarat.xlsx,Gujarat,2021-10-25,2021-10-26,Gujarat,Ahmedabad,"SVPI Airport Hansol, Ahmedabad - IITM",2021-10-01,6,True,False,"Gujarat|Ahmedabad|SVPI Airport Hansol, Ahmedabad - IITM|2021-10-25",19.34,34.0,2.7,27.225,106.9865100671141,99.47620689655172,True,106.9865100671141
26-10-2021 00:00,27-10-2021 00:00,20.3,0.75,2.16,30.75,167.6,85.77,Gujarat,Ahmedabad,"SVPI Airport Hansol, Ahmedabad - IITM",Gujarat.xlsx,Gujarat,2021-10-26,2021-10-27,Gujarat,Ahmedabad,"SVPI Airport Hansol, Ahmedabad - IITM",2021-10-01,6,True,False,"Gujarat|Ahmedabad|SVPI Airport Hansol, Ahmedabad - IITM|2021-10-26",20.3,37.5,2.7,38.4375,145.2510067114094,185.55965517241376,True,185.55965517241376
27-10-2021 00:00,28-10-2021 00:00,27.45,0.38,2.15,18.87,136.04,69.08,Gujarat,Ahmedabad,"SVPI Airport Hansol, Ahmedabad - IITM",Gujarat.xlsx,Gujarat,2021-10-27,2021-10-28,Gujarat,Ahmedabad,"SVPI Airport Hansol, Ahmedabad - IITM",2021-10-01,6,True,False,"Gujarat|Ahmedabad|SVPI Airport Hansol, Ahmedabad - IITM|2021-10-27",27.45,19.0,2.6875,23.5875,124.28161073825504,128.58344827586205,True,128.58344827586205
28-10-2021 00:00,29-10-2021 00:00,31.11,0.48,2.16,22.88,143.98,67.6,Gujarat,Ahmedabad,"SVPI Airport Hansol, Ahmedabad - IITM",Gujarat.xlsx,Gujarat,2021-10-28,2021-10-29,Gujarat,Ahmedabad,"SVPI Airport Hansol, Ahmedabad - IITM",2021-10-01,6,True,False,"Gujarat|Ahmedabad|SVPI Airport Hansol, Ahmedabad - IITM|2021-10-28",31.11,24.0,2.7,28.6,129.5571812080537,123.5310344827586,True,129.5571812080537
29-10-2021 00:00,30-10-2021 00:00,28.59,0.74,2.17,26.17,149.64,68.9,Gujarat,Ahmedabad,"SVPI Airport Hansol, Ahmedabad - IITM",Gujarat.xlsx,Gujarat,2021-10-29,2021-10-30,Gujarat,Ahmedabad,"SVPI Airport Hansol, Ahmedabad - IITM",2021-10-01,6,True,False,"Gujarat|Ahmedabad|SVPI Airport Hansol, Ahmedabad - IITM|2021-10-29",28.59,37.0,2.7125,32.712500000000006,133.31785234899328,127.9689655172414,True,133.31785234899328
30-10-2021 00:00,31-10-2021 00:00,30.9,1.39,2.16,29.64,160.03,75.04,Gujarat,Ahmedabad,"SVPI Airport Hansol, Ahmedabad - IITM",Gujarat.xlsx,Gujarat,2021-10-30,2021-10-31,Gujarat,Ahmedabad,"SVPI Airport Hansol, Ahmedabad - IITM",2021-10-01,6,True,False,"Gujarat|Ahmedabad|SVPI Airport Hansol, Ahmedabad - IITM|2021-10-30",30.9,66.78888888888888,2.7,37.05,140.22127516778522,148.92965517241382,True,148.92965517241382
31-10-2021 00:00,01-11-2021 00:00,30.49,1.54,2.18,35.08,190.64,89.25,Gujarat,Ahmedabad,"SVPI Airport Hansol, Ahmedabad - IITM",Gujarat.xlsx,Gujarat,2021-10-31,2021-11-01,Gujarat,Ahmedabad,"SVPI Airport Hansol, Ahmedabad - IITM",2021-10-01,6,True,False,"Gujarat|Ahmedabad|SVPI Airport Hansol, Ahmedabad - IITM|2021-10-31",30.49,74.95555555555555,2.725,43.85,160.55946308724833,197.43965517241375,True,197.43965517241375
01-11-2021 00:00,02-11-2021 00:00,27.12,1.37,2.14,34.9,187.8,91.35,Gujarat,Ahmedabad,"SVPI Airport Hansol, Ahmedabad - IITM",Gujarat.xlsx,Gujarat,2021-11-01,2021-11-02,Gujarat,Ahmedabad,"SVPI Airport Hansol, Ahmedabad - IITM",2021-11-01,6,True,False,"Gujarat|Ahmedabad|SVPI Airport Hansol, Ahmedabad - IITM|2021-11-01",27.12,65.7,2.6750000000000003,43.625,158.6724832214765,202.19482758620688,True,202.19482758620688
02-11-2021 00:00,03-11-2021 00:00,32.69,1.06,2.17,21.96,127.6,65.95,Gujarat,Ahmedabad,"SVPI Airport Hansol, Ahmedabad - IITM",Gujarat.xlsx,Gujarat,2021-11-02,2021-11-03,Gujarat,Ahmedabad,"SVPI Airport Hansol, Ahmedabad - IITM",2021-11-01,6,True,False,"Gujarat|Ahmedabad|SVPI Airport Hansol, Ahmedabad - IITM|2021-11-02",32.69,51.0,2.7125,27.450000000000003,118.6738255033557,117.89827586206896,True,118.6738255033557
03-11-2021 00:00,04-11-2021 00:00,36.63,1.22,2.14,23.14,143.63,73.07,Gujarat,Ahmedabad,"SVPI Airport Hansol, Ahmedabad - IITM",Gujarat.xlsx,Gujarat,2021-11-03,2021-11-04,Gujarat,Ahmedabad,"SVPI Airport Hansol, Ahmedabad - IITM",2021-11-01,6,True,False,"Gujarat|Ahmedabad|SVPI Airport Hansol, Ahmedabad - IITM|2021-11-03",36.63,57.53333333333333,2.6750000000000003,28.925,129.32463087248323,142.20448275862066,True,142.20448275862066
04-11-2021 00:00,05-11-2021 00:00,37.1,1.05,2.15,17.52,129.69,66.25,Gujarat,Ahmedabad,"SVPI Airport Hansol, Ahmedabad - IITM",Gujarat.xlsx,Gujarat,2021-11-04,2021-11-05,Gujarat,Ahmedabad,"SVPI Airport Hansol, Ahmedabad - IITM",2021-11-01,6,True,False,"Gujarat|Ahmedabad|SVPI Airport Hansol, Ahmedabad - IITM|2021-11-04",37.1,51.0,2.6875,21.9,120.06248322147653,118.92241379310344,True,120.06248322147653
05-11-2021 00:00,06-11-2021 00:00,39.61,0.95,2.13,16.16,160.31,83.61,Gujarat,Ahmedabad,"SVPI Airport Hansol, Ahmedabad - IITM",Gujarat.xlsx,Gujarat,2021-11-05,2021-11-06,Gujarat,Ahmedabad,"SVPI Airport Hansol, Ahmedabad - IITM",2021-11-01,6,True,False,"Gujarat|Ahmedabad|SVPI Airport Hansol, Ahmedabad - IITM|2021-11-05",39.61,47.5,2.6625,20.2,140.40731543624162,178.18586206896552,True,178.18586206896552
06-11-2021 00:00,07-11-2021 00:00,47.5,0.87,2.14,12.91,131.87,69.19,Gujarat,Ahmedabad,"SVPI Airport Hansol, Ahmedabad - IITM",Gujarat.xlsx,Gujarat,2021-11-06,2021-11-07,Gujarat,Ahmedabad,"SVPI Airport Hansol, Ahmedabad - IITM",2021-11-01,6,True,False,"Gujarat|Ahmedabad|SVPI Airport Hansol, Ahmedabad - IITM|2021-11-06",47.5,43.5,2.6750000000000003,16.1375,121.51093959731544,128.95896551724138,True,128.95896551724138
07-11-2021 00:00,08-11-2021 00:00,44.94,0.97,2.15,19.48,135.17,71.05,Gujarat,Ahmedabad,"SVPI Airport Hansol, Ahmedabad - IITM",Gujarat.xlsx,Gujarat,2021-11-07,2021-11-08,Gujarat,Ahmedabad,"SVPI Airport Hansol, Ahmedabad - IITM",2021-11-01,6,True,False,"Gujarat|Ahmedabad|SVPI Airport Hansol, Ahmedabad - IITM|2021-11-07",44.94,48.5,2.6875,24.35,123.70355704697984,135.30862068965516,True,135.30862068965516
08-11-2021 00:00,09-11-2021 00:00,38.26,1.06,2.13,20.06,132.08,68.14,Gujarat,Ahmedabad,"SVPI Airport Hansol, Ahmedabad - IITM",Gujarat.xlsx,Gujarat,2021-11-08,2021-11-09,Gujarat,Ahmedabad,"SVPI Airport Hansol, Ahmedabad - IITM",2021-11-01,6,True,False,"Gujarat|Ahmedabad|SVPI Airport Hansol, Ahmedabad - IITM|2021-11-08",38.26,51.0,2.6625,25.075,121.65046979865772,125.37448275862069,True,125.37448275862069
09-11-2021 00:00,10-11-2021 00:00,30.8,1.01,2.16,25.2,132.53,66.44,Gujarat,Ahmedabad,"SVPI Airport Hansol, Ahmedabad - IITM",Gujarat.xlsx,Gujarat,2021-11-09,2021-11-10,Gujarat,Ahmedabad,"SVPI Airport Hansol, Ahmedabad - IITM",2021-11-01,6,True,False,"Gujarat|Ahmedabad|SVPI Airport Hansol, Ahmedabad - IITM|2021-11-09",30.8,51.0,2.7,31.5,121.94946308724832,119.57103448275862,True,121.94946308724832
10-11-2021 00:00,11-11-2021 00:00,26.95,1.05,2.13,29.52,136.79,69.06,Gujarat,Ahmedabad,"SVPI Airport Hansol, Ahmedabad - IITM",Gujarat.xlsx,Gujarat,2021-11-10,2021-11-11,Gujarat,Ahmedabad,"SVPI Airport Hansol, Ahmedabad - IITM",2021-11-01,6,True,False,"Gujarat|Ahmedabad|SVPI Airport Hansol, Ahmedabad - IITM|2021-11-10",26.95,51.0,2.6625,36.9,124.77993288590604,128.5151724137931,True,128.5151724137931
11-11-2021 00:00,12-11-2021 00:00,27.97,1.17,2.15,28.66,140.98,71.29,Gujarat,Ahmedabad,"SVPI Airport Hansol, Ahmedabad - IITM",Gujarat.xlsx,Gujarat,2021-11-11,2021-11-12,Gujarat,Ahmedabad,"SVPI Airport Hansol, Ahmedabad - IITM",2021-11-01,6,True,False,"Gujarat|Ahmedabad|SVPI Airport Hansol, Ahmedabad - IITM|2021-11-11",27.97,54.8111111111111,2.6875,35.825,127.56389261744964,136.12793103448277,True,136.12793103448277
12-11-2021 00:00,13-11-2021 00:00,37.09,0.93,2.15,25.35,139.23,71.01,Gujarat,Ahmedabad,"SVPI Airport Hansol, Ahmedabad - IITM",Gujarat.xlsx,Gujarat,2021-11-12,2021-11-13,Gujarat,Ahmedabad,"SVPI Airport Hansol, Ahmedabad - IITM",2021-11-01,6,True,False,"Gujarat|Ahmedabad|SVPI Airport Hansol, Ahmedabad - IITM|2021-11-12",37.09,46.5,2.6875,31.6875,126.40114093959733,135.17206896551727,True,135.17206896551727
13-11-2021 00:00,14-11-2021 00:00,50.46,0.82,2.13,16.14,165.69,84.51,Gujarat,Ahmedabad,"SVPI Airport Hansol, Ahmedabad - IITM",Gujarat.xlsx,Gujarat,2021-11-13,2021-11-14,Gujarat,Ahmedabad,"SVPI Airport Hansol, Ahmedabad - IITM",2021-11-01,6,True,False,"Gujarat|Ahmedabad|SVPI Airport Hansol, Ahmedabad - IITM|2021-11-13",51.0,41.0,2.6625,20.175,143.98194630872484,181.25827586206896,True,181.25827586206896
14-11-2021 00:00,15-11-2021 00:00,53.63,0.96,2.16,16.51,188.15,96.27,Gujarat,Ahmedabad,"SVPI Airport Hansol, Ahmedabad - IITM",Gujarat.xlsx,Gujarat,2021-11-14,2021-11-15,Gujarat,Ahmedabad,"SVPI Airport Hansol, Ahmedabad - IITM",2021-11-01,6,True,False,"Gujarat|Ahmedabad|SVPI Airport Hansol, Ahmedabad - IITM|2021-11-14",53.63,48.0,2.7,20.637500000000003,158.90503355704698,218.9906896551724,True,218.9906896551724
15-11-2021 00:00,16-11-2021 00:00,55.33,1.07,2.13,17.17,196.41,101.58,Gujarat,Ahmedabad,"SVPI Airport Hansol, Ahmedabad - IITM",Gujarat.xlsx,Gujarat,2021-11-15,2021-11-16,Gujarat,Ahmedabad,"SVPI Airport Hansol, Ahmedabad - IITM",2021-11-01,6,True,False,"Gujarat|Ahmedabad|SVPI Airport Hansol, Ahmedabad - IITM|2021-11-15",55.33,51.0,2.6625,21.4625,164.39322147651006,237.11793103448275,True,237.11793103448275
16-11-2021 00:00,17-11-2021 00:00,72.91,0.88,2.14,6.65,159.78,82.2,Gujarat,Ahmedabad,"SVPI Airport Hansol, Ahmedabad - IITM",Gujarat.xlsx,Gujarat,2021-11-16,2021-11-17,Gujarat,Ahmedabad,"SVPI Airport Hansol, Ahmedabad - IITM",2021-11-01,6,True,False,"Gujarat|Ahmedabad|SVPI Airport Hansol, Ahmedabad - IITM|2021-11-16",72.91,44.0,2.6750000000000003,8.3125,140.05516778523491,173.37241379310348,True,173.37241379310348
17-11-2021 00:00,18-11-2021 00:00,72.43,0.76,2.15,2.82,140.4,74.39,Gujarat,Ahmedabad,"SVPI Airport Hansol, Ahmedabad - IITM",Gujarat.xlsx,Gujarat,2021-11-17,2021-11-18,Gujarat,Ahmedabad,"SVPI Airport Hansol, Ahmedabad - IITM",2021-11-01,6,True,False,"Gujarat|Ahmedabad|SVPI Airport Hansol, Ahmedabad - IITM|2021-11-17",72.43,38.0,2.6875,3.525,127.1785234899329,146.71068965517242,True,146.71068965517242
18-11-2021 00:00,19-11-2021 00:00,38.03,0.69,2.15,3.48,119.55,62.9,Gujarat,Ahmedabad,"SVPI Airport Hansol, Ahmedabad - IITM",Gujarat.xlsx,Gujarat,2021-11-18,2021-11-19,Gujarat,Ahmedabad,"SVPI Airport Hansol, Ahmedabad - IITM",2021-11-01,6,True,False,"Gujarat|Ahmedabad|SVPI Airport Hansol, Ahmedabad - IITM|2021-11-18",38.03,34.5,2.6875,4.35,113.3251677852349,107.48620689655172,True,113.3251677852349
19-11-2021 00:00,20-11-2021 00:00,8.05,0.75,2.15,4.49,89.95,49.57,Gujarat,Ahmedabad,"SVPI Airport Hansol, Ahmedabad - IITM",Gujarat.xlsx,Gujarat,2021-11-19,2021-11-20,Gujarat,Ahmedabad,"SVPI Airport Hansol, Ahmedabad - IITM",2021-11-01,6,True,False,"Gujarat|Ahmedabad|SVPI Airport Hansol, Ahmedabad - IITM|2021-11-19",8.05,37.5,2.6875,5.612500000000001,89.95,82.37689655172414,True,89.95
20-11-2021 00:00,21-11-2021 00:00,6.62,0.83,2.13,6.22,77.22,83.01,Gujarat,Ahmedabad,"SVPI Airport Hansol, Ahmedabad - IITM",Gujarat.xlsx,Gujarat,2021-11-20,2021-11-21,Gujarat,Ahmedabad,"SVPI Airport Hansol, Ahmedabad - IITM",2021-11-01,6,True,False,"Gujarat|Ahmedabad|SVPI Airport Hansol, Ahmedabad - IITM|2021-11-20",6.62,41.5,2.6625,7.774999999999999,77.22,176.13758620689657,True,176.13758620689657
21-11-2021 00:00,22-11-2021 00:00,6.65,0.93,2.18,10.52,94.73,52.47,Gujarat,Ahmedabad,"SVPI Airport Hansol, Ahmedabad - IITM",Gujarat.xlsx,Gujarat,2021-11-21,2021-11-22,Gujarat,Ahmedabad,"SVPI Airport Hansol, Ahmedabad - IITM",2021-11-01,6,True,False,"Gujarat|Ahmedabad|SVPI Airport Hansol, Ahmedabad - IITM|2021-11-21",6.65,46.5,2.725,13.15,94.73,87.27689655172414,True,94.73
22-11-2021 00:00,23-11-2021 00:00,6.87,0.87,2.17,10.56,92.43,52.5,Gujarat,Ahmedabad,"SVPI Airport Hansol, Ahmedabad - IITM",Gujarat.xlsx,Gujarat,2021-11-22,2021-11-23,Gujarat,Ahmedabad,"SVPI Airport Hansol, Ahmedabad - IITM",2021-11-01,6,True,False,"Gujarat|Ahmedabad|SVPI Airport Hansol, Ahmedabad - IITM|2021-11-22",6.87,43.5,2.7125,13.2,92.43,87.32758620689656,True,92.43
23-11-2021 00:00,24-11-2021 00:00,4.81,0.84,2.14,10.93,104.98,58.01,Gujarat,Ahmedabad,"SVPI Airport Hansol, Ahmedabad - IITM",Gujarat.xlsx,Gujarat,2021-11-23,2021-11-24,Gujarat,Ahmedabad,"SVPI Airport Hansol, Ahmedabad - IITM",2021-11-01,6,True,False,"Gujarat|Ahmedabad|SVPI Airport Hansol, Ahmedabad - IITM|2021-11-23",4.81,42.0,2.6750000000000003,13.6625,103.64442953020136,96.63758620689654,True,103.64442953020136
24-11-2021 00:00,25-11-2021 00:00,11.44,0.9,2.18,11.26,113.57,57.4,Gujarat,Ahmedabad,"SVPI Airport Hansol, Ahmedabad - IITM",Gujarat.xlsx,Gujarat,2021-11-24,2021-11-25,Gujarat,Ahmedabad,"SVPI Airport Hansol, Ahmedabad - IITM",2021-11-01,6,True,False,"Gujarat|Ahmedabad|SVPI Airport Hansol, Ahmedabad - IITM|2021-11-24",11.44,45.0,2.725,14.075,109.35187919463088,95.60689655172412,True,109.35187919463088
25-11-2021 00:00,26-11-2021 00:00,14.84,0.97,2.15,10.52,135.61,67.7,Gujarat,Ahmedabad,"SVPI Airport Hansol, Ahmedabad - IITM",Gujarat.xlsx,Gujarat,2021-11-25,2021-11-26,Gujarat,Ahmedabad,"SVPI Airport Hansol, Ahmedabad - IITM",2021-11-01,6,True,False,"Gujarat|Ahmedabad|SVPI Airport Hansol, Ahmedabad - IITM|2021-11-25",14.84,48.5,2.6875,13.15,123.99590604026848,123.87241379310346,True,123.99590604026848
26-11-2021 00:00,27-11-2021 00:00,17.18,0.87,2.11,10.29,120.62,62.38,Gujarat,Ahmedabad,"SVPI Airport Hansol, Ahmedabad - IITM",Gujarat.xlsx,Gujarat,2021-11-26,2021-11-27,Gujarat,Ahmedabad,"SVPI Airport Hansol, Ahmedabad - IITM",2021-11-01,6,True,False,"Gujarat|Ahmedabad|SVPI Airport Hansol, Ahmedabad - IITM|2021-11-26",17.18,43.5,2.6375,12.8625,114.03610738255034,105.71103448275863,True,114.03610738255034
27-11-2021 00:00,28-11-2021 00:00,14.16,0.86,2.17,10.42,144.17,70.92,Gujarat,Ahmedabad,"SVPI Airport Hansol, Ahmedabad - IITM",Gujarat.xlsx,Gujarat,2021-11-27,2021-11-28,Gujarat,Ahmedabad,"SVPI Airport Hansol, Ahmedabad - IITM",2021-11-01,6,True,False,"Gujarat|Ahmedabad|SVPI Airport Hansol, Ahmedabad - IITM|2021-11-27",14.16,43.0,2.7125,13.025,129.68342281879194,134.8648275862069,True,134.8648275862069
28-11-2021 00:00,29-11-2021 00:00,15.76,0.65,2.15,10.25,126.19,56.61,Gujarat,Ahmedabad,"SVPI Airport Hansol, Ahmedabad - IITM",Gujarat.xlsx,Gujarat,2021-11-28,2021-11-29,Gujarat,Ahmedabad,"SVPI Airport Hansol, Ahmedabad - IITM",2021-11-01,6,True,False,"Gujarat|Ahmedabad|SVPI Airport Hansol, Ahmedabad - IITM|2021-11-28",15.76,32.5,2.6875,12.8125,117.7369798657718,94.27206896551724,True,117.7369798657718
29-11-2021 00:00,30-11-2021 00:00,22.22,0.55,2.15,10.26,114.74,55.17,Gujarat,Ahmedabad,"SVPI Airport Hansol, Ahmedabad - IITM",Gujarat.xlsx,Gujarat,2021-11-29,2021-11-30,Gujarat,Ahmedabad,"SVPI Airport Hansol, Ahmedabad - IITM",2021-11-01,6,True,False,"Gujarat|Ahmedabad|SVPI Airport Hansol, Ahmedabad - IITM|2021-11-29",22.22,27.500000000000004,2.6875,12.825,110.12926174496644,91.83896551724138,True,110.12926174496644
30-11-2021 00:00,01-12-2021 00:00,28.46,0.54,2.13,10.5,100.63,53.65,Gujarat,Ahmedabad,"SVPI Airport Hansol, Ahmedabad - IITM",Gujarat.xlsx,Gujarat,2021-11-30,2021-12-01,Gujarat,Ahmedabad,"SVPI Airport Hansol, Ahmedabad - IITM",2021-11-01,6,True,False,"Gujarat|Ahmedabad|SVPI Airport Hansol, Ahmedabad - IITM|2021-11-30",28.46,27.0,2.6625,13.125,101.0,89.27068965517242,True,101.0
01-12-2021 00:00,02-12-2021 00:00,22.36,0.63,2.17,10.28,93.16,51.61,Gujarat,Ahmedabad,"SVPI Airport Hansol, Ahmedabad - IITM",Gujarat.xlsx,Gujarat,2021-12-01,2021-12-02,Gujarat,Ahmedabad,"SVPI Airport Hansol, Ahmedabad - IITM",2021-12-01,6,True,False,"Gujarat|Ahmedabad|SVPI Airport Hansol, Ahmedabad - IITM|2021-12-01",22.36,31.5,2.7125,12.85,93.16,85.82379310344828,True,93.16
02-12-2021 00:00,03-12-2021 00:00,18.56,0.63,2.13,10.21,45.57,27.45,Gujarat,Ahmedabad,"SVPI Airport Hansol, Ahmedabad - IITM",Gujarat.xlsx,Gujarat,2021-12-02,2021-12-03,Gujarat,Ahmedabad,"SVPI Airport Hansol, Ahmedabad - IITM",2021-12-01,6,True,False,"Gujarat|Ahmedabad|SVPI Airport Hansol, Ahmedabad - IITM|2021-12-02",18.56,31.5,2.6625,12.7625,45.57,45.75,True,45.75
03-12-2021 00:00,04-12-2021 00:00,23.53,0.66,2.15,10.49,65.91,36.56,Gujarat,Ahmedabad,"SVPI Airport Hansol, Ahmedabad - IITM",Gujarat.xlsx,Gujarat,2021-12-03,2021-12-04,Gujarat,Ahmedabad,"SVPI Airport Hansol, Ahmedabad - IITM",2021-12-01,6,True,False,"Gujarat|Ahmedabad|SVPI Airport Hansol, Ahmedabad - IITM|2021-12-03",23.53,33.0,2.6875,13.1125,65.91,60.3944827586207,True,65.91
04-12-2021 00:00,05-12-2021 00:00,19.25,1.06,2.13,10.21,117.11,62.34,Gujarat,Ahmedabad,"SVPI Airport Hansol, Ahmedabad - IITM",Gujarat.xlsx,Gujarat,2021-12-04,2021-12-05,Gujarat,Ahmedabad,"SVPI Airport Hansol, Ahmedabad - IITM",2021-12-01,6,True,False,"Gujarat|Ahmedabad|SVPI Airport Hansol, Ahmedabad - IITM|2021-12-04",19.25,51.0,2.6625,12.7625,111.70395973154362,105.5744827586207,True,111.70395973154362
05-12-2021 00:00,06-12-2021 00:00,19.58,1.05,2.16,10.39,162.46,86.58,Gujarat,Ahmedabad,"SVPI Airport Hansol, Ahmedabad - IITM",Gujarat.xlsx,Gujarat,2021-12-05,2021-12-06,Gujarat,Ahmedabad,"SVPI Airport Hansol, Ahmedabad - IITM",2021-12-01,6,True,False,"Gujarat|Ahmedabad|SVPI Airport Hansol, Ahmedabad - IITM|2021-12-05",19.58,51.0,2.7,12.9875,141.83583892617452,188.32482758620688,True,188.32482758620688
06-12-2021 00:00,07-12-2021 00:00,15.06,0.77,2.16,10.51,110.5,56.55,Gujarat,Ahmedabad,"SVPI Airport Hansol, Ahmedabad - IITM",Gujarat.xlsx,Gujarat,2021-12-06,2021-12-07,Gujarat,Ahmedabad,"SVPI Airport Hansol, Ahmedabad - IITM",2021-12-01,6,True,False,"Gujarat|Ahmedabad|SVPI Airport Hansol, Ahmedabad - IITM|2021-12-06",15.06,38.5,2.7,13.1375,107.31208053691276,94.1706896551724,True,107.31208053691276
07-12-2021 00:00,08-12-2021 00:00,21.79,0.72,2.18,10.33,112.48,53.98,Gujarat,Ahmedabad,"SVPI Airport Hansol, Ahmedabad - IITM",Gujarat.xlsx,Gujarat,2021-12-07,2021-12-08,Gujarat,Ahmedabad,"SVPI Airport Hansol, Ahmedabad - IITM",2021-12-01,6,True,False,"Gujarat|Ahmedabad|SVPI Airport Hansol, Ahmedabad - IITM|2021-12-07",21.79,36.0,2.725,12.9125,108.62765100671142,89.82827586206896,True,108.62765100671142
08-12-2021 00:00,09-12-2021 00:00,25.6,0.72,2.14,10.5,99.94,49.25,Gujarat,Ahmedabad,"SVPI Airport Hansol, Ahmedabad - IITM",Gujarat.xlsx,Gujarat,2021-12-08,2021-12-09,Gujarat,Ahmedabad,"SVPI Airport Hansol, Ahmedabad - IITM",2021-12-01,6,True,False,"Gujarat|Ahmedabad|SVPI Airport Hansol, Ahmedabad - IITM|2021-12-08",25.6,36.0,2.6750000000000003,13.125,99.94,81.83620689655173,True,99.94
09-12-2021 00:00,10-12-2021 00:00,27.94,0.77,2.14,10.71,98.24,44.8,Gujarat,Ahmedabad,"SVPI Airport Hansol, Ahmedabad - IITM",Gujarat.xlsx,Gujarat,2021-12-09,2021-12-10,Gujarat,Ahmedabad,"SVPI Airport Hansol, Ahmedabad - IITM",2021-12-01,6,True,False,"Gujarat|Ahmedabad|SVPI Airport Hansol, Ahmedabad - IITM|2021-12-09",27.94,38.5,2.6750000000000003,13.3875,98.24,74.31724137931035,True,98.24
10-12-2021 00:00,11-12-2021 00:00,25.35,0.94,2.15,10.53,109.93,53.73,Gujarat,Ahmedabad,"SVPI Airport Hansol, Ahmedabad - IITM",Gujarat.xlsx,Gujarat,2021-12-10,2021-12-11,Gujarat,Ahmedabad,"SVPI Airport Hansol, Ahmedabad - IITM",2021-12-01,6,True,False,"Gujarat|Ahmedabad|SVPI Airport Hansol, Ahmedabad - IITM|2021-12-10",25.35,47.0,2.6875,13.1625,106.933355704698,89.40586206896552,True,106.933355704698
11-12-2021 00:00,12-12-2021 00:00,24.87,1.12,2.15,10.61,111.82,59.92,Gujarat,Ahmedabad,"SVPI Airport Hansol, Ahmedabad - IITM",Gujarat.xlsx,Gujarat,2021-12-11,2021-12-12,Gujarat,Ahmedabad,"SVPI Airport Hansol, Ahmedabad - IITM",2021-12-01,6,True,False,"Gujarat|Ahmedabad|SVPI Airport Hansol, Ahmedabad - IITM|2021-12-11",24.87,52.08888888888889,2.6875,13.2625,108.18912751677853,99.8648275862069,True,108.18912751677853
12-12-2021 00:00,13-12-2021 00:00,22.86,1.36,2.16,10.93,127.52,69.32,Gujarat,Ahmedabad,"SVPI Airport Hansol, Ahmedabad - IITM",Gujarat.xlsx,Gujarat,2021-12-12,2021-12-13,Gujarat,Ahmedabad,"SVPI Airport Hansol, Ahmedabad - IITM",2021-12-01,6,True,False,"Gujarat|Ahmedabad|SVPI Airport Hansol, Ahmedabad - IITM|2021-12-12",22.86,65.15555555555555,2.7,13.6625,118.6206711409396,129.40275862068964,True,129.40275862068964
13-12-2021 00:00,14-12-2021 00:00,22.72,1.6,2.14,9.89,127.49,61.69,Gujarat,Ahmedabad,"SVPI Airport Hansol, Ahmedabad - IITM",Gujarat.xlsx,Gujarat,2021-12-13,2021-12-14,Gujarat,Ahmedabad,"SVPI Airport Hansol, Ahmedabad - IITM",2021-12-01,6,True,False,"Gujarat|Ahmedabad|SVPI Airport Hansol, Ahmedabad - IITM|2021-12-13",22.72,78.22222222222223,2.6750000000000003,12.3625,118.60073825503356,103.3555172413793,True,118.60073825503356
14-12-2021 00:00,15-12-2021 00:00,16.99,1.82,2.17,23.72,120.42,44.7,Gujarat,Ahmedabad,"SVPI Airport Hansol, Ahmedabad - IITM",Gujarat.xlsx,Gujarat,2021-12-14,2021-12-15,Gujarat,Ahmedabad,"SVPI Airport Hansol, Ahmedabad - IITM",2021-12-01,6,True,False,"Gujarat|Ahmedabad|SVPI Airport Hansol, Ahmedabad - IITM|2021-12-14",16.99,90.2,2.7125,29.65,113.90322147651008,74.14827586206897,True,113.90322147651008
15-12-2021 00:00,16-12-2021 00:00,22.48,0.96,2.18,10.87,112.88,41.05,Gujarat,Ahmedabad,"SVPI Airport Hansol, Ahmedabad - IITM",Gujarat.xlsx,Gujarat,2021-12-15,2021-12-16,Gujarat,Ahmedabad,"SVPI Airport Hansol, Ahmedabad - IITM",2021-12-01,6,True,False,"Gujarat|Ahmedabad|SVPI Airport Hansol, Ahmedabad - IITM|2021-12-15",22.48,48.0,2.725,13.5875,108.89342281879196,67.98103448275862,True,108.89342281879196
16-12-2021 00:00,17-12-2021 00:00,25.01,0.87,2.16,10.6,136.42,99.47,Gujarat,Ahmedabad,"SVPI Airport Hansol, Ahmedabad - IITM",Gujarat.xlsx,Gujarat,2021-12-16,2021-12-17,Gujarat,Ahmedabad,"SVPI Airport Hansol, Ahmedabad - IITM",2021-12-01,6,True,False,"Gujarat|Ahmedabad|SVPI Airport Hansol, Ahmedabad - IITM|2021-12-16",25.01,43.5,2.7,13.25,124.53409395973154,229.91482758620688,True,229.91482758620688
17-12-2021 00:00,18-12-2021 00:00,28.74,0.76,2.17,10.86,200.88,60.76,Gujarat,Ahmedabad,"SVPI Airport Hansol, Ahmedabad - IITM",Gujarat.xlsx,Gujarat,2021-12-17,2021-12-18,Gujarat,Ahmedabad,"SVPI Airport Hansol, Ahmedabad - IITM",2021-12-01,6,True,False,"Gujarat|Ahmedabad|SVPI Airport Hansol, Ahmedabad - IITM|2021-12-17",28.74,38.0,2.7125,13.575,167.36322147651006,101.0,True,167.36322147651006
18-12-2021 00:00,19-12-2021 00:00,31.4,0.59,2.15,10.62,108.49,35.26,Gujarat,Ahmedabad,"SVPI Airport Hansol, Ahmedabad - IITM",Gujarat.xlsx,Gujarat,2021-12-18,2021-12-19,Gujarat,Ahmedabad,"SVPI Airport Hansol, Ahmedabad - IITM",2021-12-01,6,True,False,"Gujarat|Ahmedabad|SVPI Airport Hansol, Ahmedabad - IITM|2021-12-18",31.4,29.5,2.6875,13.275,105.97657718120806,58.19793103448276,True,105.97657718120806
19-12-2021 00:00,20-12-2021 00:00,27.03,0.52,2.15,10.64,79.15,29.38,Gujarat,Ahmedabad,"SVPI Airport Hansol, Ahmedabad - IITM",Gujarat.xlsx,Gujarat,2021-12-19,2021-12-20,Gujarat,Ahmedabad,"SVPI Airport Hansol, Ahmedabad - IITM",2021-12-01,6,True,False,"Gujarat|Ahmedabad|SVPI Airport Hansol, Ahmedabad - IITM|2021-12-19",27.03,26.0,2.6875,13.3,79.15,48.96666666666667,True,79.15
20-12-2021 00:00,21-12-2021 00:00,22.89,,2.14,10.42,76.39,29.92,Gujarat,Ahmedabad,"SVPI Airport Hansol, Ahmedabad - IITM",Gujarat.xlsx,Gujarat,2021-12-20,2021-12-21,Gujarat,Ahmedabad,"SVPI Airport Hansol, Ahmedabad - IITM",2021-12-01,5,True,False,"Gujarat|Ahmedabad|SVPI Airport Hansol, Ahmedabad - IITM|2021-12-20",22.89,,2.6750000000000003,13.025,76.39,49.866666666666674,True,76.39
21-12-2021 00:00,22-12-2021 00:00,18.05,1.97,2.15,10.71,126.33,51.45,Gujarat,Ahmedabad,"SVPI Airport Hansol, Ahmedabad - IITM",Gujarat.xlsx,Gujarat,2021-12-21,2021-12-22,Gujarat,Ahmedabad,"SVPI Airport Hansol, Ahmedabad - IITM",2021-12-01,6,True,False,"Gujarat|Ahmedabad|SVPI Airport Hansol, Ahmedabad - IITM|2021-12-21",18.05,98.36666666666667,2.6875,13.3875,117.83,85.55344827586208,True,117.83
22-12-2021 00:00,23-12-2021 00:00,15.28,1.57,2.14,10.64,189.98,72.25,Gujarat,Ahmedabad,"SVPI Airport Hansol, Ahmedabad - IITM",Gujarat.xlsx,Gujarat,2021-12-22,2021-12-23,Gujarat,Ahmedabad,"SVPI Airport Hansol, Ahmedabad - IITM",2021-12-01,6,True,False,"Gujarat|Ahmedabad|SVPI Airport Hansol, Ahmedabad - IITM|2021-12-22",15.28,76.58888888888889,2.6750000000000003,13.3,160.12093959731544,139.4051724137931,True,160.12093959731544
23-12-2021 00:00,24-12-2021 00:00,18.03,1.63,2.13,10.7,278.24,129.11,Gujarat,Ahmedabad,"SVPI Airport Hansol, Ahmedabad - IITM",Gujarat.xlsx,Gujarat,2021-12-23,2021-12-24,Gujarat,Ahmedabad,"SVPI Airport Hansol, Ahmedabad - IITM",2021-12-01,6,True,False,"Gujarat|Ahmedabad|SVPI Airport Hansol, Ahmedabad - IITM|2021-12-23",18.03,79.85555555555555,2.6625,13.375,228.24,307.2239534883721,True,307.2239534883721
24-12-2021 00:00,25-12-2021 00:00,8.64,1.36,2.15,10.61,147.95,68.74,Gujarat,Ahmedabad,"SVPI Airport Hansol, Ahmedabad - IITM",Gujarat.xlsx,Gujarat,2021-12-24,2021-12-25,Gujarat,Ahmedabad,"SVPI Airport Hansol, Ahmedabad - IITM",2021-12-01,6,True,False,"Gujarat|Ahmedabad|SVPI Airport Hansol, Ahmedabad - IITM|2021-12-24",8.64,65.15555555555555,2.6875,13.2625,132.19496644295302,127.42275862068963,True,132.19496644295302
25-12-2021 00:00,26-12-2021 00:00,9.92,1.3,2.17,10.62,135.79,61.94,Gujarat,Ahmedabad,"SVPI Airport Hansol, Ahmedabad - IITM",Gujarat.xlsx,Gujarat,2021-12-25,2021-12-26,Gujarat,Ahmedabad,"SVPI Airport Hansol, Ahmedabad - IITM",2021-12-01,6,True,False,"Gujarat|Ahmedabad|SVPI Airport Hansol, Ahmedabad - IITM|2021-12-25",9.92,61.888888888888886,2.7125,13.275,124.11550335570467,104.20896551724135,True,124.11550335570467
26-12-2021 00:00,27-12-2021 00:00,10.57,1.32,2.13,10.79,174.09,76.46,Gujarat,Ahmedabad,"SVPI Airport Hansol, Ahmedabad - IITM",Gujarat.xlsx,Gujarat,2021-12-26,2021-12-27,Gujarat,Ahmedabad,"SVPI Airport Hansol, Ahmedabad - IITM",2021-12-01,6,True,False,"Gujarat|Ahmedabad|SVPI Airport Hansol, Ahmedabad - IITM|2021-12-26",10.57,62.977777777777774,2.6625,13.4875,149.56315436241613,153.77724137931034,True,153.77724137931034
27-12-2021 00:00,28-12-2021 00:00,10.38,0.96,2.14,10.53,148.83,62.98,Gujarat,Ahmedabad,"SVPI Airport Hansol, Ahmedabad - IITM",Gujarat.xlsx,Gujarat,2021-12-27,2021-12-28,Gujarat,Ahmedabad,"SVPI Airport Hansol, Ahmedabad - IITM",2021-12-01,6,True,False,"Gujarat|Ahmedabad|SVPI Airport Hansol, Ahmedabad - IITM|2021-12-27",10.38,48.0,2.6750000000000003,13.1625,132.7796644295302,107.75931034482758,True,132.7796644295302
28-12-2021 00:00,29-12-2021 00:00,11.59,0.66,2.15,10.88,76.38,34.7,Gujarat,Ahmedabad,"SVPI Airport Hansol, Ahmedabad - IITM",Gujarat.xlsx,Gujarat,2021-12-28,2021-12-29,Gujarat,Ahmedabad,"SVPI Airport Hansol, Ahmedabad - IITM",2021-12-01,6,True,False,"Gujarat|Ahmedabad|SVPI Airport Hansol, Ahmedabad - IITM|2021-12-28",11.59,33.0,2.6875,13.6,76.38,57.25172413793104,True,76.38
29-12-2021 00:00,30-12-2021 00:00,20.79,0.46,2.16,21.89,55.74,25.15,Gujarat,Ahmedabad,"SVPI Airport Hansol, Ahmedabad - IITM",Gujarat.xlsx,Gujarat,2021-12-29,2021-12-30,Gujarat,Ahmedabad,"SVPI Airport Hansol, Ahmedabad - IITM",2021-12-01,6,True,False,"Gujarat|Ahmedabad|SVPI Airport Hansol, Ahmedabad - IITM|2021-12-29",20.79,23.0,2.7,27.3625,55.74,41.91666666666666,True,55.74
30-12-2021 00:00,31-12-2021 00:00,35.95,0.3,2.18,18.72,70.88,31.96,Gujarat,Ahmedabad,"SVPI Airport Hansol, Ahmedabad - IITM",Gujarat.xlsx,Gujarat,2021-12-30,2021-12-31,Gujarat,Ahmedabad,"SVPI Airport Hansol, Ahmedabad - IITM",2021-12-01,6,True,False,"Gujarat|Ahmedabad|SVPI Airport Hansol, Ahmedabad - IITM|2021-12-30",35.95,15.0,2.725,23.4,70.88,52.62206896551725,True,70.88
31-12-2021 00:00,01-01-2022 00:00,38.54,0.36,2.15,19.13,73.41,32.6,Gujarat,Ahmedabad,"SVPI Airport Hansol, Ahmedabad - IITM",Gujarat.xlsx,Gujarat,2021-12-31,2022-01-01,Gujarat,Ahmedabad,"SVPI Airport Hansol, Ahmedabad - IITM",2021-12-01,6,True,False,"Gujarat|Ahmedabad|SVPI Airport Hansol, Ahmedabad - IITM|2021-12-31",38.54,18.0,2.6875,23.9125,73.41,53.70344827586207,True,73.41
01-01-2022 00:00,02-01-2022 00:00,27.55,0.52,2.14,23.11,77.48,38.67,Gujarat,Ahmedabad,"SVPI Airport Hansol, Ahmedabad - IITM",Gujarat.xlsx,Gujarat,2022-01-01,2022-01-02,Gujarat,Ahmedabad,"SVPI Airport Hansol, Ahmedabad - IITM",2022-01-01,6,True,False,"Gujarat|Ahmedabad|SVPI Airport Hansol, Ahmedabad - IITM|2022-01-01",27.55,26.0,2.6750000000000003,28.8875,77.48,63.9596551724138,True,77.48
02-01-2022 00:00,03-01-2022 00:00,25.99,0.57,2.15,21.99,89.43,42.64,Gujarat,Ahmedabad,"SVPI Airport Hansol, Ahmedabad - IITM",Gujarat.xlsx,Gujarat,2022-01-02,2022-01-03,Gujarat,Ahmedabad,"SVPI Airport Hansol, Ahmedabad - IITM",2022-01-01,6,True,False,"Gujarat|Ahmedabad|SVPI Airport Hansol, Ahmedabad - IITM|2022-01-02",25.99,28.5,2.6875,27.4875,89.43,70.66758620689654,True,89.43
03-01-2022 00:00,04-01-2022 00:00,25.35,0.59,2.15,23.13,106.65,29.3,Gujarat,Ahmedabad,"SVPI Airport Hansol, Ahmedabad - IITM",Gujarat.xlsx,Gujarat,2022-01-03,2022-01-04,Gujarat,Ahmedabad,"SVPI Airport Hansol, Ahmedabad - IITM",2022-01-01,6,True,False,"Gujarat|Ahmedabad|SVPI Airport Hansol, Ahmedabad - IITM|2022-01-03",25.35,29.5,2.6875,28.9125,104.75402684563758,48.833333333333336,True,104.75402684563758
04-01-2022 00:00,05-01-2022 00:00,19.5,0.73,2.14,27.61,111.08,31.01,Gujarat,Ahmedabad,"SVPI Airport Hansol, Ahmedabad - IITM",Gujarat.xlsx,Gujarat,2022-01-04,2022-01-05,Gujarat,Ahmedabad,"SVPI Airport Hansol, Ahmedabad - IITM",2022-01-01,6,True,False,"Gujarat|Ahmedabad|SVPI Airport Hansol, Ahmedabad - IITM|2022-01-04",19.5,36.5,2.6750000000000003,34.5125,107.69744966442951,51.01689655172414,True,107.69744966442951
05-01-2022 00:00,06-01-2022 00:00,17.7,0.74,2.12,28.9,200.44,41.92,Gujarat,Ahmedabad,"SVPI Airport Hansol, Ahmedabad - IITM",Gujarat.xlsx,Gujarat,2022-01-05,2022-01-06,Gujarat,Ahmedabad,"SVPI Airport Hansol, Ahmedabad - IITM",2022-01-01,6,True,False,"Gujarat|Ahmedabad|SVPI Airport Hansol, Ahmedabad - IITM|2022-01-05",17.7,37.0,2.6500000000000004,36.125,167.07087248322148,69.45103448275862,True,167.07087248322148
06-01-2022 00:00,07-01-2022 00:00,7.91,0.64,2.13,23.77,103.45,65.87,Gujarat,Ahmedabad,"SVPI Airport Hansol, Ahmedabad - IITM",Gujarat.xlsx,Gujarat,2022-01-06,2022-01-07,Gujarat,Ahmedabad,"SVPI Airport Hansol, Ahmedabad - IITM",2022-01-01,6,True,False,"Gujarat|Ahmedabad|SVPI Airport Hansol, Ahmedabad - IITM|2022-01-06",7.91,32.0,2.6625,29.7125,102.62785234899329,117.62517241379312,True,117.62517241379312
07-01-2022 00:00,08-01-2022 00:00,10.41,0.68,2.15,28.33,63.32,43.22,Gujarat,Ahmedabad,"SVPI Airport Hansol, Ahmedabad - IITM",Gujarat.xlsx,Gujarat,2022-01-07,2022-01-08,Gujarat,Ahmedabad,"SVPI Airport Hansol, Ahmedabad - IITM",2022-01-01,6,True,False,"Gujarat|Ahmedabad|SVPI Airport Hansol, Ahmedabad - IITM|2022-01-07",10.41,34.0,2.6875,35.412499999999994,63.32,71.64758620689655,True,71.64758620689655
08-01-2022 00:00,09-01-2022 00:00,13.27,0.31,2.16,10.82,55.89,19.75,Gujarat,Ahmedabad,"SVPI Airport Hansol, Ahmedabad - IITM",Gujarat.xlsx,Gujarat,2022-01-08,2022-01-09,Gujarat,Ahmedabad,"SVPI Airport Hansol, Ahmedabad - IITM",2022-01-01,6,True,False,"Gujarat|Ahmedabad|SVPI Airport Hansol, Ahmedabad - IITM|2022-01-08",13.27,15.5,2.7,13.525,55.89,32.91666666666667,True,55.89
09-01-2022 00:00,10-01-2022 00:00,16.72,0.26,2.14,10.84,48.57,21.44,Gujarat,Ahmedabad,"SVPI Airport Hansol, Ahmedabad - IITM",Gujarat.xlsx,Gujarat,2022-01-09,2022-01-10,Gujarat,Ahmedabad,"SVPI Airport Hansol, Ahmedabad - IITM",2022-01-01,6,True,False,"Gujarat|Ahmedabad|SVPI Airport Hansol, Ahmedabad - IITM|2022-01-09",16.72,13.0,2.6750000000000003,13.55,48.57,35.733333333333334,True,48.57
10-01-2022 00:00,11-01-2022 00:00,15.49,0.67,2.15,10.72,62.16,31.29,Gujarat,Ahmedabad,"SVPI Airport Hansol, Ahmedabad - IITM",Gujarat.xlsx,Gujarat,2022-01-10,2022-01-11,Gujarat,Ahmedabad,"SVPI Airport Hansol, Ahmedabad - IITM",2022-01-01,6,True,False,"Gujarat|Ahmedabad|SVPI Airport Hansol, Ahmedabad - IITM|2022-01-10",15.49,33.5,2.6875,13.4,62.16,51.49,True,62.16
11-01-2022 00:00,12-01-2022 00:00,19.0,1.23,2.15,10.66,58.37,31.05,Gujarat,Ahmedabad,"SVPI Airport Hansol, Ahmedabad - IITM",Gujarat.xlsx,Gujarat,2022-01-11,2022-01-12,Gujarat,Ahmedabad,"SVPI Airport Hansol, Ahmedabad - IITM",2022-01-01,6,True,False,"Gujarat|Ahmedabad|SVPI Airport Hansol, Ahmedabad - IITM|2022-01-11",19.0,58.077777777777776,2.6875,13.325,58.37,51.08448275862069,True,58.37
12-01-2022 00:00,13-01-2022 00:00,18.69,1.32,2.14,10.61,72.46,38.77,Gujarat,Ahmedabad,"SVPI Airport Hansol, Ahmedabad - IITM",Gujarat.xlsx,Gujarat,2022-01-12,2022-01-13,Gujarat,Ahmedabad,"SVPI Airport Hansol, Ahmedabad - IITM",2022-01-01,6,True,False,"Gujarat|Ahmedabad|SVPI Airport Hansol, Ahmedabad - IITM|2022-01-12",18.69,62.977777777777774,2.6750000000000003,13.2625,72.46,64.12862068965518,True,72.46
13-01-2022 00:00,14-01-2022 00:00,19.71,1.31,2.15,10.81,73.8,32.07,Gujarat,Ahmedabad,"SVPI Airport Hansol, Ahmedabad - IITM",Gujarat.xlsx,Gujarat,2022-01-13,2022-01-14,Gujarat,Ahmedabad,"SVPI Airport Hansol, Ahmedabad - IITM",2022-01-01,6,True,False,"Gujarat|Ahmedabad|SVPI Airport Hansol, Ahmedabad - IITM|2022-01-13",19.71,62.43333333333333,2.6875,13.5125,73.8,52.80793103448276,True,73.8
14-01-2022 00:00,15-01-2022 00:00,21.45,1.26,2.16,10.71,78.3,31.34,Gujarat,Ahmedabad,"SVPI Airport Hansol, Ahmedabad - IITM",Gujarat.xlsx,Gujarat,2022-01-14,2022-01-15,Gujarat,Ahmedabad,"SVPI Airport Hansol, Ahmedabad - IITM",2022-01-01,6,True,False,"Gujarat|Ahmedabad|SVPI Airport Hansol, Ahmedabad - IITM|2022-01-14",21.45,59.71111111111111,2.7,13.3875,78.3,51.57448275862069,True,78.3
15-01-2022 00:00,16-01-2022 00:00,25.08,1.09,2.12,10.83,72.3,32.52,Gujarat,Ahmedabad,"SVPI Airport Hansol, Ahmedabad - IITM",Gujarat.xlsx,Gujarat,2022-01-15,2022-01-16,Gujarat,Ahmedabad,"SVPI Airport Hansol, Ahmedabad - IITM",2022-01-01,6,True,False,"Gujarat|Ahmedabad|SVPI Airport Hansol, Ahmedabad - IITM|2022-01-15",25.08,51.0,2.6500000000000004,13.5375,72.3,53.56827586206897,True,72.3
16-01-2022 00:00,17-01-2022 00:00,26.56,1.27,2.14,10.71,77.17,34.17,Gujarat,Ahmedabad,"SVPI Airport Hansol, Ahmedabad - IITM",Gujarat.xlsx,Gujarat,2022-01-16,2022-01-17,Gujarat,Ahmedabad,"SVPI Airport Hansol, Ahmedabad - IITM",2022-01-01,6,True,False,"Gujarat|Ahmedabad|SVPI Airport Hansol, Ahmedabad - IITM|2022-01-16",26.56,60.25555555555555,2.6750000000000003,13.3875,77.17,56.356206896551726,True,77.17
17-01-2022 00:00,18-01-2022 00:00,14.25,1.42,2.14,11.4,81.65,38.56,Gujarat,Ahmedabad,"SVPI Airport Hansol, Ahmedabad - IITM",Gujarat.xlsx,Gujarat,2022-01-17,2022-01-18,Gujarat,Ahmedabad,"SVPI Airport Hansol, Ahmedabad - IITM",2022-01-01,6,True,False,"Gujarat|Ahmedabad|SVPI Airport Hansol, Ahmedabad - IITM|2022-01-17",14.25,68.42222222222222,2.6750000000000003,14.25,81.65,63.77379310344829,True,81.65
18-01-2022 00:00,19-01-2022 00:00,19.4,1.47,2.15,10.85,105.56,42.36,Gujarat,Ahmedabad,"SVPI Airport Hansol, Ahmedabad - IITM",Gujarat.xlsx,Gujarat,2022-01-18,2022-01-19,Gujarat,Ahmedabad,"SVPI Airport Hansol, Ahmedabad - IITM",2022-01-01,6,True,False,"Gujarat|Ahmedabad|SVPI Airport Hansol, Ahmedabad - IITM|2022-01-18",19.4,71.14444444444445,2.6875,13.5625,104.02979865771812,70.1944827586207,True,104.02979865771812
19-01-2022 00:00,20-01-2022 00:00,19.15,1.69,2.15,10.97,117.93,46.68,Gujarat,Ahmedabad,"SVPI Airport Hansol, Ahmedabad - IITM",Gujarat.xlsx,Gujarat,2022-01-19,2022-01-20,Gujarat,Ahmedabad,"SVPI Airport Hansol, Ahmedabad - IITM",2022-01-01,6,True,False,"Gujarat|Ahmedabad|SVPI Airport Hansol, Ahmedabad - IITM|2022-01-19",19.15,83.12222222222222,2.6875,13.7125,112.24879194630871,77.49379310344827,True,112.24879194630871
20-01-2022 00:00,21-01-2022 00:00,10.22,2.08,2.13,10.69,150.59,52.58,Gujarat,Ahmedabad,"SVPI Airport Hansol, Ahmedabad - IITM",Gujarat.xlsx,Gujarat,2022-01-20,2022-01-21,Gujarat,Ahmedabad,"SVPI Airport Hansol, Ahmedabad - IITM",2022-01-01,6,True,False,"Gujarat|Ahmedabad|SVPI Airport Hansol, Ahmedabad - IITM|2022-01-20",10.22,101.0,2.6625,13.3625,133.94906040268455,87.46275862068966,True,133.94906040268455
21-01-2022 00:00,22-01-2022 00:00,8.18,1.29,2.17,10.63,79.42,37.19,Gujarat,Ahmedabad,"SVPI Airport Hansol, Ahmedabad - IITM",Gujarat.xlsx,Gujarat,2022-01-21,2022-01-22,Gujarat,Ahmedabad,"SVPI Airport Hansol, Ahmedabad - IITM",2022-01-01,6,True,False,"Gujarat|Ahmedabad|SVPI Airport Hansol, Ahmedabad - IITM|2022-01-21",8.18,61.34444444444444,2.7125,13.2875,79.42,61.458965517241374,True,79.42
22-01-2022 00:00,23-01-2022 00:00,14.14,1.01,2.15,10.83,112.31,44.93,Gujarat,Ahmedabad,"SVPI Airport Hansol, Ahmedabad - IITM",Gujarat.xlsx,Gujarat,2022-01-22,2022-01-23,Gujarat,Ahmedabad,"SVPI Airport Hansol, Ahmedabad - IITM",2022-01-01,6,True,False,"Gujarat|Ahmedabad|SVPI Airport Hansol, Ahmedabad - IITM|2022-01-22",14.14,51.0,2.6875,13.5375,108.5146979865772,74.53689655172414,True,108.5146979865772
23-01-2022 00:00,24-01-2022 00:00,20.02,1.04,2.16,10.73,262.61,80.09,Gujarat,Ahmedabad,"SVPI Airport Hansol, Ahmedabad - IITM",Gujarat.xlsx,Gujarat,2022-01-23,2022-01-24,Gujarat,Ahmedabad,"SVPI Airport Hansol, Ahmedabad - IITM",2022-01-01,6,True,False,"Gujarat|Ahmedabad|SVPI Airport Hansol, Ahmedabad - IITM|2022-01-23",20.02,51.0,2.7,13.4125,212.61,166.16931034482758,True,212.61
24-01-2022 00:00,25-01-2022 00:00,15.78,1.22,2.15,10.52,223.57,89.61,Gujarat,Ahmedabad,"SVPI Airport Hansol, Ahmedabad - IITM",Gujarat.xlsx,Gujarat,2022-01-24,2022-01-25,Gujarat,Ahmedabad,"SVPI Airport Hansol, Ahmedabad - IITM",2022-01-01,6,True,False,"Gujarat|Ahmedabad|SVPI Airport Hansol, Ahmedabad - IITM|2022-01-24",15.78,57.53333333333333,2.6875,13.15,182.4391275167785,198.6686206896552,True,198.6686206896552
25-01-2022 00:00,26-01-2022 00:00,19.8,1.08,2.16,10.79,154.83,67.99,Gujarat,Ahmedabad,"SVPI Airport Hansol, Ahmedabad - IITM",Gujarat.xlsx,Gujarat,2022-01-25,2022-01-26,Gujarat,Ahmedabad,"SVPI Airport Hansol, Ahmedabad - IITM",2022-01-01,6,True,False,"Gujarat|Ahmedabad|SVPI Airport Hansol, Ahmedabad - IITM|2022-01-25",19.8,51.0,2.7,13.4875,136.76624161073826,124.86241379310344,True,136.76624161073826
26-01-2022 00:00,27-01-2022 00:00,21.83,1.03,2.16,10.73,115.37,53.43,Gujarat,Ahmedabad,"SVPI Airport Hansol, Ahmedabad - IITM",Gujarat.xlsx,Gujarat,2022-01-26,2022-01-27,Gujarat,Ahmedabad,"SVPI Airport Hansol, Ahmedabad - IITM",2022-01-01,6,True,False,"Gujarat|Ahmedabad|SVPI Airport Hansol, Ahmedabad - IITM|2022-01-26",21.83,51.0,2.7,13.4125,110.54785234899327,88.89896551724138,True,110.54785234899327
27-01-2022 00:00,28-01-2022 00:00,20.76,0.95,2.14,10.71,103.33,55.21,Gujarat,Ahmedabad,"SVPI Airport Hansol, Ahmedabad - IITM",Gujarat.xlsx,Gujarat,2022-01-27,2022-01-28,Gujarat,Ahmedabad,"SVPI Airport Hansol, Ahmedabad - IITM",2022-01-01,6,True,False,"Gujarat|Ahmedabad|SVPI Airport Hansol, Ahmedabad - IITM|2022-01-27",20.76,47.5,2.6750000000000003,13.3875,102.54812080536912,91.90655172413793,True,102.54812080536912
28-01-2022 00:00,29-01-2022 00:00,23.73,0.83,2.15,10.64,103.32,56.88,Gujarat,Ahmedabad,"SVPI Airport Hansol, Ahmedabad - IITM",Gujarat.xlsx,Gujarat,2022-01-28,2022-01-29,Gujarat,Ahmedabad,"SVPI Airport Hansol, Ahmedabad - IITM",2022-01-01,6,True,False,"Gujarat|Ahmedabad|SVPI Airport Hansol, Ahmedabad - IITM|2022-01-28",23.73,41.5,2.6875,13.3,102.54147651006711,94.72827586206895,True,102.54147651006711
29-01-2022 00:00,30-01-2022 00:00,21.79,1.01,2.15,10.61,115.69,62.9,Gujarat,Ahmedabad,"SVPI Airport Hansol, Ahmedabad - IITM",Gujarat.xlsx,Gujarat,2022-01-29,2022-01-30,Gujarat,Ahmedabad,"SVPI Airport Hansol, Ahmedabad - IITM",2022-01-01,6,True,False,"Gujarat|Ahmedabad|SVPI Airport Hansol, Ahmedabad - IITM|2022-01-29",21.79,51.0,2.6875,13.2625,110.76046979865772,107.48620689655172,True,110.76046979865772
30-01-2022 00:00,31-01-2022 00:00,18.85,1.69,2.17,10.65,161.74,78.83,Gujarat,Ahmedabad,"SVPI Airport Hansol, Ahmedabad - IITM",Gujarat.xlsx,Gujarat,2022-01-30,2022-01-31,Gujarat,Ahmedabad,"SVPI Airport Hansol, Ahmedabad - IITM",2022-01-01,6,True,False,"Gujarat|Ahmedabad|SVPI Airport Hansol, Ahmedabad - IITM|2022-01-30",18.85,83.12222222222222,2.7125,13.3125,141.35744966442954,161.86793103448275,True,161.86793103448275
31-01-2022 00:00,01-02-2022 00:00,11.92,1.69,2.14,10.58,171.66,77.49,Gujarat,Ahmedabad,"SVPI Airport Hansol, Ahmedabad - IITM",Gujarat.xlsx,Gujarat,2022-01-31,2022-02-01,Gujarat,Ahmedabad,"SVPI Airport Hansol, Ahmedabad - IITM",2022-01-01,6,True,False,"Gujarat|Ahmedabad|SVPI Airport Hansol, Ahmedabad - IITM|2022-01-31",11.92,83.12222222222222,2.6750000000000003,13.225,147.94859060402683,157.29344827586203,True,157.29344827586203
01-02-2022 00:00,02-02-2022 00:00,7.06,1.6,2.17,10.72,162.8,66.49,Gujarat,Ahmedabad,"SVPI Airport Hansol, Ahmedabad - IITM",Gujarat.xlsx,Gujarat,2022-02-01,2022-02-02,Gujarat,Ahmedabad,"SVPI Airport Hansol, Ahmedabad - IITM",2022-02-01,6,True,False,"Gujarat|Ahmedabad|SVPI Airport Hansol, Ahmedabad - IITM|2022-02-01",7.06,78.22222222222223,2.7125,13.4,142.06174496644297,119.74172413793102,True,142.06174496644297
02-02-2022 00:00,03-02-2022 00:00,12.17,1.55,2.17,39.6,160.04,90.33,Gujarat,Ahmedabad,"SVPI Airport Hansol, Ahmedabad - IITM",Gujarat.xlsx,Gujarat,2022-02-02,2022-02-03,Gujarat,Ahmedabad,"SVPI Airport Hansol, Ahmedabad - IITM",2022-02-01,6,True,False,"Gujarat|Ahmedabad|SVPI Airport Hansol, Ahmedabad - IITM|2022-02-02",12.17,75.5,2.7125,49.5,140.22791946308723,201.0,True,201.0
03-02-2022 00:00,04-02-2022 00:00,16.96,0.76,2.14,20.31,170.78,88.06,Gujarat,Ahmedabad,"SVPI Airport Hansol, Ahmedabad - IITM",Gujarat.xlsx,Gujarat,2022-02-03,2022-02-04,Gujarat,Ahmedabad,"SVPI Airport Hansol, Ahmedabad - IITM",2022-02-01,6,True,False,"Gujarat|Ahmedabad|SVPI Airport Hansol, Ahmedabad - IITM|2022-02-03",16.96,38.0,2.6750000000000003,25.3875,147.36389261744966,193.3772413793104,True,193.3772413793104
04-02-2022 00:00,05-02-2022 00:00,20.22,1.51,2.18,45.0,313.15,149.47,Gujarat,Ahmedabad,"SVPI Airport Hansol, Ahmedabad - IITM",Gujarat.xlsx,Gujarat,2022-02-04,2022-02-05,Gujarat,Ahmedabad,"SVPI Airport Hansol, Ahmedabad - IITM",2022-02-01,6,True,False,"Gujarat|Ahmedabad|SVPI Airport Hansol, Ahmedabad - IITM|2022-02-04",20.22,73.32222222222222,2.725,56.02564102564102,263.15,322.84906976744185,True,322.84906976744185
05-02-2022 00:00,06-02-2022 00:00,20.98,1.84,2.15,47.5,347.79,162.69,Gujarat,Ahmedabad,"SVPI Airport Hansol, Ahmedabad - IITM",Gujarat.xlsx,Gujarat,2022-02-05,2022-02-06,Gujarat,Ahmedabad,"SVPI Airport Hansol, Ahmedabad - IITM",2022-02-01,6,True,False,"Gujarat|Ahmedabad|SVPI Airport Hansol, Ahmedabad - IITM|2022-02-05",20.98,91.28888888888888,2.6875,59.16666666666666,297.79,332.9946511627907,True,332.9946511627907
06-02-2022 00:00,07-02-2022 00:00,24.42,1.37,2.14,39.12,230.48,116.04,Gujarat,Ahmedabad,"SVPI Airport Hansol, Ahmedabad - IITM",Gujarat.xlsx,Gujarat,2022-02-06,2022-02-07,Gujarat,Ahmedabad,"SVPI Airport Hansol, Ahmedabad - IITM",2022-02-01,6,True,False,"Gujarat|Ahmedabad|SVPI Airport Hansol, Ahmedabad - IITM|2022-02-06",24.42,65.7,2.6750000000000003,48.9,187.0303355704698,286.48137931034483,True,286.48137931034483
07-02-2022 00:00,08-02-2022 00:00,23.75,0.95,2.15,29.68,153.56,83.1,Gujarat,Ahmedabad,"SVPI Airport Hansol, Ahmedabad - IITM",Gujarat.xlsx,Gujarat,2022-02-07,2022-02-08,Gujarat,Ahmedabad,"SVPI Airport Hansol, Ahmedabad - IITM",2022-02-01,6,True,False,"Gujarat|Ahmedabad|SVPI Airport Hansol, Ahmedabad - IITM|2022-02-07",23.75,47.5,2.6875,37.1,135.92241610738256,176.44482758620688,True,176.44482758620688
08-02-2022 00:00,09-02-2022 00:00,14.61,1.08,2.14,31.89,138.72,79.52,Gujarat,Ahmedabad,"SVPI Airport Hansol, Ahmedabad - IITM",Gujarat.xlsx,Gujarat,2022-02-08,2022-02-09,Gujarat,Ahmedabad,"SVPI Airport Hansol, Ahmedabad - IITM",2022-02-01,6,True,False,"Gujarat|Ahmedabad|SVPI Airport Hansol, Ahmedabad - IITM|2022-02-08",14.61,51.0,2.6750000000000003,39.8625,126.06228187919464,164.22344827586204,True,164.22344827586204
09-02-2022 00:00,10-02-2022 00:00,19.6,0.79,2.16,23.24,118.42,67.38,Gujarat,Ahmedabad,"SVPI Airport Hansol, Ahmedabad - IITM",Gujarat.xlsx,Gujarat,2022-02-09,2022-02-10,Gujarat,Ahmedabad,"SVPI Airport Hansol, Ahmedabad - IITM",2022-02-01,6,True,False,"Gujarat|Ahmedabad|SVPI Airport Hansol, Ahmedabad - IITM|2022-02-09",19.6,39.5,2.7,29.05,112.5743624161074,122.78,True,122.78
10-02-2022 00:00,11-02-2022 00:00,31.57,0.63,2.17,23.07,104.58,60.23,Gujarat,Ahmedabad,"SVPI Airport Hansol, Ahmedabad - IITM",Gujarat.xlsx,Gujarat,2022-02-10,2022-02-11,Gujarat,Ahmedabad,"SVPI Airport Hansol, Ahmedabad - IITM",2022-02-01,6,True,False,"Gujarat|Ahmedabad|SVPI Airport Hansol, Ahmedabad - IITM|2022-02-10",31.57,31.5,2.7125,28.8375,103.3786577181208,101.0,True,103.3786577181208
11-02-2022 00:00,12-02-2022 00:00,38.87,0.33,2.14,24.2,98.29,52.21,Gujarat,Ahmedabad,"SVPI Airport Hansol, Ahmedabad - IITM",Gujarat.xlsx,Gujarat,2022-02-11,2022-02-12,Gujarat,Ahmedabad,"SVPI Airport Hansol, Ahmedabad - IITM",2022-02-01,6,True,False,"Gujarat|Ahmedabad|SVPI Airport Hansol, Ahmedabad - IITM|2022-02-11",38.87,16.5,2.6750000000000003,30.25,98.29,86.83758620689656,True,98.29
12-02-2022 00:00,13-02-2022 00:00,31.28,0.26,2.17,24.89,96.13,51.78,Gujarat,Ahmedabad,"SVPI Airport Hansol, Ahmedabad - IITM",Gujarat.xlsx,Gujarat,2022-02-12,2022-02-13,Gujarat,Ahmedabad,"SVPI Airport Hansol, Ahmedabad - IITM",2022-02-01,6,True,False,"Gujarat|Ahmedabad|SVPI Airport Hansol, Ahmedabad - IITM|2022-02-12",31.28,13.0,2.7125,31.1125,96.13,86.11103448275863,True,96.13
13-02-2022 00:00,14-02-2022 00:00,31.04,0.52,2.16,33.63,115.16,64.34,Gujarat,Ahmedabad,"SVPI Airport Hansol, Ahmedabad - IITM",Gujarat.xlsx,Gujarat,2022-02-13,2022-02-14,Gujarat,Ahmedabad,"SVPI Airport Hansol, Ahmedabad - IITM",2022-02-01,6,True,False,"Gujarat|Ahmedabad|SVPI Airport Hansol, Ahmedabad - IITM|2022-02-13",31.04,26.0,2.7,42.0375,110.408322147651,112.40206896551726,True,112.40206896551726
14-02-2022 00:00,15-02-2022 00:00,35.89,0.25,2.16,24.67,116.87,65.21,Gujarat,Ahmedabad,"SVPI Airport Hansol, Ahmedabad - IITM",Gujarat.xlsx,Gujarat,2022-02-14,2022-02-15,Gujarat,Ahmedabad,"SVPI Airport Hansol, Ahmedabad - IITM",2022-02-01,6,True,False,"Gujarat|Ahmedabad|SVPI Airport Hansol, Ahmedabad - IITM|2022-02-14",35.89,12.5,2.7,30.8375,111.54449664429532,115.37206896551722,True,115.37206896551722
15-02-2022 00:00,16-02-2022 00:00,27.14,0.48,2.15,31.3,119.86,65.75,Gujarat,Ahmedabad,"SVPI Airport Hansol, Ahmedabad - IITM",Gujarat.xlsx,Gujarat,2022-02-15,2022-02-16,Gujarat,Ahmedabad,"SVPI Airport Hansol, Ahmedabad - IITM",2022-02-01,6,True,False,"Gujarat|Ahmedabad|SVPI Airport Hansol, Ahmedabad - IITM|2022-02-15",27.14,24.0,2.6875,39.125,113.53114093959732,117.2155172413793,True,117.2155172413793
16-02-2022 00:00,17-02-2022 00:00,28.37,0.4,2.16,30.88,128.71,71.65,Gujarat,Ahmedabad,"SVPI Airport Hansol, Ahmedabad - IITM",Gujarat.xlsx,Gujarat,2022-02-16,2022-02-17,Gujarat,Ahmedabad,"SVPI Airport Hansol, Ahmedabad - IITM",2022-02-01,6,True,False,"Gujarat|Ahmedabad|SVPI Airport Hansol, Ahmedabad - IITM|2022-02-16",28.37,20.0,2.7,38.6,119.4113422818792,137.35689655172416,True,137.35689655172416
17-02-2022 00:00,18-02-2022 00:00,26.1,0.29,2.15,30.54,114.87,61.46,Gujarat,Ahmedabad,"SVPI Airport Hansol, Ahmedabad - IITM",Gujarat.xlsx,Gujarat,2022-02-17,2022-02-18,Gujarat,Ahmedabad,"SVPI Airport Hansol, Ahmedabad - IITM",2022-02-01,6,True,False,"Gujarat|Ahmedabad|SVPI Airport Hansol, Ahmedabad - IITM|2022-02-17",26.1,14.499999999999998,2.6875,38.175,110.21563758389262,102.5703448275862,True,110.21563758389262
18-02-2022 00:00,19-02-2022 00:00,32.37,0.09,2.15,23.33,98.0,52.25,Gujarat,Ahmedabad,"SVPI Airport Hansol, Ahmedabad - IITM",Gujarat.xlsx,Gujarat,2022-02-18,2022-02-19,Gujarat,Ahmedabad,"SVPI Airport Hansol, Ahmedabad - IITM",2022-02-01,6,True,False,"Gujarat|Ahmedabad|SVPI Airport Hansol, Ahmedabad - IITM|2022-02-18",32.37,4.5,2.6875,29.1625,98.0,86.90517241379311,True,98.0
19-02-2022 00:00,20-02-2022 00:00,32.85,0.08,2.15,19.93,87.7,48.81,Gujarat,Ahmedabad,"SVPI Airport Hansol, Ahmedabad - IITM",Gujarat.xlsx,Gujarat,2022-02-19,2022-02-20,Gujarat,Ahmedabad,"SVPI Airport Hansol, Ahmedabad - IITM",2022-02-01,6,True,False,"Gujarat|Ahmedabad|SVPI Airport Hansol, Ahmedabad - IITM|2022-02-19",32.85,4.0,2.6875,24.9125,87.7,81.09275862068966,True,87.7
20-02-2022 00:00,21-02-2022 00:00,25.92,0.24,2.17,26.72,108.14,59.73,Gujarat,Ahmedabad,"SVPI Airport Hansol, Ahmedabad - IITM",Gujarat.xlsx,Gujarat,2022-02-20,2022-02-21,Gujarat,Ahmedabad,"SVPI Airport Hansol, Ahmedabad - IITM",2022-02-01,6,True,False,"Gujarat|Ahmedabad|SVPI Airport Hansol, Ahmedabad - IITM|2022-02-20",25.92,12.0,2.7125,33.4,105.7440268456376,99.54379310344828,True,105.7440268456376
21-02-2022 00:00,22-02-2022 00:00,21.01,0.32,2.14,34.04,131.27,72.62,Gujarat,Ahmedabad,"SVPI Airport Hansol, Ahmedabad - IITM",Gujarat.xlsx,Gujarat,2022-02-21,2022-02-22,Gujarat,Ahmedabad,"SVPI Airport Hansol, Ahmedabad - IITM",2022-02-01,6,True,False,"Gujarat|Ahmedabad|SVPI Airport Hansol, Ahmedabad - IITM|2022-02-21",21.01,16.0,2.6750000000000003,42.55,121.11228187919464,140.66827586206898,True,140.66827586206898
22-02-2022 00:00,23-02-2022 00:00,17.8,0.67,2.14,31.35,119.17,70.01,Gujarat,Ahmedabad,"SVPI Airport Hansol, Ahmedabad - IITM",Gujarat.xlsx,Gujarat,2022-02-22,2022-02-23,Gujarat,Ahmedabad,"SVPI Airport Hansol, Ahmedabad - IITM",2022-02-01,6,True,False,"Gujarat|Ahmedabad|SVPI Airport Hansol, Ahmedabad - IITM|2022-02-22",17.8,33.5,2.6750000000000003,39.1875,113.0726845637584,131.75827586206898,True,131.75827586206898
23-02-2022 00:00,24-02-2022 00:00,13.52,1.12,2.15,25.53,117.96,67.01,Gujarat,Ahmedabad,"SVPI Airport Hansol, Ahmedabad - IITM",Gujarat.xlsx,Gujarat,2022-02-23,2022-02-24,Gujarat,Ahmedabad,"SVPI Airport Hansol, Ahmedabad - IITM",2022-02-01,6,True,False,"Gujarat|Ahmedabad|SVPI Airport Hansol, Ahmedabad - IITM|2022-02-23",13.52,52.08888888888889,2.6875,31.9125,112.26872483221476,121.51689655172416,True,121.51689655172416
24-02-2022 00:00,25-02-2022 00:00,15.66,1.26,2.17,35.66,216.35,110.14,Gujarat,Ahmedabad,"SVPI Airport Hansol, Ahmedabad - IITM",Gujarat.xlsx,Gujarat,2022-02-24,2022-02-25,Gujarat,Ahmedabad,"SVPI Airport Hansol, Ahmedabad - IITM",2022-02-01,6,True,False,"Gujarat|Ahmedabad|SVPI Airport Hansol, Ahmedabad - IITM|2022-02-24",15.66,59.71111111111111,2.7125,44.575,177.6419463087248,266.34000000000003,True,266.34000000000003
25-02-2022 00:00,26-02-2022 00:00,22.85,1.46,2.16,43.71,239.53,119.83,Gujarat,Ahmedabad,"SVPI Airport Hansol, Ahmedabad - IITM",Gujarat.xlsx,Gujarat,2022-02-25,2022-02-26,Gujarat,Ahmedabad,"SVPI Airport Hansol, Ahmedabad - IITM",2022-02-01,6,True,False,"Gujarat|Ahmedabad|SVPI Airport Hansol, Ahmedabad - IITM|2022-02-25",22.85,70.6,2.7,54.4048717948718,193.04342281879195,299.4196551724138,True,299.4196551724138
26-02-2022 00:00,27-02-2022 00:00,17.86,1.38,2.13,40.64,244.96,124.26,Gujarat,Ahmedabad,"SVPI Airport Hansol, Ahmedabad - IITM",Gujarat.xlsx,Gujarat,2022-02-26,2022-02-27,Gujarat,Ahmedabad,"SVPI Airport Hansol, Ahmedabad - IITM",2022-02-01,6,True,False,"Gujarat|Ahmedabad|SVPI Airport Hansol, Ahmedabad - IITM|2022-02-26",17.86,66.24444444444444,2.6625,51.0,196.65127516778523,303.5018604651163,True,303.5018604651163
27-02-2022 00:00,28-02-2022 00:00,25.23,0.82,2.15,29.93,168.34,90.38,Gujarat,Ahmedabad,"SVPI Airport Hansol, Ahmedabad - IITM",Gujarat.xlsx,Gujarat,2022-02-27,2022-02-28,Gujarat,Ahmedabad,"SVPI Airport Hansol, Ahmedabad - IITM",2022-02-01,6,True,False,"Gujarat|Ahmedabad|SVPI Airport Hansol, Ahmedabad - IITM|2022-02-27",25.23,41.0,2.6875,37.4125,145.7426845637584,201.0,True,201.0
28-02-2022 00:00,01-03-2022 00:00,29.45,0.82,2.16,25.97,137.16,75.1,Gujarat,Ahmedabad,"SVPI Airport Hansol, Ahmedabad - IITM",Gujarat.xlsx,Gujarat,2022-02-28,2022-03-01,Gujarat,Ahmedabad,"SVPI Airport Hansol, Ahmedabad - IITM",2022-02-01,6,True,False,"Gujarat|Ahmedabad|SVPI Airport Hansol, Ahmedabad - IITM|2022-02-28",29.45,41.0,2.7,32.4625,125.02577181208054,149.13448275862066,True,149.13448275862066
01-03-2022 00:00,02-03-2022 00:00,27.03,0.81,2.16,30.2,135.72,74.54,Gujarat,Ahmedabad,"SVPI Airport Hansol, Ahmedabad - IITM",Gujarat.xlsx,Gujarat,2022-03-01,2022-03-02,Gujarat,Ahmedabad,"SVPI Airport Hansol, Ahmedabad - IITM",2022-03-01,6,True,False,"Gujarat|Ahmedabad|SVPI Airport Hansol, Ahmedabad - IITM|2022-03-01",27.03,40.5,2.7,37.75,124.0689932885906,147.22275862068966,True,147.22275862068966
02-03-2022 00:00,03-03-2022 00:00,32.14,0.75,2.15,29.53,136.98,72.5,Gujarat,Ahmedabad,"SVPI Airport Hansol, Ahmedabad - IITM",Gujarat.xlsx,Gujarat,2022-03-02,2022-03-03,Gujarat,Ahmedabad,"SVPI Airport Hansol, Ahmedabad - IITM",2022-03-01,6,True,False,"Gujarat|Ahmedabad|SVPI Airport Hansol, Ahmedabad - IITM|2022-03-02",32.14,37.5,2.6875,36.9125,124.9061744966443,140.25862068965515,True,140.25862068965515
03-03-2022 00:00,04-03-2022 00:00,26.14,0.5,2.16,22.25,120.43,65.98,Gujarat,Ahmedabad,"SVPI Airport Hansol, Ahmedabad - IITM",Gujarat.xlsx,Gujarat,2022-03-03,2022-03-04,Gujarat,Ahmedabad,"SVPI Airport Hansol, Ahmedabad - IITM",2022-03-01,6,True,False,"Gujarat|Ahmedabad|SVPI Airport Hansol, Ahmedabad - IITM|2022-03-03",26.14,25.0,2.7,27.8125,113.9098657718121,118.00068965517242,True,118.00068965517242
04-03-2022 00:00,05-03-2022 00:00,30.55,0.5,2.17,24.65,107.64,58.81,Gujarat,Ahmedabad,"SVPI Airport Hansol, Ahmedabad - IITM",Gujarat.xlsx,Gujarat,2022-03-04,2022-03-05,Gujarat,Ahmedabad,"SVPI Airport Hansol, Ahmedabad - IITM",2022-03-01,6,True,False,"Gujarat|Ahmedabad|SVPI Airport Hansol, Ahmedabad - IITM|2022-03-04",30.55,25.0,2.7125,30.8125,105.41181208053692,97.9893103448276,True,105.41181208053692
05-03-2022 00:00,06-03-2022 00:00,31.3,0.89,2.14,33.03,149.18,76.27,Gujarat,Ahmedabad,"SVPI Airport Hansol, Ahmedabad - IITM",Gujarat.xlsx,Gujarat,2022-03-05,2022-03-06,Gujarat,Ahmedabad,"SVPI Airport Hansol, Ahmedabad - IITM",2022-03-01,6,True,False,"Gujarat|Ahmedabad|SVPI Airport Hansol, Ahmedabad - IITM|2022-03-05",31.3,44.5,2.6750000000000003,41.2875,133.01221476510068,153.12862068965515,True,153.12862068965515
06-03-2022 00:00,07-03-2022 00:00,27.92,1.23,2.16,41.84,208.64,103.47,Gujarat,Ahmedabad,"SVPI Airport Hansol, Ahmedabad - IITM",Gujarat.xlsx,Gujarat,2022-03-06,2022-03-07,Gujarat,Ahmedabad,"SVPI Airport Hansol, Ahmedabad - IITM",2022-03-01,6,True,False,"Gujarat|Ahmedabad|SVPI Airport Hansol, Ahmedabad - IITM|2022-03-06",27.92,58.077777777777776,2.7,52.05538461538462,172.51919463087248,243.57,True,243.57
07-03-2022 00:00,08-03-2022 00:00,26.4,0.88,2.17,33.6,196.96,103.63,Gujarat,Ahmedabad,"SVPI Airport Hansol, Ahmedabad - IITM",Gujarat.xlsx,Gujarat,2022-03-07,2022-03-08,Gujarat,Ahmedabad,"SVPI Airport Hansol, Ahmedabad - IITM",2022-03-01,6,True,False,"Gujarat|Ahmedabad|SVPI Airport Hansol, Ahmedabad - IITM|2022-03-07",26.4,44.0,2.7125,42.0,164.75865771812082,244.1162068965517,True,244.1162068965517
08-03-2022 00:00,09-03-2022 00:00,25.41,0.87,2.14,17.86,174.52,90.45,Gujarat,Ahmedabad,"SVPI Airport Hansol, Ahmedabad - IITM",Gujarat.xlsx,Gujarat,2022-03-08,2022-03-09,Gujarat,Ahmedabad,"SVPI Airport Hansol, Ahmedabad - IITM",2022-03-01,6,True,False,"Gujarat|Ahmedabad|SVPI Airport Hansol, Ahmedabad - IITM|2022-03-08",25.41,43.5,2.6750000000000003,22.325,149.8488590604027,201.0,True,201.0
09-03-2022 00:00,10-03-2022 00:00,19.19,1.14,2.15,10.64,182.62,95.45,Gujarat,Ahmedabad,"SVPI Airport Hansol, Ahmedabad - IITM",Gujarat.xlsx,Gujarat,2022-03-09,2022-03-10,Gujarat,Ahmedabad,"SVPI Airport Hansol, Ahmedabad - IITM",2022-03-01,6,True,False,"Gujarat|Ahmedabad|SVPI Airport Hansol, Ahmedabad - IITM|2022-03-09",19.19,53.17777777777777,2.6875,13.3,155.23073825503357,216.19137931034484,True,216.19137931034484
10-03-2022 00:00,11-03-2022 00:00,16.69,0.7,2.19,10.67,174.73,90.96,Gujarat,Ahmedabad,"SVPI Airport Hansol, Ahmedabad - IITM",Gujarat.xlsx,Gujarat,2022-03-10,2022-03-11,Gujarat,Ahmedabad,"SVPI Airport Hansol, Ahmedabad - IITM",2022-03-01,6,True,False,"Gujarat|Ahmedabad|SVPI Airport Hansol, Ahmedabad - IITM|2022-03-10",16.69,35.0,2.7375,13.3375,149.98838926174497,201.0,True,201.0
11-03-2022 00:00,12-03-2022 00:00,20.84,0.63,2.17,10.53,129.92,68.79,Gujarat,Ahmedabad,"SVPI Airport Hansol, Ahmedabad - IITM",Gujarat.xlsx,Gujarat,2022-03-11,2022-03-12,Gujarat,Ahmedabad,"SVPI Airport Hansol, Ahmedabad - IITM",2022-03-01,6,True,False,"Gujarat|Ahmedabad|SVPI Airport Hansol, Ahmedabad - IITM|2022-03-11",20.84,31.5,2.7125,13.1625,120.2153020134228,127.59344827586207,True,127.59344827586207
12-03-2022 00:00,13-03-2022 00:00,20.7,0.71,2.16,10.59,146.9,77.03,Gujarat,Ahmedabad,"SVPI Airport Hansol, Ahmedabad - IITM",Gujarat.xlsx,Gujarat,2022-03-12,2022-03-13,Gujarat,Ahmedabad,"SVPI Airport Hansol, Ahmedabad - IITM",2022-03-01,6,True,False,"Gujarat|Ahmedabad|SVPI Airport Hansol, Ahmedabad - IITM|2022-03-12",20.7,35.5,2.7,13.2375,131.49731543624162,155.72310344827588,True,155.72310344827588
13-03-2022 00:00,14-03-2022 00:00,20.48,0.82,2.12,10.67,196.08,98.2,Gujarat,Ahmedabad,"SVPI Airport Hansol, Ahmedabad - IITM",Gujarat.xlsx,Gujarat,2022-03-13,2022-03-14,Gujarat,Ahmedabad,"SVPI Airport Hansol, Ahmedabad - IITM",2022-03-01,6,True,False,"Gujarat|Ahmedabad|SVPI Airport Hansol, Ahmedabad - IITM|2022-03-13",20.48,41.0,2.6500000000000004,13.3375,164.17395973154362,225.5793103448276,True,225.5793103448276
14-03-2022 00:00,15-03-2022 00:00,18.47,0.86,2.13,10.76,220.61,111.96,Gujarat,Ahmedabad,"SVPI Airport Hansol, Ahmedabad - IITM",Gujarat.xlsx,Gujarat,2022-03-14,2022-03-15,Gujarat,Ahmedabad,"SVPI Airport Hansol, Ahmedabad - IITM",2022-03-01,6,True,False,"Gujarat|Ahmedabad|SVPI Airport Hansol, Ahmedabad - IITM|2022-03-14",18.47,43.0,2.6625,13.45,180.47241610738257,272.5531034482758,True,272.5531034482758
15-03-2022 00:00,16-03-2022 00:00,19.04,0.74,2.15,10.7,177.28,91.02,Gujarat,Ahmedabad,"SVPI Airport Hansol, Ahmedabad - IITM",Gujarat.xlsx,Gujarat,2022-03-15,2022-03-16,Gujarat,Ahmedabad,"SVPI Airport Hansol, Ahmedabad - IITM",2022-03-01,6,True,False,"Gujarat|Ahmedabad|SVPI Airport Hansol, Ahmedabad - IITM|2022-03-15",19.04,37.0,2.6875,13.375,151.6826845637584,201.06827586206896,True,201.06827586206896
16-03-2022 00:00,17-03-2022 00:00,21.45,0.48,2.14,10.69,167.3,85.54,Gujarat,Ahmedabad,"SVPI Airport Hansol, Ahmedabad - IITM",Gujarat.xlsx,Gujarat,2022-03-16,2022-03-17,Gujarat,Ahmedabad,"SVPI Airport Hansol, Ahmedabad - IITM",2022-03-01,6,True,False,"Gujarat|Ahmedabad|SVPI Airport Hansol, Ahmedabad - IITM|2022-03-16",21.45,24.0,2.6750000000000003,13.3625,145.051677852349,184.7744827586207,True,184.7744827586207
17-03-2022 00:00,18-03-2022 00:00,17.79,0.53,2.14,10.59,157.19,82.24,Gujarat,Ahmedabad,"SVPI Airport Hansol, Ahmedabad - IITM",Gujarat.xlsx,Gujarat,2022-03-17,2022-03-18,Gujarat,Ahmedabad,"SVPI Airport Hansol, Ahmedabad - IITM",2022-03-01,6,True,False,"Gujarat|Ahmedabad|SVPI Airport Hansol, Ahmedabad - IITM|2022-03-17",17.79,26.5,2.6750000000000003,13.2375,138.33429530201343,173.50896551724136,True,173.50896551724136
18-03-2022 00:00,19-03-2022 00:00,18.19,0.5,2.18,10.68,121.6,63.99,Gujarat,Ahmedabad,"SVPI Airport Hansol, Ahmedabad - IITM",Gujarat.xlsx,Gujarat,2022-03-18,2022-03-19,Gujarat,Ahmedabad,"SVPI Airport Hansol, Ahmedabad - IITM",2022-03-01,6,True,False,"Gujarat|Ahmedabad|SVPI Airport Hansol, Ahmedabad - IITM|2022-03-18",18.19,25.0,2.725,13.35,114.68724832214764,111.20724137931036,True,114.68724832214764
19-03-2022 00:00,20-03-2022 00:00,16.57,0.37,2.16,10.69,122.0,64.11,Gujarat,Ahmedabad,"SVPI Airport Hansol, Ahmedabad - IITM",Gujarat.xlsx,Gujarat,2022-03-19,2022-03-20,Gujarat,Ahmedabad,"SVPI Airport Hansol, Ahmedabad - IITM",2022-03-01,6,True,False,"Gujarat|Ahmedabad|SVPI Airport Hansol, Ahmedabad - IITM|2022-03-19",16.57,18.5,2.7,13.3625,114.95302013422818,111.61689655172414,True,114.95302013422818
20-03-2022 00:00,21-03-2022 00:00,11.41,0.36,2.16,10.63,209.47,106.48,Gujarat,Ahmedabad,"SVPI Airport Hansol, Ahmedabad - IITM",Gujarat.xlsx,Gujarat,2022-03-20,2022-03-21,Gujarat,Ahmedabad,"SVPI Airport Hansol, Ahmedabad - IITM",2022-03-01,6,True,False,"Gujarat|Ahmedabad|SVPI Airport Hansol, Ahmedabad - IITM|2022-03-20",11.41,18.0,2.7,13.2875,173.0706711409396,253.84551724137933,True,253.84551724137933
21-03-2022 00:00,22-03-2022 00:00,13.64,0.37,2.15,10.79,135.15,71.48,Gujarat,Ahmedabad,"SVPI Airport Hansol, Ahmedabad - IITM",Gujarat.xlsx,Gujarat,2022-03-21,2022-03-22,Gujarat,Ahmedabad,"SVPI Airport Hansol, Ahmedabad - IITM",2022-03-01,6,True,False,"Gujarat|Ahmedabad|SVPI Airport Hansol, Ahmedabad - IITM|2022-03-21",13.64,18.5,2.6875,13.4875,123.69026845637585,136.77655172413796,True,136.77655172413796
22-03-2022 00:00,23-03-2022 00:00,20.34,0.07,2.14,10.67,112.71,59.45,Gujarat,Ahmedabad,"SVPI Airport Hansol, Ahmedabad - IITM",Gujarat.xlsx,Gujarat,2022-03-22,2022-03-23,Gujarat,Ahmedabad,"SVPI Airport Hansol, Ahmedabad - IITM",2022-03-01,6,True,False,"Gujarat|Ahmedabad|SVPI Airport Hansol, Ahmedabad - IITM|2022-03-22",20.34,3.5000000000000004,2.6750000000000003,13.3375,108.78046979865772,99.07068965517244,True,108.78046979865772
23-03-2022 00:00,24-03-2022 00:00,17.35,0.35,2.15,10.51,172.77,86.01,Gujarat,Ahmedabad,"SVPI Airport Hansol, Ahmedabad - IITM",Gujarat.xlsx,Gujarat,2022-03-23,2022-03-24,Gujarat,Ahmedabad,"SVPI Airport Hansol, Ahmedabad - IITM",2022-03-01,6,True,False,"Gujarat|Ahmedabad|SVPI Airport Hansol, Ahmedabad - IITM|2022-03-23",17.35,17.5,2.6875,13.1375,148.68610738255035,186.3789655172414,True,186.3789655172414
24-03-2022 00:00,25-03-2022 00:00,18.43,0.34,2.14,10.49,127.52,65.25,Gujarat,Ahmedabad,"SVPI Airport Hansol, Ahmedabad - IITM",Gujarat.xlsx,Gujarat,2022-03-24,2022-03-25,Gujarat,Ahmedabad,"SVPI Airport Hansol, Ahmedabad - IITM",2022-03-01,6,True,False,"Gujarat|Ahmedabad|SVPI Airport Hansol, Ahmedabad - IITM|2022-03-24",18.43,17.0,2.6750000000000003,13.1125,118.6206711409396,115.50862068965516,True,118.6206711409396
25-03-2022 00:00,26-03-2022 00:00,11.57,0.43,2.15,10.59,181.19,95.66,Gujarat,Ahmedabad,"SVPI Airport Hansol, Ahmedabad - IITM",Gujarat.xlsx,Gujarat,2022-03-25,2022-03-26,Gujarat,Ahmedabad,"SVPI Airport Hansol, Ahmedabad - IITM",2022-03-01,6,True,False,"Gujarat|Ahmedabad|SVPI Airport Hansol, Ahmedabad - IITM|2022-03-25",11.57,21.5,2.6875,13.2375,154.28060402684565,216.90827586206896,True,216.90827586206896
26-03-2022 00:00,27-03-2022 00:00,16.52,0.34,2.16,10.63,170.69,88.53,Gujarat,Ahmedabad,"SVPI Airport Hansol, Ahmedabad - IITM",Gujarat.xlsx,Gujarat,2022-03-26,2022-03-27,Gujarat,Ahmedabad,"SVPI Airport Hansol, Ahmedabad - IITM",2022-03-01,6,True,False,"Gujarat|Ahmedabad|SVPI Airport Hansol, Ahmedabad - IITM|2022-03-26",16.52,17.0,2.7,13.2875,147.30409395973157,194.98172413793105,True,194.98172413793105
27-03-2022 00:00,28-03-2022 00:00,16.13,0.49,2.16,10.59,166.65,85.48,Gujarat,Ahmedabad,"SVPI Airport Hansol, Ahmedabad - IITM",Gujarat.xlsx,Gujarat,2022-03-27,2022-03-28,Gujarat,Ahmedabad,"SVPI Airport Hansol, Ahmedabad - IITM",2022-03-01,6,True,False,"Gujarat|Ahmedabad|SVPI Airport Hansol, Ahmedabad - IITM|2022-03-27",16.13,24.5,2.7,13.2375,144.61979865771812,184.5696551724138,True,184.5696551724138
28-03-2022 00:00,29-03-2022 00:00,13.84,0.47,2.15,10.7,162.95,85.07,Gujarat,Ahmedabad,"SVPI Airport Hansol, Ahmedabad - IITM",Gujarat.xlsx,Gujarat,2022-03-28,2022-03-29,Gujarat,Ahmedabad,"SVPI Airport Hansol, Ahmedabad - IITM",2022-03-01,6,True,False,"Gujarat|Ahmedabad|SVPI Airport Hansol, Ahmedabad - IITM|2022-03-28",13.84,23.5,2.6875,13.375,142.16140939597315,183.17,True,183.17
29-03-2022 00:00,30-03-2022 00:00,12.66,0.06,2.15,10.55,157.16,81.54,Gujarat,Ahmedabad,"SVPI Airport Hansol, Ahmedabad - IITM",Gujarat.xlsx,Gujarat,2022-03-29,2022-03-30,Gujarat,Ahmedabad,"SVPI Airport Hansol, Ahmedabad - IITM",2022-03-01,6,True,False,"Gujarat|Ahmedabad|SVPI Airport Hansol, Ahmedabad - IITM|2022-03-29",12.66,3.0,2.6875,13.1875,138.31436241610737,171.11931034482762,True,171.11931034482762
30-03-2022 00:00,31-03-2022 00:00,18.13,0.19,2.14,10.59,156.99,82.01,Gujarat,Ahmedabad,"SVPI Airport Hansol, Ahmedabad - IITM",Gujarat.xlsx,Gujarat,2022-03-30,2022-03-31,Gujarat,Ahmedabad,"SVPI Airport Hansol, Ahmedabad - IITM",2022-03-01,6,True,False,"Gujarat|Ahmedabad|SVPI Airport Hansol, Ahmedabad - IITM|2022-03-30",18.13,9.5,2.6750000000000003,13.2375,138.20140939597317,172.7237931034483,True,172.7237931034483
31-03-2022 00:00,01-04-2022 00:00,19.48,0.23,2.16,10.89,182.43,89.52,Gujarat,Ahmedabad,"SVPI Airport Hansol, Ahmedabad - IITM",Gujarat.xlsx,Gujarat,2022-03-31,2022-04-01,Gujarat,Ahmedabad,"SVPI Airport Hansol, Ahmedabad - IITM",2022-03-01,6,True,False,"Gujarat|Ahmedabad|SVPI Airport Hansol, Ahmedabad - IITM|2022-03-31",19.48,11.5,2.7,13.6125,155.1044966442953,198.36137931034483,True,198.36137931034483
01-04-2022 00:00,02-04-2022 00:00,22.72,0.47,2.15,10.85,247.21,118.23,Gujarat,Ahmedabad,"SVPI Airport Hansol, Ahmedabad - IITM",Gujarat.xlsx,Gujarat,2022-04-01,2022-04-02,Gujarat,Ahmedabad,"SVPI Airport Hansol, Ahmedabad - IITM",2022-04-01,6,True,False,"Gujarat|Ahmedabad|SVPI Airport Hansol, Ahmedabad - IITM|2022-04-01",22.72,23.5,2.6875,13.5625,198.1462416107383,293.95758620689656,True,293.95758620689656
02-04-2022 00:00,03-04-2022 00:00,22.58,0.45,2.14,10.88,225.64,113.39,Gujarat,Ahmedabad,"SVPI Airport Hansol, Ahmedabad - IITM",Gujarat.xlsx,Gujarat,2022-04-02,2022-04-03,Gujarat,Ahmedabad,"SVPI Airport Hansol, Ahmedabad - IITM",2022-04-01,6,True,False,"Gujarat|Ahmedabad|SVPI Airport Hansol, Ahmedabad - IITM|2022-04-02",22.58,22.5,2.6750000000000003,13.6,183.8144966442953,277.4348275862069,True,277.4348275862069
03-04-2022 00:00,04-04-2022 00:00,14.56,0.54,2.14,10.92,166.32,85.49,Gujarat,Ahmedabad,"SVPI Airport Hansol, Ahmedabad - IITM",Gujarat.xlsx,Gujarat,2022-04-03,2022-04-04,Gujarat,Ahmedabad,"SVPI Airport Hansol, Ahmedabad - IITM",2022-04-01,6,True,False,"Gujarat|Ahmedabad|SVPI Airport Hansol, Ahmedabad - IITM|2022-04-03",14.56,27.0,2.6750000000000003,13.65,144.40053691275168,184.60379310344825,True,184.60379310344825
04-04-2022 00:00,05-04-2022 00:00,17.41,0.38,2.17,10.84,173.32,85.71,Gujarat,Ahmedabad,"SVPI Airport Hansol, Ahmedabad - IITM",Gujarat.xlsx,Gujarat,2022-04-04,2022-04-05,Gujarat,Ahmedabad,"SVPI Airport Hansol, Ahmedabad - IITM",2022-04-01,6,True,False,"Gujarat|Ahmedabad|SVPI Airport Hansol, Ahmedabad - IITM|2022-04-04",17.41,19.0,2.7125,13.55,149.05154362416107,185.35482758620688,True,185.35482758620688
05-04-2022 00:00,06-04-2022 00:00,17.23,0.37,2.16,10.88,161.9,82.34,Gujarat,Ahmedabad,"SVPI Airport Hansol, Ahmedabad - IITM",Gujarat.xlsx,Gujarat,2022-04-05,2022-04-06,Gujarat,Ahmedabad,"SVPI Airport Hansol, Ahmedabad - IITM",2022-04-01,6,True,False,"Gujarat|Ahmedabad|SVPI Airport Hansol, Ahmedabad - IITM|2022-04-05",17.23,18.5,2.7,13.6,141.46375838926176,173.8503448275862,True,173.8503448275862
06-04-2022 00:00,07-04-2022 00:00,15.41,0.32,2.13,10.89,128.98,68.31,Gujarat,Ahmedabad,"SVPI Airport Hansol, Ahmedabad - IITM",Gujarat.xlsx,Gujarat,2022-04-06,2022-04-07,Gujarat,Ahmedabad,"SVPI Airport Hansol, Ahmedabad - IITM",2022-04-01,6,True,False,"Gujarat|Ahmedabad|SVPI Airport Hansol, Ahmedabad - IITM|2022-04-06",15.41,16.0,2.6625,13.6125,119.59073825503356,125.9548275862069,True,125.9548275862069
07-04-2022 00:00,08-04-2022 00:00,16.09,0.37,2.12,10.86,148.86,75.14,Gujarat,Ahmedabad,"SVPI Airport Hansol, Ahmedabad - IITM",Gujarat.xlsx,Gujarat,2022-04-07,2022-04-08,Gujarat,Ahmedabad,"SVPI Airport Hansol, Ahmedabad - IITM",2022-04-01,6,True,False,"Gujarat|Ahmedabad|SVPI Airport Hansol, Ahmedabad - IITM|2022-04-07",16.09,18.5,2.6500000000000004,13.575,132.79959731543624,149.27103448275864,True,149.27103448275864
08-04-2022 00:00,09-04-2022 00:00,16.22,1.0,2.15,11.04,171.23,84.87,Gujarat,Ahmedabad,"SVPI Airport Hansol, Ahmedabad - IITM",Gujarat.xlsx,Gujarat,2022-04-08,2022-04-09,Gujarat,Ahmedabad,"SVPI Airport Hansol, Ahmedabad - IITM",2022-04-01,6,True,False,"Gujarat|Ahmedabad|SVPI Airport Hansol, Ahmedabad - IITM|2022-04-08",16.22,50.0,2.6875,13.8,147.66288590604026,182.4872413793104,True,182.4872413793104
09-04-2022 00:00,10-04-2022 00:00,20.84,1.06,2.14,10.84,125.94,66.44,Gujarat,Ahmedabad,"SVPI Airport Hansol, Ahmedabad - IITM",Gujarat.xlsx,Gujarat,2022-04-09,2022-04-10,Gujarat,Ahmedabad,"SVPI Airport Hansol, Ahmedabad - IITM",2022-04-01,6,True,False,"Gujarat|Ahmedabad|SVPI Airport Hansol, Ahmedabad - IITM|2022-04-09",20.84,51.0,2.6750000000000003,13.55,117.57087248322148,119.57103448275862,True,119.57103448275862
10-04-2022 00:00,11-04-2022 00:00,24.21,1.47,2.16,11.06,117.83,61.62,Gujarat,Ahmedabad,"SVPI Airport Hansol, Ahmedabad - IITM",Gujarat.xlsx,Gujarat,2022-04-10,2022-04-11,Gujarat,Ahmedabad,"SVPI Airport Hansol, Ahmedabad - IITM",2022-04-01,6,True,False,"Gujarat|Ahmedabad|SVPI Airport Hansol, Ahmedabad - IITM|2022-04-10",24.21,71.14444444444445,2.7,13.825,112.18234899328858,103.11655172413792,True,112.18234899328858
11-04-2022 00:00,12-04-2022 00:00,13.7,2.26,2.16,15.78,126.14,68.98,Gujarat,Ahmedabad,"SVPI Airport Hansol, Ahmedabad - IITM",Gujarat.xlsx,Gujarat,2022-04-11,2022-04-12,Gujarat,Ahmedabad,"SVPI Airport Hansol, Ahmedabad - IITM",2022-04-01,6,True,False,"Gujarat|Ahmedabad|SVPI Airport Hansol, Ahmedabad - IITM|2022-04-11",13.7,103.00506329113924,2.7,19.725,117.70375838926176,128.24206896551726,True,128.24206896551726
12-04-2022 00:00,13-04-2022 00:00,24.38,2.7,2.15,16.0,133.63,70.26,Gujarat,Ahmedabad,"SVPI Airport Hansol, Ahmedabad - IITM",Gujarat.xlsx,Gujarat,2022-04-12,2022-04-13,Gujarat,Ahmedabad,"SVPI Airport Hansol, Ahmedabad - IITM",2022-04-01,6,True,False,"Gujarat|Ahmedabad|SVPI Airport Hansol, Ahmedabad - IITM|2022-04-12",24.38,108.51898734177216,2.6875,20.0,122.6803355704698,132.61172413793105,True,132.61172413793105
13-04-2022 00:00,14-04-2022 00:00,11.57,3.95,2.14,23.64,176.78,88.42,Gujarat,Ahmedabad,"SVPI Airport Hansol, Ahmedabad - IITM",Gujarat.xlsx,Gujarat,2022-04-13,2022-04-14,Gujarat,Ahmedabad,"SVPI Airport Hansol, Ahmedabad - IITM",2022-04-01,6,True,False,"Gujarat|Ahmedabad|SVPI Airport Hansol, Ahmedabad - IITM|2022-04-13",11.57,124.18354430379748,2.6750000000000003,29.55,151.3504697986577,194.60620689655173,True,194.60620689655173
14-04-2022 00:00,15-04-2022 00:00,14.79,3.4,2.15,11.71,132.81,67.79,Gujarat,Ahmedabad,"SVPI Airport Hansol, Ahmedabad - IITM",Gujarat.xlsx,Gujarat,2022-04-14,2022-04-15,Gujarat,Ahmedabad,"SVPI Airport Hansol, Ahmedabad - IITM",2022-04-01,6,True,False,"Gujarat|Ahmedabad|SVPI Airport Hansol, Ahmedabad - IITM|2022-04-14",14.79,117.29113924050633,2.6875,14.6375,122.1355033557047,124.17965517241382,True,124.17965517241382
15-04-2022 00:00,16-04-2022 00:00,14.44,3.29,2.15,23.58,144.0,76.91,Gujarat,Ahmedabad,"SVPI Airport Hansol, Ahmedabad - IITM",Gujarat.xlsx,Gujarat,2022-04-15,2022-04-16,Gujarat,Ahmedabad,"SVPI Airport Hansol, Ahmedabad - IITM",2022-04-01,6,True,False,"Gujarat|Ahmedabad|SVPI Airport Hansol, Ahmedabad - IITM|2022-04-15",14.44,115.9126582278481,2.6875,29.475,129.5704697986577,155.31344827586207,True,155.31344827586207
16-04-2022 00:00,17-04-2022 00:00,13.56,0.05,2.15,,123.46,65.9,Gujarat,Ahmedabad,"SVPI Airport Hansol, Ahmedabad - IITM",Gujarat.xlsx,Gujarat,2022-04-16,2022-04-17,Gujarat,Ahmedabad,"SVPI Airport Hansol, Ahmedabad - IITM",2022-04-01,5,True,False,"Gujarat|Ahmedabad|SVPI Airport Hansol, Ahmedabad - IITM|2022-04-16",13.56,2.5,2.6875,,115.92308724832216,117.72758620689658,True,117.72758620689658
17-04-2022 00:00,18-04-2022 00:00,12.91,0.01,2.14,,111.86,60.38,Gujarat,Ahmedabad,"SVPI Airport Hansol, Ahmedabad - IITM",Gujarat.xlsx,Gujarat,2022-04-17,2022-04-18,Gujarat,Ahmedabad,"SVPI Airport Hansol, Ahmedabad - IITM",2022-04-01,5,True,False,"Gujarat|Ahmedabad|SVPI Airport Hansol, Ahmedabad - IITM|2022-04-17",12.91,0.5,2.6750000000000003,,108.21570469798658,101.0,True,108.21570469798658
18-04-2022 00:00,19-04-2022 00:00,12.04,0.0,2.14,41.51,101.93,53.18,Gujarat,Ahmedabad,"SVPI Airport Hansol, Ahmedabad - IITM",Gujarat.xlsx,Gujarat,2022-04-18,2022-04-19,Gujarat,Ahmedabad,"SVPI Airport Hansol, Ahmedabad - IITM",2022-04-01,6,True,False,"Gujarat|Ahmedabad|SVPI Airport Hansol, Ahmedabad - IITM|2022-04-18",12.04,0.0,2.6750000000000003,51.64076923076923,101.61791946308723,88.47655172413793,True,101.61791946308723
19-04-2022 00:00,20-04-2022 00:00,10.08,0.57,2.14,41.51,94.53,53.85,Gujarat,Ahmedabad,"SVPI Airport Hansol, Ahmedabad - IITM",Gujarat.xlsx,Gujarat,2022-04-19,2022-04-20,Gujarat,Ahmedabad,"SVPI Airport Hansol, Ahmedabad - IITM",2022-04-01,6,True,False,"Gujarat|Ahmedabad|SVPI Airport Hansol, Ahmedabad - IITM|2022-04-19",10.08,28.5,2.6750000000000003,51.64076923076923,94.53,89.60862068965517,True,94.53
20-04-2022 00:00,21-04-2022 00:00,11.79,1.07,2.14,,128.38,68.88,Gujarat,Ahmedabad,"SVPI Airport Hansol, Ahmedabad - IITM",Gujarat.xlsx,Gujarat,2022-04-20,2022-04-21,Gujarat,Ahmedabad,"SVPI Airport Hansol, Ahmedabad - IITM",2022-04-01,5,True,False,"Gujarat|Ahmedabad|SVPI Airport Hansol, Ahmedabad - IITM|2022-04-20",11.79,51.0,2.6750000000000003,,119.19208053691275,127.9006896551724,True,127.9006896551724
21-04-2022 00:00,22-04-2022 00:00,15.92,1.08,2.16,,149.69,78.32,Gujarat,Ahmedabad,"SVPI Airport Hansol, Ahmedabad - IITM",Gujarat.xlsx,Gujarat,2022-04-21,2022-04-22,Gujarat,Ahmedabad,"SVPI Airport Hansol, Ahmedabad - IITM",2022-04-01,5,True,False,"Gujarat|Ahmedabad|SVPI Airport Hansol, Ahmedabad - IITM|2022-04-21",15.92,51.0,2.7,,133.35107382550336,160.12689655172412,True,160.12689655172412
22-04-2022 00:00,23-04-2022 00:00,10.07,1.08,2.16,,131.16,70.84,Gujarat,Ahmedabad,"SVPI Airport Hansol, Ahmedabad - IITM",Gujarat.xlsx,Gujarat,2022-04-22,2022-04-23,Gujarat,Ahmedabad,"SVPI Airport Hansol, Ahmedabad - IITM",2022-04-01,5,True,False,"Gujarat|Ahmedabad|SVPI Airport Hansol, Ahmedabad - IITM|2022-04-22",10.07,51.0,2.7,,121.03919463087249,134.59172413793104,True,134.59172413793104
23-04-2022 00:00,24-04-2022 00:00,14.51,1.08,2.16,,156.47,80.99,Gujarat,Ahmedabad,"SVPI Airport Hansol, Ahmedabad - IITM",Gujarat.xlsx,Gujarat,2022-04-23,2022-04-24,Gujarat,Ahmedabad,"SVPI Airport Hansol, Ahmedabad - IITM",2022-04-01,5,True,False,"Gujarat|Ahmedabad|SVPI Airport Hansol, Ahmedabad - IITM|2022-04-23",14.51,51.0,2.7,,137.85590604026845,169.24172413793102,True,169.24172413793102
24-04-2022 00:00,25-04-2022 00:00,14.15,1.07,2.14,,112.74,61.98,Gujarat,Ahmedabad,"SVPI Airport Hansol, Ahmedabad - IITM",Gujarat.xlsx,Gujarat,2022-04-24,2022-04-25,Gujarat,Ahmedabad,"SVPI Airport Hansol, Ahmedabad - IITM",2022-04-01,5,True,False,"Gujarat|Ahmedabad|SVPI Airport Hansol, Ahmedabad - IITM|2022-04-24",14.15,51.0,2.6750000000000003,,108.80040268456376,104.3455172413793,True,108.80040268456376
25-04-2022 00:00,26-04-2022 00:00,13.92,0.99,2.17,10.46,90.5,50.19,Gujarat,Ahmedabad,"SVPI Airport Hansol, Ahmedabad - IITM",Gujarat.xlsx,Gujarat,2022-04-25,2022-04-26,Gujarat,Ahmedabad,"SVPI Airport Hansol, Ahmedabad - IITM",2022-04-01,6,True,False,"Gujarat|Ahmedabad|SVPI Airport Hansol, Ahmedabad - IITM|2022-04-25",13.92,49.5,2.7125,13.075,90.5,83.42448275862068,True,90.5
26-04-2022 00:00,27-04-2022 00:00,13.62,1.07,2.16,10.58,147.06,74.09,Gujarat,Ahmedabad,"SVPI Airport Hansol, Ahmedabad - IITM",Gujarat.xlsx,Gujarat,2022-04-26,2022-04-27,Gujarat,Ahmedabad,"SVPI Airport Hansol, Ahmedabad - IITM",2022-04-01,6,True,False,"Gujarat|Ahmedabad|SVPI Airport Hansol, Ahmedabad - IITM|2022-04-26",13.62,51.0,2.7,13.225,131.60362416107384,145.68655172413793,True,145.68655172413793
27-04-2022 00:00,28-04-2022 00:00,15.35,1.25,2.13,10.63,119.59,64.65,Gujarat,Ahmedabad,"SVPI Airport Hansol, Ahmedabad - IITM",Gujarat.xlsx,Gujarat,2022-04-27,2022-04-28,Gujarat,Ahmedabad,"SVPI Airport Hansol, Ahmedabad - IITM",2022-04-01,6,True,False,"Gujarat|Ahmedabad|SVPI Airport Hansol, Ahmedabad - IITM|2022-04-27",15.35,59.16666666666666,2.6625,13.2875,113.35174496644296,113.46034482758624,True,113.46034482758624
28-04-2022 00:00,29-04-2022 00:00,13.48,1.05,2.14,10.65,128.03,69.64,Gujarat,Ahmedabad,"SVPI Airport Hansol, Ahmedabad - IITM",Gujarat.xlsx,Gujarat,2022-04-28,2022-04-29,Gujarat,Ahmedabad,"SVPI Airport Hansol, Ahmedabad - IITM",2022-04-01,6,True,False,"Gujarat|Ahmedabad|SVPI Airport Hansol, Ahmedabad - IITM|2022-04-28",13.48,51.0,2.6750000000000003,13.3125,118.95953020134228,130.4951724137931,True,130.4951724137931
29-04-2022 00:00,30-04-2022 00:00,17.17,0.86,2.17,10.49,105.68,56.75,Gujarat,Ahmedabad,"SVPI Airport Hansol, Ahmedabad - IITM",Gujarat.xlsx,Gujarat,2022-04-29,2022-04-30,Gujarat,Ahmedabad,"SVPI Airport Hansol, Ahmedabad - IITM",2022-04-01,6,True,False,"Gujarat|Ahmedabad|SVPI Airport Hansol, Ahmedabad - IITM|2022-04-29",17.17,43.0,2.7125,13.1125,104.10953020134228,94.50862068965516,True,104.10953020134228
30-04-2022 00:00,01-05-2022 00:00,13.3,1.06,2.15,10.42,112.28,60.02,Gujarat,Ahmedabad,"SVPI Airport Hansol, Ahmedabad - IITM",Gujarat.xlsx,Gujarat,2022-04-30,2022-05-01,Gujarat,Ahmedabad,"SVPI Airport Hansol, Ahmedabad - IITM",2022-04-01,6,True,False,"Gujarat|Ahmedabad|SVPI Airport Hansol, Ahmedabad - IITM|2022-04-30",13.3,51.0,2.6875,13.025,108.49476510067116,101.0,True,108.49476510067116
01-05-2022 00:00,02-05-2022 00:00,11.27,1.14,2.15,10.54,97.26,53.88,Gujarat,Ahmedabad,"SVPI Airport Hansol, Ahmedabad - IITM",Gujarat.xlsx,Gujarat,2022-05-01,2022-05-02,Gujarat,Ahmedabad,"SVPI Airport Hansol, Ahmedabad - IITM",2022-05-01,6,True,False,"Gujarat|Ahmedabad|SVPI Airport Hansol, Ahmedabad - IITM|2022-05-01",11.27,53.17777777777777,2.6875,13.175,97.26,89.65931034482759,True,97.26
02-05-2022 00:00,03-05-2022 00:00,8.69,1.17,2.15,10.73,109.45,60.57,Gujarat,Ahmedabad,"SVPI Airport Hansol, Ahmedabad - IITM",Gujarat.xlsx,Gujarat,2022-05-02,2022-05-03,Gujarat,Ahmedabad,"SVPI Airport Hansol, Ahmedabad - IITM",2022-05-01,6,True,False,"Gujarat|Ahmedabad|SVPI Airport Hansol, Ahmedabad - IITM|2022-05-02",8.69,54.8111111111111,2.6875,13.4125,106.61442953020136,101.0,True,106.61442953020136
03-05-2022 00:00,04-05-2022 00:00,11.71,1.09,2.16,10.53,121.74,66.83,Gujarat,Ahmedabad,"SVPI Airport Hansol, Ahmedabad - IITM",Gujarat.xlsx,Gujarat,2022-05-03,2022-05-04,Gujarat,Ahmedabad,"SVPI Airport Hansol, Ahmedabad - IITM",2022-05-01,6,True,False,"Gujarat|Ahmedabad|SVPI Airport Hansol, Ahmedabad - IITM|2022-05-03",11.71,51.0,2.7,13.1625,114.78026845637584,120.90241379310343,True,120.90241379310343
04-05-2022 00:00,05-05-2022 00:00,13.79,1.1,2.16,10.54,125.69,68.77,Gujarat,Ahmedabad,"SVPI Airport Hansol, Ahmedabad - IITM",Gujarat.xlsx,Gujarat,2022-05-04,2022-05-05,Gujarat,Ahmedabad,"SVPI Airport Hansol, Ahmedabad - IITM",2022-05-01,6,True,False,"Gujarat|Ahmedabad|SVPI Airport Hansol, Ahmedabad - IITM|2022-05-04",13.79,51.0,2.7,13.175,117.40476510067114,127.52517241379309,True,127.52517241379309
05-05-2022 00:00,06-05-2022 00:00,8.83,1.23,2.16,10.56,128.39,70.86,Gujarat,Ahmedabad,"SVPI Airport Hansol, Ahmedabad - IITM",Gujarat.xlsx,Gujarat,2022-05-05,2022-05-06,Gujarat,Ahmedabad,"SVPI Airport Hansol, Ahmedabad - IITM",2022-05-01,6,True,False,"Gujarat|Ahmedabad|SVPI Airport Hansol, Ahmedabad - IITM|2022-05-05",8.83,58.077777777777776,2.7,13.2,119.19872483221477,134.66,True,134.66
06-05-2022 00:00,07-05-2022 00:00,10.72,1.08,2.15,10.55,152.46,81.96,Gujarat,Ahmedabad,"SVPI Airport Hansol, Ahmedabad - IITM",Gujarat.xlsx,Gujarat,2022-05-06,2022-05-07,Gujarat,Ahmedabad,"SVPI Airport Hansol, Ahmedabad - IITM",2022-05-01,6,True,False,"Gujarat|Ahmedabad|SVPI Airport Hansol, Ahmedabad - IITM|2022-05-06",10.72,51.0,2.6875,13.1875,135.19154362416108,172.55310344827583,True,172.55310344827583
07-05-2022 00:00,08-05-2022 00:00,11.78,1.19,2.15,10.43,195.33,100.78,Gujarat,Ahmedabad,"SVPI Airport Hansol, Ahmedabad - IITM",Gujarat.xlsx,Gujarat,2022-05-07,2022-05-08,Gujarat,Ahmedabad,"SVPI Airport Hansol, Ahmedabad - IITM",2022-05-01,6,True,False,"Gujarat|Ahmedabad|SVPI Airport Hansol, Ahmedabad - IITM|2022-05-07",11.78,55.89999999999999,2.6875,13.0375,163.67563758389264,234.3868965517241,True,234.3868965517241
08-05-2022 00:00,09-05-2022 00:00,11.66,1.01,2.14,10.7,126.24,69.31,Gujarat,Ahmedabad,"SVPI Airport Hansol, Ahmedabad - IITM",Gujarat.xlsx,Gujarat,2022-05-08,2022-05-09,Gujarat,Ahmedabad,"SVPI Airport Hansol, Ahmedabad - IITM",2022-05-01,6,True,False,"Gujarat|Ahmedabad|SVPI Airport Hansol, Ahmedabad - IITM|2022-05-08",11.66,51.0,2.6750000000000003,13.375,117.77020134228188,129.3686206896552,True,129.3686206896552
09-05-2022 00:00,10-05-2022 00:00,15.06,0.96,2.15,10.62,111.11,62.32,Gujarat,Ahmedabad,"SVPI Airport Hansol, Ahmedabad - IITM",Gujarat.xlsx,Gujarat,2022-05-09,2022-05-10,Gujarat,Ahmedabad,"SVPI Airport Hansol, Ahmedabad - IITM",2022-05-01,6,True,False,"Gujarat|Ahmedabad|SVPI Airport Hansol, Ahmedabad - IITM|2022-05-09",15.06,48.0,2.6875,13.275,107.71738255033556,105.50620689655172,True,107.71738255033556
10-05-2022 00:00,11-05-2022 00:00,18.64,0.74,2.14,10.53,125.77,66.8,Gujarat,Ahmedabad,"SVPI Airport Hansol, Ahmedabad - IITM",Gujarat.xlsx,Gujarat,2022-05-10,2022-05-11,Gujarat,Ahmedabad,"SVPI Airport Hansol, Ahmedabad - IITM",2022-05-01,6,True,False,"Gujarat|Ahmedabad|SVPI Airport Hansol, Ahmedabad - IITM|2022-05-10",18.64,37.0,2.6750000000000003,13.1625,117.45791946308724,120.79999999999998,True,120.79999999999998
11-05-2022 00:00,12-05-2022 00:00,18.16,0.89,2.15,10.75,132.49,71.52,Gujarat,Ahmedabad,"SVPI Airport Hansol, Ahmedabad - IITM",Gujarat.xlsx,Gujarat,2022-05-11,2022-05-12,Gujarat,Ahmedabad,"SVPI Airport Hansol, Ahmedabad - IITM",2022-05-01,6,True,False,"Gujarat|Ahmedabad|SVPI Airport Hansol, Ahmedabad - IITM|2022-05-11",18.16,44.5,2.6875,13.4375,121.92288590604028,136.91310344827585,True,136.91310344827585
12-05-2022 00:00,13-05-2022 00:00,13.49,0.93,2.15,10.64,130.58,71.53,Gujarat,Ahmedabad,"SVPI Airport Hansol, Ahmedabad - IITM",Gujarat.xlsx,Gujarat,2022-05-12,2022-05-13,Gujarat,Ahmedabad,"SVPI Airport Hansol, Ahmedabad - IITM",2022-05-01,6,True,False,"Gujarat|Ahmedabad|SVPI Airport Hansol, Ahmedabad - IITM|2022-05-12",13.49,46.5,2.6875,13.3,120.65382550335572,136.94724137931036,True,136.94724137931036
13-05-2022 00:00,14-05-2022 00:00,13.84,0.81,2.13,10.66,147.23,77.96,Gujarat,Ahmedabad,"SVPI Airport Hansol, Ahmedabad - IITM",Gujarat.xlsx,Gujarat,2022-05-13,2022-05-14,Gujarat,Ahmedabad,"SVPI Airport Hansol, Ahmedabad - IITM",2022-05-01,6,True,False,"Gujarat|Ahmedabad|SVPI Airport Hansol, Ahmedabad - IITM|2022-05-13",13.84,40.5,2.6625,13.325,131.71657718120804,158.89793103448272,True,158.89793103448272
14-05-2022 00:00,15-05-2022 00:00,9.67,0.93,2.15,10.66,140.89,77.94,Gujarat,Ahmedabad,"SVPI Airport Hansol, Ahmedabad - IITM",Gujarat.xlsx,Gujarat,2022-05-14,2022-05-15,Gujarat,Ahmedabad,"SVPI Airport Hansol, Ahmedabad - IITM",2022-05-01,6,True,False,"Gujarat|Ahmedabad|SVPI Airport Hansol, Ahmedabad - IITM|2022-05-14",9.67,46.5,2.6875,13.325,127.50409395973152,158.8296551724138,True,158.8296551724138
15-05-2022 00:00,16-05-2022 00:00,9.81,0.89,2.15,10.77,119.75,67.01,Gujarat,Ahmedabad,"SVPI Airport Hansol, Ahmedabad - IITM",Gujarat.xlsx,Gujarat,2022-05-15,2022-05-16,Gujarat,Ahmedabad,"SVPI Airport Hansol, Ahmedabad - IITM",2022-05-01,6,True,False,"Gujarat|Ahmedabad|SVPI Airport Hansol, Ahmedabad - IITM|2022-05-15",9.81,44.5,2.6875,13.4625,113.45805369127515,121.51689655172416,True,121.51689655172416
16-05-2022 00:00,17-05-2022 00:00,10.87,0.8,2.16,10.7,158.34,84.79,Gujarat,Ahmedabad,"SVPI Airport Hansol, Ahmedabad - IITM",Gujarat.xlsx,Gujarat,2022-05-16,2022-05-17,Gujarat,Ahmedabad,"SVPI Airport Hansol, Ahmedabad - IITM",2022-05-01,6,True,False,"Gujarat|Ahmedabad|SVPI Airport Hansol, Ahmedabad - IITM|2022-05-16",10.87,40.0,2.7,13.375,139.09838926174496,182.2141379310345,True,182.2141379310345
17-05-2022 00:00,18-05-2022 00:00,13.97,0.83,2.14,10.54,221.34,115.23,Gujarat,Ahmedabad,"SVPI Airport Hansol, Ahmedabad - IITM",Gujarat.xlsx,Gujarat,2022-05-17,2022-05-18,Gujarat,Ahmedabad,"SVPI Airport Hansol, Ahmedabad - IITM",2022-05-01,6,True,False,"Gujarat|Ahmedabad|SVPI Airport Hansol, Ahmedabad - IITM|2022-05-17",13.97,41.5,2.6750000000000003,13.175,180.95744966442956,283.71620689655174,True,283.71620689655174
18-05-2022 00:00,19-05-2022 00:00,15.18,0.89,2.16,10.57,224.99,117.6,Gujarat,Ahmedabad,"SVPI Airport Hansol, Ahmedabad - IITM",Gujarat.xlsx,Gujarat,2022-05-18,2022-05-19,Gujarat,Ahmedabad,"SVPI Airport Hansol, Ahmedabad - IITM",2022-05-01,6,True,False,"Gujarat|Ahmedabad|SVPI Airport Hansol, Ahmedabad - IITM|2022-05-18",15.18,44.5,2.7,13.2125,183.38261744966445,291.8068965517241,True,291.8068965517241
19-05-2022 00:00,20-05-2022 00:00,10.71,0.86,2.18,10.77,179.44,95.68,Gujarat,Ahmedabad,"SVPI Airport Hansol, Ahmedabad - IITM",Gujarat.xlsx,Gujarat,2022-05-19,2022-05-20,Gujarat,Ahmedabad,"SVPI Airport Hansol, Ahmedabad - IITM",2022-05-01,6,True,False,"Gujarat|Ahmedabad|SVPI Airport Hansol, Ahmedabad - IITM|2022-05-19",10.71,43.0,2.725,13.4625,153.1178523489933,216.97655172413795,True,216.97655172413795
20-05-2022 00:00,21-05-2022 00:00,11.95,0.8,2.15,10.69,182.27,95.14,Gujarat,Ahmedabad,"SVPI Airport Hansol, Ahmedabad - IITM",Gujarat.xlsx,Gujarat,2022-05-20,2022-05-21,Gujarat,Ahmedabad,"SVPI Airport Hansol, Ahmedabad - IITM",2022-05-01,6,True,False,"Gujarat|Ahmedabad|SVPI Airport Hansol, Ahmedabad - IITM|2022-05-20",11.95,40.0,2.6875,13.3625,154.9981879194631,215.13310344827588,True,215.13310344827588
21-05-2022 00:00,22-05-2022 00:00,10.25,0.74,2.13,10.7,162.39,83.27,Gujarat,Ahmedabad,"SVPI Airport Hansol, Ahmedabad - IITM",Gujarat.xlsx,Gujarat,2022-05-21,2022-05-22,Gujarat,Ahmedabad,"SVPI Airport Hansol, Ahmedabad - IITM",2022-05-01,6,True,False,"Gujarat|Ahmedabad|SVPI Airport Hansol, Ahmedabad - IITM|2022-05-21",10.25,37.0,2.6625,13.375,141.7893288590604,177.0251724137931,True,177.0251724137931
22-05-2022 00:00,23-05-2022 00:00,8.55,0.84,2.15,,114.06,63.77,Gujarat,Ahmedabad,"SVPI Airport Hansol, Ahmedabad - IITM",Gujarat.xlsx,Gujarat,2022-05-22,2022-05-23,Gujarat,Ahmedabad,"SVPI Airport Hansol, Ahmedabad - IITM",2022-05-01,5,True,False,"Gujarat|Ahmedabad|SVPI Airport Hansol, Ahmedabad - IITM|2022-05-22",8.55,42.0,2.6875,,109.67744966442952,110.45620689655172,True,110.45620689655172
23-05-2022 00:00,24-05-2022 00:00,8.67,0.83,2.15,,112.84,62.96,Gujarat,Ahmedabad,"SVPI Airport Hansol, Ahmedabad - IITM",Gujarat.xlsx,Gujarat,2022-05-23,2022-05-24,Gujarat,Ahmedabad,"SVPI Airport Hansol, Ahmedabad - IITM",2022-05-01,5,True,False,"Gujarat|Ahmedabad|SVPI Airport Hansol, Ahmedabad - IITM|2022-05-23",8.67,41.5,2.6875,,108.86684563758388,107.69103448275862,True,108.86684563758388
24-05-2022 00:00,25-05-2022 00:00,9.9,0.83,2.15,,126.68,72.42,Gujarat,Ahmedabad,"SVPI Airport Hansol, Ahmedabad - IITM",Gujarat.xlsx,Gujarat,2022-05-24,2022-05-25,Gujarat,Ahmedabad,"SVPI Airport Hansol, Ahmedabad - IITM",2022-05-01,5,True,False,"Gujarat|Ahmedabad|SVPI Airport Hansol, Ahmedabad - IITM|2022-05-24",9.9,41.5,2.6875,,118.06255033557048,139.9855172413793,True,139.9855172413793
25-05-2022 00:00,26-05-2022 00:00,11.41,0.84,2.16,20.34,113.81,65.44,Gujarat,Ahmedabad,"SVPI Airport Hansol, Ahmedabad - IITM",Gujarat.xlsx,Gujarat,2022-05-25,2022-05-26,Gujarat,Ahmedabad,"SVPI Airport Hansol, Ahmedabad - IITM",2022-05-01,6,True,False,"Gujarat|Ahmedabad|SVPI Airport Hansol, Ahmedabad - IITM|2022-05-25",11.41,42.0,2.7,25.425,109.5113422818792,116.15724137931034,True,116.15724137931034
26-05-2022 00:00,27-05-2022 00:00,9.31,0.8,2.15,18.67,99.92,57.3,Gujarat,Ahmedabad,"SVPI Airport Hansol, Ahmedabad - IITM",Gujarat.xlsx,Gujarat,2022-05-26,2022-05-27,Gujarat,Ahmedabad,"SVPI Airport Hansol, Ahmedabad - IITM",2022-05-01,6,True,False,"Gujarat|Ahmedabad|SVPI Airport Hansol, Ahmedabad - IITM|2022-05-26",9.31,40.0,2.6875,23.3375,99.92,95.43793103448274,True,99.92
27-05-2022 00:00,28-05-2022 00:00,9.01,0.84,2.13,15.77,82.04,46.23,Gujarat,Ahmedabad,"SVPI Airport Hansol, Ahmedabad - IITM",Gujarat.xlsx,Gujarat,2022-05-27,2022-05-28,Gujarat,Ahmedabad,"SVPI Airport Hansol, Ahmedabad - IITM",2022-05-01,6,True,False,"Gujarat|Ahmedabad|SVPI Airport Hansol, Ahmedabad - IITM|2022-05-27",9.01,42.0,2.6625,19.7125,82.04,76.73344827586206,True,82.04
28-05-2022 00:00,29-05-2022 00:00,9.87,0.81,2.13,10.72,79.73,44.21,Gujarat,Ahmedabad,"SVPI Airport Hansol, Ahmedabad - IITM",Gujarat.xlsx,Gujarat,2022-05-28,2022-05-29,Gujarat,Ahmedabad,"SVPI Airport Hansol, Ahmedabad - IITM",2022-05-01,6,True,False,"Gujarat|Ahmedabad|SVPI Airport Hansol, Ahmedabad - IITM|2022-05-28",9.87,40.5,2.6625,13.4,79.73,73.32034482758621,True,79.73
29-05-2022 00:00,30-05-2022 00:00,9.23,0.82,2.14,10.93,95.2,55.05,Gujarat,Ahmedabad,"SVPI Airport Hansol, Ahmedabad - IITM",Gujarat.xlsx,Gujarat,2022-05-29,2022-05-30,Gujarat,Ahmedabad,"SVPI Airport Hansol, Ahmedabad - IITM",2022-05-01,6,True,False,"Gujarat|Ahmedabad|SVPI Airport Hansol, Ahmedabad - IITM|2022-05-29",9.23,41.0,2.6750000000000003,13.6625,95.2,91.63620689655173,True,95.2
30-05-2022 00:00,31-05-2022 00:00,10.8,0.87,2.16,10.75,95.18,55.82,Gujarat,Ahmedabad,"SVPI Airport Hansol, Ahmedabad - IITM",Gujarat.xlsx,Gujarat,2022-05-30,2022-05-31,Gujarat,Ahmedabad,"SVPI Airport Hansol, Ahmedabad - IITM",2022-05-01,6,True,False,"Gujarat|Ahmedabad|SVPI Airport Hansol, Ahmedabad - IITM|2022-05-30",10.8,43.5,2.7,13.4375,95.18,92.93724137931034,True,95.18
31-05-2022 00:00,01-06-2022 00:00,10.27,0.87,2.15,10.76,92.82,54.55,Gujarat,Ahmedabad,"SVPI Airport Hansol, Ahmedabad - IITM",Gujarat.xlsx,Gujarat,2022-05-31,2022-06-01,Gujarat,Ahmedabad,"SVPI Airport Hansol, Ahmedabad - IITM",2022-05-01,6,True,False,"Gujarat|Ahmedabad|SVPI Airport Hansol, Ahmedabad - IITM|2022-05-31",10.27,43.5,2.6875,13.45,92.82,90.79137931034482,True,92.82
01-06-2022 00:00,02-06-2022 00:00,11.42,0.82,2.16,11.52,95.95,55.23,Gujarat,Ahmedabad,"SVPI Airport Hansol, Ahmedabad - IITM",Gujarat.xlsx,Gujarat,2022-06-01,2022-06-02,Gujarat,Ahmedabad,"SVPI Airport Hansol, Ahmedabad - IITM",2022-06-01,6,True,False,"Gujarat|Ahmedabad|SVPI Airport Hansol, Ahmedabad - IITM|2022-06-01",11.42,41.0,2.7,14.4,95.95,91.9403448275862,True,95.95
02-06-2022 00:00,03-06-2022 00:00,9.21,0.85,2.17,11.18,92.03,52.39,Gujarat,Ahmedabad,"SVPI Airport Hansol, Ahmedabad - IITM",Gujarat.xlsx,Gujarat,2022-06-02,2022-06-03,Gujarat,Ahmedabad,"SVPI Airport Hansol, Ahmedabad - IITM",2022-06-01,6,True,False,"Gujarat|Ahmedabad|SVPI Airport Hansol, Ahmedabad - IITM|2022-06-02",9.21,42.5,2.7125,13.975,92.03,87.14172413793104,True,92.03
03-06-2022 00:00,04-06-2022 00:00,10.19,0.88,2.16,10.77,94.65,53.44,Gujarat,Ahmedabad,"SVPI Airport Hansol, Ahmedabad - IITM",Gujarat.xlsx,Gujarat,2022-06-03,2022-06-04,Gujarat,Ahmedabad,"SVPI Airport Hansol, Ahmedabad - IITM",2022-06-01,6,True,False,"Gujarat|Ahmedabad|SVPI Airport Hansol, Ahmedabad - IITM|2022-06-03",10.19,44.0,2.7,13.4625,94.65,88.91586206896551,True,94.65
04-06-2022 00:00,05-06-2022 00:00,11.43,0.98,2.17,10.92,87.66,50.23,Gujarat,Ahmedabad,"SVPI Airport Hansol, Ahmedabad - IITM",Gujarat.xlsx,Gujarat,2022-06-04,2022-06-05,Gujarat,Ahmedabad,"SVPI Airport Hansol, Ahmedabad - IITM",2022-06-01,6,True,False,"Gujarat|Ahmedabad|SVPI Airport Hansol, Ahmedabad - IITM|2022-06-04",11.43,49.0,2.7125,13.65,87.66,83.49206896551723,True,87.66
05-06-2022 00:00,06-06-2022 00:00,11.91,1.17,2.15,13.73,97.9,54.58,Gujarat,Ahmedabad,"SVPI Airport Hansol, Ahmedabad - IITM",Gujarat.xlsx,Gujarat,2022-06-05,2022-06-06,Gujarat,Ahmedabad,"SVPI Airport Hansol, Ahmedabad - IITM",2022-06-01,6,True,False,"Gujarat|Ahmedabad|SVPI Airport Hansol, Ahmedabad - IITM|2022-06-05",11.91,54.8111111111111,2.6875,17.1625,97.9,90.84206896551724,True,97.9
06-06-2022 00:00,07-06-2022 00:00,11.39,1.33,2.15,10.97,89.93,51.43,Gujarat,Ahmedabad,"SVPI Airport Hansol, Ahmedabad - IITM",Gujarat.xlsx,Gujarat,2022-06-06,2022-06-07,Gujarat,Ahmedabad,"SVPI Airport Hansol, Ahmedabad - IITM",2022-06-01,6,True,False,"Gujarat|Ahmedabad|SVPI Airport Hansol, Ahmedabad - IITM|2022-06-06",11.39,63.52222222222223,2.6875,13.7125,89.93,85.51965517241379,True,89.93
07-06-2022 00:00,08-06-2022 00:00,9.21,1.6,2.16,15.26,79.98,46.55,Gujarat,Ahmedabad,"SVPI Airport Hansol, Ahmedabad - IITM",Gujarat.xlsx,Gujarat,2022-06-07,2022-06-08,Gujarat,Ahmedabad,"SVPI Airport Hansol, Ahmedabad - IITM",2022-06-01,6,True,False,"Gujarat|Ahmedabad|SVPI Airport Hansol, Ahmedabad - IITM|2022-06-07",9.21,78.22222222222223,2.7,19.075,79.98,77.27413793103447,True,79.98
08-06-2022 00:00,09-06-2022 00:00,7.02,1.53,4.64,12.62,62.19,36.19,Gujarat,Ahmedabad,"SVPI Airport Hansol, Ahmedabad - IITM",Gujarat.xlsx,Gujarat,2022-06-08,2022-06-09,Gujarat,Ahmedabad,"SVPI Airport Hansol, Ahmedabad - IITM",2022-06-01,6,True,False,"Gujarat|Ahmedabad|SVPI Airport Hansol, Ahmedabad - IITM|2022-06-08",7.02,74.41111111111111,5.8,15.775,62.19,59.76931034482758,True,74.41111111111111
09-06-2022 00:00,10-06-2022 00:00,3.3,1.18,7.93,10.75,43.82,25.98,Gujarat,Ahmedabad,"SVPI Airport Hansol, Ahmedabad - IITM",Gujarat.xlsx,Gujarat,2022-06-09,2022-06-10,Gujarat,Ahmedabad,"SVPI Airport Hansol, Ahmedabad - IITM",2022-06-01,6,True,False,"Gujarat|Ahmedabad|SVPI Airport Hansol, Ahmedabad - IITM|2022-06-09",3.3,55.35555555555555,9.9125,13.4375,43.82,43.3,True,55.35555555555555
10-06-2022 00:00,11-06-2022 00:00,3.19,3.17,11.46,25.89,62.21,37.96,Gujarat,Ahmedabad,"SVPI Airport Hansol, Ahmedabad - IITM",Gujarat.xlsx,Gujarat,2022-06-10,2022-06-11,Gujarat,Ahmedabad,"SVPI Airport Hansol, Ahmedabad - IITM",2022-06-01,6,True,False,"Gujarat|Ahmedabad|SVPI Airport Hansol, Ahmedabad - IITM|2022-06-10",3.19,114.40886075949366,14.325,32.3625,62.21,62.760000000000005,True,114.40886075949366
11-06-2022 00:00,12-06-2022 00:00,2.86,4.73,9.28,19.35,63.06,37.94,Gujarat,Ahmedabad,"SVPI Airport Hansol, Ahmedabad - IITM",Gujarat.xlsx,Gujarat,2022-06-11,2022-06-12,Gujarat,Ahmedabad,"SVPI Airport Hansol, Ahmedabad - IITM",2022-06-01,6,True,False,"Gujarat|Ahmedabad|SVPI Airport Hansol, Ahmedabad - IITM|2022-06-11",2.86,133.95822784810127,11.6,24.1875,63.06,62.72620689655172,True,133.95822784810127
12-06-2022 00:00,13-06-2022 00:00,2.73,3.4,12.48,80.05,47.07,29.86,Gujarat,Ahmedabad,"SVPI Airport Hansol, Ahmedabad - IITM",Gujarat.xlsx,Gujarat,2022-06-12,2022-06-13,Gujarat,Ahmedabad,"SVPI Airport Hansol, Ahmedabad - IITM",2022-06-01,6,True,False,"Gujarat|Ahmedabad|SVPI Airport Hansol, Ahmedabad - IITM|2022-06-12",2.73,117.29113924050633,15.6,101.0,47.07,49.766666666666666,True,117.29113924050633
13-06-2022 00:00,14-06-2022 00:00,2.46,1.45,3.81,60.53,48.57,30.83,Gujarat,Ahmedabad,"SVPI Airport Hansol, Ahmedabad - IITM",Gujarat.xlsx,Gujarat,2022-06-13,2022-06-14,Gujarat,Ahmedabad,"SVPI Airport Hansol, Ahmedabad - IITM",2022-06-01,6,True,False,"Gujarat|Ahmedabad|SVPI Airport Hansol, Ahmedabad - IITM|2022-06-13",2.46,70.05555555555554,4.7625,75.53769230769231,48.57,51.0,True,75.53769230769231
14-06-2022 00:00,15-06-2022 00:00,2.61,0.27,3.55,10.09,64.23,38.44,Gujarat,Ahmedabad,"SVPI Airport Hansol, Ahmedabad - IITM",Gujarat.xlsx,Gujarat,2022-06-14,2022-06-15,Gujarat,Ahmedabad,"SVPI Airport Hansol, Ahmedabad - IITM",2022-06-01,6,True,False,"Gujarat|Ahmedabad|SVPI Airport Hansol, Ahmedabad - IITM|2022-06-14",2.61,13.5,4.4375,12.6125,64.23,63.57103448275862,True,64.23
15-06-2022 00:00,16-06-2022 00:00,2.78,0.85,,45.51,52.22,29.6,Gujarat,Ahmedabad,"SVPI Airport Hansol, Ahmedabad - IITM",Gujarat.xlsx,Gujarat,2022-06-15,2022-06-16,Gujarat,Ahmedabad,"SVPI Airport Hansol, Ahmedabad - IITM",2022-06-01,5,True,False,"Gujarat|Ahmedabad|SVPI Airport Hansol, Ahmedabad - IITM|2022-06-15",2.78,42.5,,56.66641025641025,52.22,49.333333333333336,True,56.66641025641025
16-06-2022 00:00,17-06-2022 00:00,3.02,,4.29,63.89,65.38,38.87,Gujarat,Ahmedabad,"SVPI Airport Hansol, Ahmedabad - IITM",Gujarat.xlsx,Gujarat,2022-06-16,2022-06-17,Gujarat,Ahmedabad,"SVPI Airport Hansol, Ahmedabad - IITM",2022-06-01,5,True,False,"Gujarat|Ahmedabad|SVPI Airport Hansol, Ahmedabad - IITM|2022-06-16",3.02,,5.3625,79.75923076923077,65.38,64.29758620689654,True,79.75923076923077
17-06-2022 00:00,18-06-2022 00:00,3.07,0.34,3.68,54.63,50.86,30.6,Gujarat,Ahmedabad,"SVPI Airport Hansol, Ahmedabad - IITM",Gujarat.xlsx,Gujarat,2022-06-17,2022-06-18,Gujarat,Ahmedabad,"SVPI Airport Hansol, Ahmedabad - IITM",2022-06-01,6,True,False,"Gujarat|Ahmedabad|SVPI Airport Hansol, Ahmedabad - IITM|2022-06-17",3.07,17.0,4.6000000000000005,68.1248717948718,51.0,51.0,True,68.1248717948718
18-06-2022 00:00,19-06-2022 00:00,3.53,,3.91,10.13,47.45,29.1,Gujarat,Ahmedabad,"SVPI Airport Hansol, Ahmedabad - IITM",Gujarat.xlsx,Gujarat,2022-06-18,2022-06-19,Gujarat,Ahmedabad,"SVPI Airport Hansol, Ahmedabad - IITM",2022-06-01,5,True,False,"Gujarat|Ahmedabad|SVPI Airport Hansol, Ahmedabad - IITM|2022-06-18",3.53,,4.8875,12.6625,47.45,48.50000000000001,True,48.50000000000001
19-06-2022 00:00,20-06-2022 00:00,2.63,,3.81,10.13,38.81,24.96,Gujarat,Ahmedabad,"SVPI Airport Hansol, Ahmedabad - IITM",Gujarat.xlsx,Gujarat,2022-06-19,2022-06-20,Gujarat,Ahmedabad,"SVPI Airport Hansol, Ahmedabad - IITM",2022-06-01,5,True,False,"Gujarat|Ahmedabad|SVPI Airport Hansol, Ahmedabad - IITM|2022-06-19",2.63,,4.7625,12.6625,38.81,41.6,True,41.6
20-06-2022 00:00,21-06-2022 00:00,4.09,,3.82,10.07,49.81,30.33,Gujarat,Ahmedabad,"SVPI Airport Hansol, Ahmedabad - IITM",Gujarat.xlsx,Gujarat,2022-06-20,2022-06-21,Gujarat,Ahmedabad,"SVPI Airport Hansol, Ahmedabad - IITM",2022-06-01,5,True,False,"Gujarat|Ahmedabad|SVPI Airport Hansol, Ahmedabad - IITM|2022-06-20",4.09,,4.775,12.5875,49.81,51.0,True,51.0
21-06-2022 00:00,22-06-2022 00:00,3.57,,3.31,10.18,63.37,38.8,Gujarat,Ahmedabad,"SVPI Airport Hansol, Ahmedabad - IITM",Gujarat.xlsx,Gujarat,2022-06-21,2022-06-22,Gujarat,Ahmedabad,"SVPI Airport Hansol, Ahmedabad - IITM",2022-06-01,5,True,False,"Gujarat|Ahmedabad|SVPI Airport Hansol, Ahmedabad - IITM|2022-06-21",3.57,,4.1375,12.725,63.37,64.17931034482758,True,64.17931034482758
22-06-2022 00:00,23-06-2022 00:00,5.21,0.23,3.76,10.14,104.97,61.56,Gujarat,Ahmedabad,"SVPI Airport Hansol, Ahmedabad - IITM",Gujarat.xlsx,Gujarat,2022-06-22,2022-06-23,Gujarat,Ahmedabad,"SVPI Airport Hansol, Ahmedabad - IITM",2022-06-01,6,True,False,"Gujarat|Ahmedabad|SVPI Airport Hansol, Ahmedabad - IITM|2022-06-22",5.21,11.5,4.699999999999999,12.675,103.63778523489933,102.91172413793105,True,103.63778523489933
23-06-2022 00:00,24-06-2022 00:00,3.54,0.21,5.29,35.05,93.28,52.82,Gujarat,Ahmedabad,"SVPI Airport Hansol, Ahmedabad - IITM",Gujarat.xlsx,Gujarat,2022-06-23,2022-06-24,Gujarat,Ahmedabad,"SVPI Airport Hansol, Ahmedabad - IITM",2022-06-01,6,True,False,"Gujarat|Ahmedabad|SVPI Airport Hansol, Ahmedabad - IITM|2022-06-23",3.54,10.5,6.6125,43.8125,93.28,87.86827586206897,True,93.28
24-06-2022 00:00,25-06-2022 00:00,3.13,0.49,4.38,39.92,90.39,53.08,Gujarat,Ahmedabad,"SVPI Airport Hansol, Ahmedabad - IITM",Gujarat.xlsx,Gujarat,2022-06-24,2022-06-25,Gujarat,Ahmedabad,"SVPI Airport Hansol, Ahmedabad - IITM",2022-06-01,6,True,False,"Gujarat|Ahmedabad|SVPI Airport Hansol, Ahmedabad - IITM|2022-06-24",3.13,24.5,5.475,49.900000000000006,90.39,88.30758620689656,True,90.39
25-06-2022 00:00,26-06-2022 00:00,6.48,,5.67,23.22,92.57,53.76,Gujarat,Ahmedabad,"SVPI Airport Hansol, Ahmedabad - IITM",Gujarat.xlsx,Gujarat,2022-06-25,2022-06-26,Gujarat,Ahmedabad,"SVPI Airport Hansol, Ahmedabad - IITM",2022-06-01,5,True,False,"Gujarat|Ahmedabad|SVPI Airport Hansol, Ahmedabad - IITM|2022-06-25",6.48,,7.0875,29.025,92.57,89.45655172413794,True,92.57
26-06-2022 00:00,27-06-2022 00:00,36.27,,6.13,,90.94,45.02,Gujarat,Ahmedabad,"SVPI Airport Hansol, Ahmedabad - IITM",Gujarat.xlsx,Gujarat,2022-06-26,2022-06-27,Gujarat,Ahmedabad,"SVPI Airport Hansol, Ahmedabad - IITM",2022-06-01,4,True,False,"Gujarat|Ahmedabad|SVPI Airport Hansol, Ahmedabad - IITM|2022-06-26",36.27,,7.6625,,90.94,74.68896551724139,True,90.94
27-06-2022 00:00,28-06-2022 00:00,,2.0,4.61,85.81,40.56,26.32,Gujarat,Ahmedabad,"SVPI Airport Hansol, Ahmedabad - IITM",Gujarat.xlsx,Gujarat,2022-06-27,2022-06-28,Gujarat,Ahmedabad,"SVPI Airport Hansol, Ahmedabad - IITM",2022-06-01,5,True,False,"Gujarat|Ahmedabad|SVPI Airport Hansol, Ahmedabad - IITM|2022-06-27",,100.0,5.7625,105.81,40.56,43.86666666666667,True,105.81
28-06-2022 00:00,29-06-2022 00:00,,1.47,4.27,91.01,40.17,24.11,Gujarat,Ahmedabad,"SVPI Airport Hansol, Ahmedabad - IITM",Gujarat.xlsx,Gujarat,2022-06-28,2022-06-29,Gujarat,Ahmedabad,"SVPI Airport Hansol, Ahmedabad - IITM",2022-06-01,5,True,False,"Gujarat|Ahmedabad|SVPI Airport Hansol, Ahmedabad - IITM|2022-06-28",,71.14444444444445,5.3375,111.01,40.17,40.18333333333334,True,111.01
29-06-2022 00:00,30-06-2022 00:00,,1.97,3.89,10.24,48.59,24.62,Gujarat,Ahmedabad,"SVPI Airport Hansol, Ahmedabad - IITM",Gujarat.xlsx,Gujarat,2022-06-29,2022-06-30,Gujarat,Ahmedabad,"SVPI Airport Hansol, Ahmedabad - IITM",2022-06-01,5,True,False,"Gujarat|Ahmedabad|SVPI Airport Hansol, Ahmedabad - IITM|2022-06-29",,98.36666666666667,4.8625,12.8,48.59,41.03333333333334,True,98.36666666666667
30-06-2022 00:00,01-07-2022 00:00,,1.87,4.0,60.28,49.24,27.21,Gujarat,Ahmedabad,"SVPI Airport Hansol, Ahmedabad - IITM",Gujarat.xlsx,Gujarat,2022-06-30,2022-07-01,Gujarat,Ahmedabad,"SVPI Airport Hansol, Ahmedabad - IITM",2022-06-01,5,True,False,"Gujarat|Ahmedabad|SVPI Airport Hansol, Ahmedabad - IITM|2022-06-30",,92.92222222222222,5.0,75.22358974358974,49.24,45.35,True,92.92222222222222
01-07-2022 00:00,02-07-2022 00:00,,1.26,4.56,81.01,46.78,24.8,Gujarat,Ahmedabad,"SVPI Airport Hansol, Ahmedabad - IITM",Gujarat.xlsx,Gujarat,2022-07-01,2022-07-02,Gujarat,Ahmedabad,"SVPI Airport Hansol, Ahmedabad - IITM",2022-07-01,5,True,False,"Gujarat|Ahmedabad|SVPI Airport Hansol, Ahmedabad - IITM|2022-07-01",,59.71111111111111,5.699999999999999,101.01,46.78,41.333333333333336,True,101.01
02-07-2022 00:00,03-07-2022 00:00,,0.35,3.6,10.89,44.7,22.63,Gujarat,Ahmedabad,"SVPI Airport Hansol, Ahmedabad - IITM",Gujarat.xlsx,Gujarat,2022-07-02,2022-07-03,Gujarat,Ahmedabad,"SVPI Airport Hansol, Ahmedabad - IITM",2022-07-01,5,True,False,"Gujarat|Ahmedabad|SVPI Airport Hansol, Ahmedabad - IITM|2022-07-02",,17.5,4.5,13.6125,44.7,37.71666666666667,True,44.7
03-07-2022 00:00,04-07-2022 00:00,,1.23,3.63,10.95,47.06,19.2,Gujarat,Ahmedabad,"SVPI Airport Hansol, Ahmedabad - IITM",Gujarat.xlsx,Gujarat,2022-07-03,2022-07-04,Gujarat,Ahmedabad,"SVPI Airport Hansol, Ahmedabad - IITM",2022-07-01,5,True,False,"Gujarat|Ahmedabad|SVPI Airport Hansol, Ahmedabad - IITM|2022-07-03",,58.077777777777776,4.5375,13.6875,47.06,32.0,True,58.077777777777776
04-07-2022 00:00,05-07-2022 00:00,,1.44,3.57,10.88,44.11,22.29,Gujarat,Ahmedabad,"SVPI Airport Hansol, Ahmedabad - IITM",Gujarat.xlsx,Gujarat,2022-07-04,2022-07-05,Gujarat,Ahmedabad,"SVPI Airport Hansol, Ahmedabad - IITM",2022-07-01,5,True,False,"Gujarat|Ahmedabad|SVPI Airport Hansol, Ahmedabad - IITM|2022-07-04",,69.5111111111111,4.4625,13.6,44.11,37.15,True,69.5111111111111
05-07-2022 00:00,06-07-2022 00:00,,1.02,3.86,10.92,39.16,20.75,Gujarat,Ahmedabad,"SVPI Airport Hansol, Ahmedabad - IITM",Gujarat.xlsx,Gujarat,2022-07-05,2022-07-06,Gujarat,Ahmedabad,"SVPI Airport Hansol, Ahmedabad - IITM",2022-07-01,5,True,False,"Gujarat|Ahmedabad|SVPI Airport Hansol, Ahmedabad - IITM|2022-07-05",,51.0,4.825,13.65,39.16,34.583333333333336,True,51.0
06-07-2022 00:00,07-07-2022 00:00,,0.77,3.01,10.82,29.85,17.38,Gujarat,Ahmedabad,"SVPI Airport Hansol, Ahmedabad - IITM",Gujarat.xlsx,Gujarat,2022-07-06,2022-07-07,Gujarat,Ahmedabad,"SVPI Airport Hansol, Ahmedabad - IITM",2022-07-01,5,True,False,"Gujarat|Ahmedabad|SVPI Airport Hansol, Ahmedabad - IITM|2022-07-06",,38.5,3.7625,13.525,29.85,28.966666666666665,True,38.5
07-07-2022 00:00,08-07-2022 00:00,,0.55,3.04,10.9,41.32,21.5,Gujarat,Ahmedabad,"SVPI Airport Hansol, Ahmedabad - IITM",Gujarat.xlsx,Gujarat,2022-07-07,2022-07-08,Gujarat,Ahmedabad,"SVPI Airport Hansol, Ahmedabad - IITM",2022-07-01,5,True,False,"Gujarat|Ahmedabad|SVPI Airport Hansol, Ahmedabad - IITM|2022-07-07",,27.500000000000004,3.8,13.625,41.32,35.833333333333336,True,41.32
08-07-2022 00:00,09-07-2022 00:00,,,,,,,Gujarat,Ahmedabad,"SVPI Airport Hansol, Ahmedabad - IITM",Gujarat.xlsx,Gujarat,2022-07-08,2022-07-09,Gujarat,Ahmedabad,"SVPI Airport Hansol, Ahmedabad - IITM",2022-07-01,0,False,True,"Gujarat|Ahmedabad|SVPI Airport Hansol, Ahmedabad - IITM|2022-07-08",,,,,,,False,
09-07-2022 00:00,10-07-2022 00:00,,,,,,,Gujarat,Ahmedabad,"SVPI Airport Hansol, Ahmedabad - IITM",Gujarat.xlsx,Gujarat,2022-07-09,2022-07-10,Gujarat,Ahmedabad,"SVPI Airport Hansol, Ahmedabad - IITM",2022-07-01,0,False,True,"Gujarat|Ahmedabad|SVPI Airport Hansol, Ahmedabad - IITM|2022-07-09",,,,,,,False,
10-07-2022 00:00,11-07-2022 00:00,,,,,,,Gujarat,Ahmedabad,"SVPI Airport Hansol, Ahmedabad - IITM",Gujarat.xlsx,Gujarat,2022-07-10,2022-07-11,Gujarat,Ahmedabad,"SVPI Airport Hansol, Ahmedabad - IITM",2022-07-01,0,False,True,"Gujarat|Ahmedabad|SVPI Airport Hansol, Ahmedabad - IITM|2022-07-10",,,,,,,False,
11-07-2022 00:00,12-07-2022 00:00,,,,,,,Gujarat,Ahmedabad,"SVPI Airport Hansol, Ahmedabad - IITM",Gujarat.xlsx,Gujarat,2022-07-11,2022-07-12,Gujarat,Ahmedabad,"SVPI Airport Hansol, Ahmedabad - IITM",2022-07-01,0,False,True,"Gujarat|Ahmedabad|SVPI Airport Hansol, Ahmedabad - IITM|2022-07-11",,,,,,,False,
12-07-2022 00:00,13-07-2022 00:00,,,,,,,Gujarat,Ahmedabad,"SVPI Airport Hansol, Ahmedabad - IITM",Gujarat.xlsx,Gujarat,2022-07-12,2022-07-13,Gujarat,Ahmedabad,"SVPI Airport Hansol, Ahmedabad - IITM",2022-07-01,0,False,True,"Gujarat|Ahmedabad|SVPI Airport Hansol, Ahmedabad - IITM|2022-07-12",,,,,,,False,
13-07-2022 00:00,14-07-2022 00:00,,,,,,,Gujarat,Ahmedabad,"SVPI Airport Hansol, Ahmedabad - IITM",Gujarat.xlsx,Gujarat,2022-07-13,2022-07-14,Gujarat,Ahmedabad,"SVPI Airport Hansol, Ahmedabad - IITM",2022-07-01,0,False,True,"Gujarat|Ahmedabad|SVPI Airport Hansol, Ahmedabad - IITM|2022-07-13",,,,,,,False,
14-07-2022 00:00,15-07-2022 00:00,,,,,,,Gujarat,Ahmedabad,"SVPI Airport Hansol, Ahmedabad - IITM",Gujarat.xlsx,Gujarat,2022-07-14,2022-07-15,Gujarat,Ahmedabad,"SVPI Airport Hansol, Ahmedabad - IITM",2022-07-01,0,False,True,"Gujarat|Ahmedabad|SVPI Airport Hansol, Ahmedabad - IITM|2022-07-14",,,,,,,False,
15-07-2022 00:00,16-07-2022 00:00,,,,,,,Gujarat,Ahmedabad,"SVPI Airport Hansol, Ahmedabad - IITM",Gujarat.xlsx,Gujarat,2022-07-15,2022-07-16,Gujarat,Ahmedabad,"SVPI Airport Hansol, Ahmedabad - IITM",2022-07-01,0,False,True,"Gujarat|Ahmedabad|SVPI Airport Hansol, Ahmedabad - IITM|2022-07-15",,,,,,,False,
16-07-2022 00:00,17-07-2022 00:00,,,,,,,Gujarat,Ahmedabad,"SVPI Airport Hansol, Ahmedabad - IITM",Gujarat.xlsx,Gujarat,2022-07-16,2022-07-17,Gujarat,Ahmedabad,"SVPI Airport Hansol, Ahmedabad - IITM",2022-07-01,0,False,True,"Gujarat|Ahmedabad|SVPI Airport Hansol, Ahmedabad - IITM|2022-07-16",,,,,,,False,
17-07-2022 00:00,18-07-2022 00:00,,,,,,,Gujarat,Ahmedabad,"SVPI Airport Hansol, Ahmedabad - IITM",Gujarat.xlsx,Gujarat,2022-07-17,2022-07-18,Gujarat,Ahmedabad,"SVPI Airport Hansol, Ahmedabad - IITM",2022-07-01,0,False,True,"Gujarat|Ahmedabad|SVPI Airport Hansol, Ahmedabad - IITM|2022-07-17",,,,,,,False,
18-07-2022 00:00,19-07-2022 00:00,,,,,,,Gujarat,Ahmedabad,"SVPI Airport Hansol, Ahmedabad - IITM",Gujarat.xlsx,Gujarat,2022-07-18,2022-07-19,Gujarat,Ahmedabad,"SVPI Airport Hansol, Ahmedabad - IITM",2022-07-01,0,False,True,"Gujarat|Ahmedabad|SVPI Airport Hansol, Ahmedabad - IITM|2022-07-18",,,,,,,False,
19-07-2022 00:00,20-07-2022 00:00,,,,,,,Gujarat,Ahmedabad,"SVPI Airport Hansol, Ahmedabad - IITM",Gujarat.xlsx,Gujarat,2022-07-19,2022-07-20,Gujarat,Ahmedabad,"SVPI Airport Hansol, Ahmedabad - IITM",2022-07-01,0,False,True,"Gujarat|Ahmedabad|SVPI Airport Hansol, Ahmedabad - IITM|2022-07-19",,,,,,,False,
20-07-2022 00:00,21-07-2022 00:00,,,,,,,Gujarat,Ahmedabad,"SVPI Airport Hansol, Ahmedabad - IITM",Gujarat.xlsx,Gujarat,2022-07-20,2022-07-21,Gujarat,Ahmedabad,"SVPI Airport Hansol, Ahmedabad - IITM",2022-07-01,0,False,True,"Gujarat|Ahmedabad|SVPI Airport Hansol, Ahmedabad - IITM|2022-07-20",,,,,,,False,
21-07-2022 00:00,22-07-2022 00:00,,,,,,,Gujarat,Ahmedabad,"SVPI Airport Hansol, Ahmedabad - IITM",Gujarat.xlsx,Gujarat,2022-07-21,2022-07-22,Gujarat,Ahmedabad,"SVPI Airport Hansol, Ahmedabad - IITM",2022-07-01,0,False,True,"Gujarat|Ahmedabad|SVPI Airport Hansol, Ahmedabad - IITM|2022-07-21",,,,,,,False,
22-07-2022 00:00,23-07-2022 00:00,,,,,,,Gujarat,Ahmedabad,"SVPI Airport Hansol, Ahmedabad - IITM",Gujarat.xlsx,Gujarat,2022-07-22,2022-07-23,Gujarat,Ahmedabad,"SVPI Airport Hansol, Ahmedabad - IITM",2022-07-01,0,False,True,"Gujarat|Ahmedabad|SVPI Airport Hansol, Ahmedabad - IITM|2022-07-22",,,,,,,False,
23-07-2022 00:00,24-07-2022 00:00,,,,,,,Gujarat,Ahmedabad,"SVPI Airport Hansol, Ahmedabad - IITM",Gujarat.xlsx,Gujarat,2022-07-23,2022-07-24,Gujarat,Ahmedabad,"SVPI Airport Hansol, Ahmedabad - IITM",2022-07-01,0,False,True,"Gujarat|Ahmedabad|SVPI Airport Hansol, Ahmedabad - IITM|2022-07-23",,,,,,,False,
24-07-2022 00:00,25-07-2022 00:00,,,,,,,Gujarat,Ahmedabad,"SVPI Airport Hansol, Ahmedabad - IITM",Gujarat.xlsx,Gujarat,2022-07-24,2022-07-25,Gujarat,Ahmedabad,"SVPI Airport Hansol, Ahmedabad - IITM",2022-07-01,0,False,True,"Gujarat|Ahmedabad|SVPI Airport Hansol, Ahmedabad - IITM|2022-07-24",,,,,,,False,
25-07-2022 00:00,26-07-2022 00:00,,,,,,,Gujarat,Ahmedabad,"SVPI Airport Hansol, Ahmedabad - IITM",Gujarat.xlsx,Gujarat,2022-07-25,2022-07-26,Gujarat,Ahmedabad,"SVPI Airport Hansol, Ahmedabad - IITM",2022-07-01,0,False,True,"Gujarat|Ahmedabad|SVPI Airport Hansol, Ahmedabad - IITM|2022-07-25",,,,,,,False,
26-07-2022 00:00,27-07-2022 00:00,,,,,,,Gujarat,Ahmedabad,"SVPI Airport Hansol, Ahmedabad - IITM",Gujarat.xlsx,Gujarat,2022-07-26,2022-07-27,Gujarat,Ahmedabad,"SVPI Airport Hansol, Ahmedabad - IITM",2022-07-01,0,False,True,"Gujarat|Ahmedabad|SVPI Airport Hansol, Ahmedabad - IITM|2022-07-26",,,,,,,False,
27-07-2022 00:00,28-07-2022 00:00,,,,,,,Gujarat,Ahmedabad,"SVPI Airport Hansol, Ahmedabad - IITM",Gujarat.xlsx,Gujarat,2022-07-27,2022-07-28,Gujarat,Ahmedabad,"SVPI Airport Hansol, Ahmedabad - IITM",2022-07-01,0,False,True,"Gujarat|Ahmedabad|SVPI Airport Hansol, Ahmedabad - IITM|2022-07-27",,,,,,,False,
28-07-2022 00:00,29-07-2022 00:00,,,,,,,Gujarat,Ahmedabad,"SVPI Airport Hansol, Ahmedabad - IITM",Gujarat.xlsx,Gujarat,2022-07-28,2022-07-29,Gujarat,Ahmedabad,"SVPI Airport Hansol, Ahmedabad - IITM",2022-07-01,0,False,True,"Gujarat|Ahmedabad|SVPI Airport Hansol, Ahmedabad - IITM|2022-07-28",,,,,,,False,
29-07-2022 00:00,30-07-2022 00:00,,,,,,,Gujarat,Ahmedabad,"SVPI Airport Hansol, Ahmedabad - IITM",Gujarat.xlsx,Gujarat,2022-07-29,2022-07-30,Gujarat,Ahmedabad,"SVPI Airport Hansol, Ahmedabad - IITM",2022-07-01,0,False,True,"Gujarat|Ahmedabad|SVPI Airport Hansol, Ahmedabad - IITM|2022-07-29",,,,,,,False,
30-07-2022 00:00,31-07-2022 00:00,,,,,,,Gujarat,Ahmedabad,"SVPI Airport Hansol, Ahmedabad - IITM",Gujarat.xlsx,Gujarat,2022-07-30,2022-07-31,Gujarat,Ahmedabad,"SVPI Airport Hansol, Ahmedabad - IITM",2022-07-01,0,False,True,"Gujarat|Ahmedabad|SVPI Airport Hansol, Ahmedabad - IITM|2022-07-30",,,,,,,False,
31-07-2022 00:00,01-08-2022 00:00,,,,,,,Gujarat,Ahmedabad,"SVPI Airport Hansol, Ahmedabad - IITM",Gujarat.xlsx,Gujarat,2022-07-31,2022-08-01,Gujarat,Ahmedabad,"SVPI Airport Hansol, Ahmedabad - IITM",2022-07-01,0,False,True,"Gujarat|Ahmedabad|SVPI Airport Hansol, Ahmedabad - IITM|2022-07-31",,,,,,,False,
01-08-2022 00:00,02-08-2022 00:00,,,,,,,Gujarat,Ahmedabad,"SVPI Airport Hansol, Ahmedabad - IITM",Gujarat.xlsx,Gujarat,2022-08-01,2022-08-02,Gujarat,Ahmedabad,"SVPI Airport Hansol, Ahmedabad - IITM",2022-08-01,0,False,True,"Gujarat|Ahmedabad|SVPI Airport Hansol, Ahmedabad - IITM|2022-08-01",,,,,,,False,
02-08-2022 00:00,03-08-2022 00:00,,,,,,,Gujarat,Ahmedabad,"SVPI Airport Hansol, Ahmedabad - IITM",Gujarat.xlsx,Gujarat,2022-08-02,2022-08-03,Gujarat,Ahmedabad,"SVPI Airport Hansol, Ahmedabad - IITM",2022-08-01,0,False,True,"Gujarat|Ahmedabad|SVPI Airport Hansol, Ahmedabad - IITM|2022-08-02",,,,,,,False,
03-08-2022 00:00,04-08-2022 00:00,,,,,,,Gujarat,Ahmedabad,"SVPI Airport Hansol, Ahmedabad - IITM",Gujarat.xlsx,Gujarat,2022-08-03,2022-08-04,Gujarat,Ahmedabad,"SVPI Airport Hansol, Ahmedabad - IITM",2022-08-01,0,False,True,"Gujarat|Ahmedabad|SVPI Airport Hansol, Ahmedabad - IITM|2022-08-03",,,,,,,False,
04-08-2022 00:00,05-08-2022 00:00,,,,,,,Gujarat,Ahmedabad,"SVPI Airport Hansol, Ahmedabad - IITM",Gujarat.xlsx,Gujarat,2022-08-04,2022-08-05,Gujarat,Ahmedabad,"SVPI Airport Hansol, Ahmedabad - IITM",2022-08-01,0,False,True,"Gujarat|Ahmedabad|SVPI Airport Hansol, Ahmedabad - IITM|2022-08-04",,,,,,,False,
05-08-2022 00:00,06-08-2022 00:00,,,,,,,Gujarat,Ahmedabad,"SVPI Airport Hansol, Ahmedabad - IITM",Gujarat.xlsx,Gujarat,2022-08-05,2022-08-06,Gujarat,Ahmedabad,"SVPI Airport Hansol, Ahmedabad - IITM",2022-08-01,0,False,True,"Gujarat|Ahmedabad|SVPI Airport Hansol, Ahmedabad - IITM|2022-08-05",,,,,,,False,
06-08-2022 00:00,07-08-2022 00:00,,,,,,,Gujarat,Ahmedabad,"SVPI Airport Hansol, Ahmedabad - IITM",Gujarat.xlsx,Gujarat,2022-08-06,2022-08-07,Gujarat,Ahmedabad,"SVPI Airport Hansol, Ahmedabad - IITM",2022-08-01,0,False,True,"Gujarat|Ahmedabad|SVPI Airport Hansol, Ahmedabad - IITM|2022-08-06",,,,,,,False,
07-08-2022 00:00,08-08-2022 00:00,,,,,,,Gujarat,Ahmedabad,"SVPI Airport Hansol, Ahmedabad - IITM",Gujarat.xlsx,Gujarat,2022-08-07,2022-08-08,Gujarat,Ahmedabad,"SVPI Airport Hansol, Ahmedabad - IITM",2022-08-01,0,False,True,"Gujarat|Ahmedabad|SVPI Airport Hansol, Ahmedabad - IITM|2022-08-07",,,,,,,False,
08-08-2022 00:00,09-08-2022 00:00,,,,,,,Gujarat,Ahmedabad,"SVPI Airport Hansol, Ahmedabad - IITM",Gujarat.xlsx,Gujarat,2022-08-08,2022-08-09,Gujarat,Ahmedabad,"SVPI Airport Hansol, Ahmedabad - IITM",2022-08-01,0,False,True,"Gujarat|Ahmedabad|SVPI Airport Hansol, Ahmedabad - IITM|2022-08-08",,,,,,,False,
09-08-2022 00:00,10-08-2022 00:00,,,,,,,Gujarat,Ahmedabad,"SVPI Airport Hansol, Ahmedabad - IITM",Gujarat.xlsx,Gujarat,2022-08-09,2022-08-10,Gujarat,Ahmedabad,"SVPI Airport Hansol, Ahmedabad - IITM",2022-08-01,0,False,True,"Gujarat|Ahmedabad|SVPI Airport Hansol, Ahmedabad - IITM|2022-08-09",,,,,,,False,
10-08-2022 00:00,11-08-2022 00:00,,,,,,,Gujarat,Ahmedabad,"SVPI Airport Hansol, Ahmedabad - IITM",Gujarat.xlsx,Gujarat,2022-08-10,2022-08-11,Gujarat,Ahmedabad,"SVPI Airport Hansol, Ahmedabad - IITM",2022-08-01,0,False,True,"Gujarat|Ahmedabad|SVPI Airport Hansol, Ahmedabad - IITM|2022-08-10",,,,,,,False,
11-08-2022 00:00,12-08-2022 00:00,,,,,,,Gujarat,Ahmedabad,"SVPI Airport Hansol, Ahmedabad - IITM",Gujarat.xlsx,Gujarat,2022-08-11,2022-08-12,Gujarat,Ahmedabad,"SVPI Airport Hansol, Ahmedabad - IITM",2022-08-01,0,False,True,"Gujarat|Ahmedabad|SVPI Airport Hansol, Ahmedabad - IITM|2022-08-11",,,,,,,False,
12-08-2022 00:00,13-08-2022 00:00,,,,,,,Gujarat,Ahmedabad,"SVPI Airport Hansol, Ahmedabad - IITM",Gujarat.xlsx,Gujarat,2022-08-12,2022-08-13,Gujarat,Ahmedabad,"SVPI Airport Hansol, Ahmedabad - IITM",2022-08-01,0,False,True,"Gujarat|Ahmedabad|SVPI Airport Hansol, Ahmedabad - IITM|2022-08-12",,,,,,,False,
13-08-2022 00:00,14-08-2022 00:00,,,,,,,Gujarat,Ahmedabad,"SVPI Airport Hansol, Ahmedabad - IITM",Gujarat.xlsx,Gujarat,2022-08-13,2022-08-14,Gujarat,Ahmedabad,"SVPI Airport Hansol, Ahmedabad - IITM",2022-08-01,0,False,True,"Gujarat|Ahmedabad|SVPI Airport Hansol, Ahmedabad - IITM|2022-08-13",,,,,,,False,
14-08-2022 00:00,15-08-2022 00:00,,,,,,,Gujarat,Ahmedabad,"SVPI Airport Hansol, Ahmedabad - IITM",Gujarat.xlsx,Gujarat,2022-08-14,2022-08-15,Gujarat,Ahmedabad,"SVPI Airport Hansol, Ahmedabad - IITM",2022-08-01,0,False,True,"Gujarat|Ahmedabad|SVPI Airport Hansol, Ahmedabad - IITM|2022-08-14",,,,,,,False,
15-08-2022 00:00,16-08-2022 00:00,,,,,,,Gujarat,Ahmedabad,"SVPI Airport Hansol, Ahmedabad - IITM",Gujarat.xlsx,Gujarat,2022-08-15,2022-08-16,Gujarat,Ahmedabad,"SVPI Airport Hansol, Ahmedabad - IITM",2022-08-01,0,False,True,"Gujarat|Ahmedabad|SVPI Airport Hansol, Ahmedabad - IITM|2022-08-15",,,,,,,False,
16-08-2022 00:00,17-08-2022 00:00,,,,,,,Gujarat,Ahmedabad,"SVPI Airport Hansol, Ahmedabad - IITM",Gujarat.xlsx,Gujarat,2022-08-16,2022-08-17,Gujarat,Ahmedabad,"SVPI Airport Hansol, Ahmedabad - IITM",2022-08-01,0,False,True,"Gujarat|Ahmedabad|SVPI Airport Hansol, Ahmedabad - IITM|2022-08-16",,,,,,,False,
17-08-2022 00:00,18-08-2022 00:00,,,,,,,Gujarat,Ahmedabad,"SVPI Airport Hansol, Ahmedabad - IITM",Gujarat.xlsx,Gujarat,2022-08-17,2022-08-18,Gujarat,Ahmedabad,"SVPI Airport Hansol, Ahmedabad - IITM",2022-08-01,0,False,True,"Gujarat|Ahmedabad|SVPI Airport Hansol, Ahmedabad - IITM|2022-08-17",,,,,,,False,
18-08-2022 00:00,19-08-2022 00:00,,,,,,,Gujarat,Ahmedabad,"SVPI Airport Hansol, Ahmedabad - IITM",Gujarat.xlsx,Gujarat,2022-08-18,2022-08-19,Gujarat,Ahmedabad,"SVPI Airport Hansol, Ahmedabad - IITM",2022-08-01,0,False,True,"Gujarat|Ahmedabad|SVPI Airport Hansol, Ahmedabad - IITM|2022-08-18",,,,,,,False,
19-08-2022 00:00,20-08-2022 00:00,,,,,,,Gujarat,Ahmedabad,"SVPI Airport Hansol, Ahmedabad - IITM",Gujarat.xlsx,Gujarat,2022-08-19,2022-08-20,Gujarat,Ahmedabad,"SVPI Airport Hansol, Ahmedabad - IITM",2022-08-01,0,False,True,"Gujarat|Ahmedabad|SVPI Airport Hansol, Ahmedabad - IITM|2022-08-19",,,,,,,False,
20-08-2022 00:00,21-08-2022 00:00,,,,,,,Gujarat,Ahmedabad,"SVPI Airport Hansol, Ahmedabad - IITM",Gujarat.xlsx,Gujarat,2022-08-20,2022-08-21,Gujarat,Ahmedabad,"SVPI Airport Hansol, Ahmedabad - IITM",2022-08-01,0,False,True,"Gujarat|Ahmedabad|SVPI Airport Hansol, Ahmedabad - IITM|2022-08-20",,,,,,,False,
21-08-2022 00:00,22-08-2022 00:00,,,,,,,Gujarat,Ahmedabad,"SVPI Airport Hansol, Ahmedabad - IITM",Gujarat.xlsx,Gujarat,2022-08-21,2022-08-22,Gujarat,Ahmedabad,"SVPI Airport Hansol, Ahmedabad - IITM",2022-08-01,0,False,True,"Gujarat|Ahmedabad|SVPI Airport Hansol, Ahmedabad - IITM|2022-08-21",,,,,,,False,
22-08-2022 00:00,23-08-2022 00:00,,,,,,,Gujarat,Ahmedabad,"SVPI Airport Hansol, Ahmedabad - IITM",Gujarat.xlsx,Gujarat,2022-08-22,2022-08-23,Gujarat,Ahmedabad,"SVPI Airport Hansol, Ahmedabad - IITM",2022-08-01,0,False,True,"Gujarat|Ahmedabad|SVPI Airport Hansol, Ahmedabad - IITM|2022-08-22",,,,,,,False,
23-08-2022 00:00,24-08-2022 00:00,,,,,,,Gujarat,Ahmedabad,"SVPI Airport Hansol, Ahmedabad - IITM",Gujarat.xlsx,Gujarat,2022-08-23,2022-08-24,Gujarat,Ahmedabad,"SVPI Airport Hansol, Ahmedabad - IITM",2022-08-01,0,False,True,"Gujarat|Ahmedabad|SVPI Airport Hansol, Ahmedabad - IITM|2022-08-23",,,,,,,False,
24-08-2022 00:00,25-08-2022 00:00,,,,,,,Gujarat,Ahmedabad,"SVPI Airport Hansol, Ahmedabad - IITM",Gujarat.xlsx,Gujarat,2022-08-24,2022-08-25,Gujarat,Ahmedabad,"SVPI Airport Hansol, Ahmedabad - IITM",2022-08-01,0,False,True,"Gujarat|Ahmedabad|SVPI Airport Hansol, Ahmedabad - IITM|2022-08-24",,,,,,,False,
25-08-2022 00:00,26-08-2022 00:00,,,,,,,Gujarat,Ahmedabad,"SVPI Airport Hansol, Ahmedabad - IITM",Gujarat.xlsx,Gujarat,2022-08-25,2022-08-26,Gujarat,Ahmedabad,"SVPI Airport Hansol, Ahmedabad - IITM",2022-08-01,0,False,True,"Gujarat|Ahmedabad|SVPI Airport Hansol, Ahmedabad - IITM|2022-08-25",,,,,,,False,
26-08-2022 00:00,27-08-2022 00:00,,,,,,,Gujarat,Ahmedabad,"SVPI Airport Hansol, Ahmedabad - IITM",Gujarat.xlsx,Gujarat,2022-08-26,2022-08-27,Gujarat,Ahmedabad,"SVPI Airport Hansol, Ahmedabad - IITM",2022-08-01,0,False,True,"Gujarat|Ahmedabad|SVPI Airport Hansol, Ahmedabad - IITM|2022-08-26",,,,,,,False,
27-08-2022 00:00,28-08-2022 00:00,,,,,,,Gujarat,Ahmedabad,"SVPI Airport Hansol, Ahmedabad - IITM",Gujarat.xlsx,Gujarat,2022-08-27,2022-08-28,Gujarat,Ahmedabad,"SVPI Airport Hansol, Ahmedabad - IITM",2022-08-01,0,False,True,"Gujarat|Ahmedabad|SVPI Airport Hansol, Ahmedabad - IITM|2022-08-27",,,,,,,False,
28-08-2022 00:00,29-08-2022 00:00,,,,,,,Gujarat,Ahmedabad,"SVPI Airport Hansol, Ahmedabad - IITM",Gujarat.xlsx,Gujarat,2022-08-28,2022-08-29,Gujarat,Ahmedabad,"SVPI Airport Hansol, Ahmedabad - IITM",2022-08-01,0,False,True,"Gujarat|Ahmedabad|SVPI Airport Hansol, Ahmedabad - IITM|2022-08-28",,,,,,,False,
29-08-2022 00:00,30-08-2022 00:00,,,,,,,Gujarat,Ahmedabad,"SVPI Airport Hansol, Ahmedabad - IITM",Gujarat.xlsx,Gujarat,2022-08-29,2022-08-30,Gujarat,Ahmedabad,"SVPI Airport Hansol, Ahmedabad - IITM",2022-08-01,0,False,True,"Gujarat|Ahmedabad|SVPI Airport Hansol, Ahmedabad - IITM|2022-08-29",,,,,,,False,
30-08-2022 00:00,31-08-2022 00:00,,,,,,,Gujarat,Ahmedabad,"SVPI Airport Hansol, Ahmedabad - IITM",Gujarat.xlsx,Gujarat,2022-08-30,2022-08-31,Gujarat,Ahmedabad,"SVPI Airport Hansol, Ahmedabad - IITM",2022-08-01,0,False,True,"Gujarat|Ahmedabad|SVPI Airport Hansol, Ahmedabad - IITM|2022-08-30",,,,,,,False,
31-08-2022 00:00,01-09-2022 00:00,,,,,,,Gujarat,Ahmedabad,"SVPI Airport Hansol, Ahmedabad - IITM",Gujarat.xlsx,Gujarat,2022-08-31,2022-09-01,Gujarat,Ahmedabad,"SVPI Airport Hansol, Ahmedabad - IITM",2022-08-01,0,False,True,"Gujarat|Ahmedabad|SVPI Airport Hansol, Ahmedabad - IITM|2022-08-31",,,,,,,False,
01-09-2022 00:00,02-09-2022 00:00,,,,,,,Gujarat,Ahmedabad,"SVPI Airport Hansol, Ahmedabad - IITM",Gujarat.xlsx,Gujarat,2022-09-01,2022-09-02,Gujarat,Ahmedabad,"SVPI Airport Hansol, Ahmedabad - IITM",2022-09-01,0,False,True,"Gujarat|Ahmedabad|SVPI Airport Hansol, Ahmedabad - IITM|2022-09-01",,,,,,,False,
02-09-2022 00:00,03-09-2022 00:00,,,,,,,Gujarat,Ahmedabad,"SVPI Airport Hansol, Ahmedabad - IITM",Gujarat.xlsx,Gujarat,2022-09-02,2022-09-03,Gujarat,Ahmedabad,"SVPI Airport Hansol, Ahmedabad - IITM",2022-09-01,0,False,True,"Gujarat|Ahmedabad|SVPI Airport Hansol, Ahmedabad - IITM|2022-09-02",,,,,,,False,
03-09-2022 00:00,04-09-2022 00:00,,,,,,,Gujarat,Ahmedabad,"SVPI Airport Hansol, Ahmedabad - IITM",Gujarat.xlsx,Gujarat,2022-09-03,2022-09-04,Gujarat,Ahmedabad,"SVPI Airport Hansol, Ahmedabad - IITM",2022-09-01,0,False,True,"Gujarat|Ahmedabad|SVPI Airport Hansol, Ahmedabad - IITM|2022-09-03",,,,,,,False,
04-09-2022 00:00,05-09-2022 00:00,,,,,,,Gujarat,Ahmedabad,"SVPI Airport Hansol, Ahmedabad - IITM",Gujarat.xlsx,Gujarat,2022-09-04,2022-09-05,Gujarat,Ahmedabad,"SVPI Airport Hansol, Ahmedabad - IITM",2022-09-01,0,False,True,"Gujarat|Ahmedabad|SVPI Airport Hansol, Ahmedabad - IITM|2022-09-04",,,,,,,False,
05-09-2022 00:00,06-09-2022 00:00,,,,,,,Gujarat,Ahmedabad,"SVPI Airport Hansol, Ahmedabad - IITM",Gujarat.xlsx,Gujarat,2022-09-05,2022-09-06,Gujarat,Ahmedabad,"SVPI Airport Hansol, Ahmedabad - IITM",2022-09-01,0,False,True,"Gujarat|Ahmedabad|SVPI Airport Hansol, Ahmedabad - IITM|2022-09-05",,,,,,,False,
06-09-2022 00:00,07-09-2022 00:00,,,,,,,Gujarat,Ahmedabad,"SVPI Airport Hansol, Ahmedabad - IITM",Gujarat.xlsx,Gujarat,2022-09-06,2022-09-07,Gujarat,Ahmedabad,"SVPI Airport Hansol, Ahmedabad - IITM",2022-09-01,0,False,True,"Gujarat|Ahmedabad|SVPI Airport Hansol, Ahmedabad - IITM|2022-09-06",,,,,,,False,
07-09-2022 00:00,08-09-2022 00:00,,,,,,,Gujarat,Ahmedabad,"SVPI Airport Hansol, Ahmedabad - IITM",Gujarat.xlsx,Gujarat,2022-09-07,2022-09-08,Gujarat,Ahmedabad,"SVPI Airport Hansol, Ahmedabad - IITM",2022-09-01,0,False,True,"Gujarat|Ahmedabad|SVPI Airport Hansol, Ahmedabad - IITM|2022-09-07",,,,,,,False,
08-09-2022 00:00,09-09-2022 00:00,,,,,,,Gujarat,Ahmedabad,"SVPI Airport Hansol, Ahmedabad - IITM",Gujarat.xlsx,Gujarat,2022-09-08,2022-09-09,Gujarat,Ahmedabad,"SVPI Airport Hansol, Ahmedabad - IITM",2022-09-01,0,False,True,"Gujarat|Ahmedabad|SVPI Airport Hansol, Ahmedabad - IITM|2022-09-08",,,,,,,False,
09-09-2022 00:00,10-09-2022 00:00,,,,,,,Gujarat,Ahmedabad,"SVPI Airport Hansol, Ahmedabad - IITM",Gujarat.xlsx,Gujarat,2022-09-09,2022-09-10,Gujarat,Ahmedabad,"SVPI Airport Hansol, Ahmedabad - IITM",2022-09-01,0,False,True,"Gujarat|Ahmedabad|SVPI Airport Hansol, Ahmedabad - IITM|2022-09-09",,,,,,,False,
10-09-2022 00:00,11-09-2022 00:00,,,,,,,Gujarat,Ahmedabad,"SVPI Airport Hansol, Ahmedabad - IITM",Gujarat.xlsx,Gujarat,2022-09-10,2022-09-11,Gujarat,Ahmedabad,"SVPI Airport Hansol, Ahmedabad - IITM",2022-09-01,0,False,True,"Gujarat|Ahmedabad|SVPI Airport Hansol, Ahmedabad - IITM|2022-09-10",,,,,,,False,
11-09-2022 00:00,12-09-2022 00:00,,,,,,,Gujarat,Ahmedabad,"SVPI Airport Hansol, Ahmedabad - IITM",Gujarat.xlsx,Gujarat,2022-09-11,2022-09-12,Gujarat,Ahmedabad,"SVPI Airport Hansol, Ahmedabad - IITM",2022-09-01,0,False,True,"Gujarat|Ahmedabad|SVPI Airport Hansol, Ahmedabad - IITM|2022-09-11",,,,,,,False,
12-09-2022 00:00,13-09-2022 00:00,,,,,,,Gujarat,Ahmedabad,"SVPI Airport Hansol, Ahmedabad - IITM",Gujarat.xlsx,Gujarat,2022-09-12,2022-09-13,Gujarat,Ahmedabad,"SVPI Airport Hansol, Ahmedabad - IITM",2022-09-01,0,False,True,"Gujarat|Ahmedabad|SVPI Airport Hansol, Ahmedabad - IITM|2022-09-12",,,,,,,False,
13-09-2022 00:00,14-09-2022 00:00,,,,,,,Gujarat,Ahmedabad,"SVPI Airport Hansol, Ahmedabad - IITM",Gujarat.xlsx,Gujarat,2022-09-13,2022-09-14,Gujarat,Ahmedabad,"SVPI Airport Hansol, Ahmedabad - IITM",2022-09-01,0,False,True,"Gujarat|Ahmedabad|SVPI Airport Hansol, Ahmedabad - IITM|2022-09-13",,,,,,,False,
14-09-2022 00:00,15-09-2022 00:00,,,,,,,Gujarat,Ahmedabad,"SVPI Airport Hansol, Ahmedabad - IITM",Gujarat.xlsx,Gujarat,2022-09-14,2022-09-15,Gujarat,Ahmedabad,"SVPI Airport Hansol, Ahmedabad - IITM",2022-09-01,0,False,True,"Gujarat|Ahmedabad|SVPI Airport Hansol, Ahmedabad - IITM|2022-09-14",,,,,,,False,
15-09-2022 00:00,16-09-2022 00:00,,,,,,,Gujarat,Ahmedabad,"SVPI Airport Hansol, Ahmedabad - IITM",Gujarat.xlsx,Gujarat,2022-09-15,2022-09-16,Gujarat,Ahmedabad,"SVPI Airport Hansol, Ahmedabad - IITM",2022-09-01,0,False,True,"Gujarat|Ahmedabad|SVPI Airport Hansol, Ahmedabad - IITM|2022-09-15",,,,,,,False,
16-09-2022 00:00,17-09-2022 00:00,,,,,,,Gujarat,Ahmedabad,"SVPI Airport Hansol, Ahmedabad - IITM",Gujarat.xlsx,Gujarat,2022-09-16,2022-09-17,Gujarat,Ahmedabad,"SVPI Airport Hansol, Ahmedabad - IITM",2022-09-01,0,False,True,"Gujarat|Ahmedabad|SVPI Airport Hansol, Ahmedabad - IITM|2022-09-16",,,,,,,False,
17-09-2022 00:00,18-09-2022 00:00,,,,,,,Gujarat,Ahmedabad,"SVPI Airport Hansol, Ahmedabad - IITM",Gujarat.xlsx,Gujarat,2022-09-17,2022-09-18,Gujarat,Ahmedabad,"SVPI Airport Hansol, Ahmedabad - IITM",2022-09-01,0,False,True,"Gujarat|Ahmedabad|SVPI Airport Hansol, Ahmedabad - IITM|2022-09-17",,,,,,,False,
18-09-2022 00:00,19-09-2022 00:00,,,,,,,Gujarat,Ahmedabad,"SVPI Airport Hansol, Ahmedabad - IITM",Gujarat.xlsx,Gujarat,2022-09-18,2022-09-19,Gujarat,Ahmedabad,"SVPI Airport Hansol, Ahmedabad - IITM",2022-09-01,0,False,True,"Gujarat|Ahmedabad|SVPI Airport Hansol, Ahmedabad - IITM|2022-09-18",,,,,,,False,
19-09-2022 00:00,20-09-2022 00:00,,,,,,,Gujarat,Ahmedabad,"SVPI Airport Hansol, Ahmedabad - IITM",Gujarat.xlsx,Gujarat,2022-09-19,2022-09-20,Gujarat,Ahmedabad,"SVPI Airport Hansol, Ahmedabad - IITM",2022-09-01,0,False,True,"Gujarat|Ahmedabad|SVPI Airport Hansol, Ahmedabad - IITM|2022-09-19",,,,,,,False,
20-09-2022 00:00,21-09-2022 00:00,,,,,,,Gujarat,Ahmedabad,"SVPI Airport Hansol, Ahmedabad - IITM",Gujarat.xlsx,Gujarat,2022-09-20,2022-09-21,Gujarat,Ahmedabad,"SVPI Airport Hansol, Ahmedabad - IITM",2022-09-01,0,False,True,"Gujarat|Ahmedabad|SVPI Airport Hansol, Ahmedabad - IITM|2022-09-20",,,,,,,False,
21-09-2022 00:00,22-09-2022 00:00,,,,,,,Gujarat,Ahmedabad,"SVPI Airport Hansol, Ahmedabad - IITM",Gujarat.xlsx,Gujarat,2022-09-21,2022-09-22,Gujarat,Ahmedabad,"SVPI Airport Hansol, Ahmedabad - IITM",2022-09-01,0,False,True,"Gujarat|Ahmedabad|SVPI Airport Hansol, Ahmedabad - IITM|2022-09-21",,,,,,,False,
22-09-2022 00:00,23-09-2022 00:00,,,,,,,Gujarat,Ahmedabad,"SVPI Airport Hansol, Ahmedabad - IITM",Gujarat.xlsx,Gujarat,2022-09-22,2022-09-23,Gujarat,Ahmedabad,"SVPI Airport Hansol, Ahmedabad - IITM",2022-09-01,0,False,True,"Gujarat|Ahmedabad|SVPI Airport Hansol, Ahmedabad - IITM|2022-09-22",,,,,,,False,
23-09-2022 00:00,24-09-2022 00:00,,,,,,,Gujarat,Ahmedabad,"SVPI Airport Hansol, Ahmedabad - IITM",Gujarat.xlsx,Gujarat,2022-09-23,2022-09-24,Gujarat,Ahmedabad,"SVPI Airport Hansol, Ahmedabad - IITM",2022-09-01,0,False,True,"Gujarat|Ahmedabad|SVPI Airport Hansol, Ahmedabad - IITM|2022-09-23",,,,,,,False,
24-09-2022 00:00,25-09-2022 00:00,,,,,,,Gujarat,Ahmedabad,"SVPI Airport Hansol, Ahmedabad - IITM",Gujarat.xlsx,Gujarat,2022-09-24,2022-09-25,Gujarat,Ahmedabad,"SVPI Airport Hansol, Ahmedabad - IITM",2022-09-01,0,False,True,"Gujarat|Ahmedabad|SVPI Airport Hansol, Ahmedabad - IITM|2022-09-24",,,,,,,False,
25-09-2022 00:00,26-09-2022 00:00,,,,,,,Gujarat,Ahmedabad,"SVPI Airport Hansol, Ahmedabad - IITM",Gujarat.xlsx,Gujarat,2022-09-25,2022-09-26,Gujarat,Ahmedabad,"SVPI Airport Hansol, Ahmedabad - IITM",2022-09-01,0,False,True,"Gujarat|Ahmedabad|SVPI Airport Hansol, Ahmedabad - IITM|2022-09-25",,,,,,,False,
26-09-2022 00:00,27-09-2022 00:00,,,,,,,Gujarat,Ahmedabad,"SVPI Airport Hansol, Ahmedabad - IITM",Gujarat.xlsx,Gujarat,2022-09-26,2022-09-27,Gujarat,Ahmedabad,"SVPI Airport Hansol, Ahmedabad - IITM",2022-09-01,0,False,True,"Gujarat|Ahmedabad|SVPI Airport Hansol, Ahmedabad - IITM|2022-09-26",,,,,,,False,
27-09-2022 00:00,28-09-2022 00:00,,,,,,,Gujarat,Ahmedabad,"SVPI Airport Hansol, Ahmedabad - IITM",Gujarat.xlsx,Gujarat,2022-09-27,2022-09-28,Gujarat,Ahmedabad,"SVPI Airport Hansol, Ahmedabad - IITM",2022-09-01,0,False,True,"Gujarat|Ahmedabad|SVPI Airport Hansol, Ahmedabad - IITM|2022-09-27",,,,,,,False,
28-09-2022 00:00,29-09-2022 00:00,,,,,,,Gujarat,Ahmedabad,"SVPI Airport Hansol, Ahmedabad - IITM",Gujarat.xlsx,Gujarat,2022-09-28,2022-09-29,Gujarat,Ahmedabad,"SVPI Airport Hansol, Ahmedabad - IITM",2022-09-01,0,False,True,"Gujarat|Ahmedabad|SVPI Airport Hansol, Ahmedabad - IITM|2022-09-28",,,,,,,False,
29-09-2022 00:00,30-09-2022 00:00,,,,,,,Gujarat,Ahmedabad,"SVPI Airport Hansol, Ahmedabad - IITM",Gujarat.xlsx,Gujarat,2022-09-29,2022-09-30,Gujarat,Ahmedabad,"SVPI Airport Hansol, Ahmedabad - IITM",2022-09-01,0,False,True,"Gujarat|Ahmedabad|SVPI Airport Hansol, Ahmedabad - IITM|2022-09-29",,,,,,,False,
30-09-2022 00:00,01-10-2022 00:00,,,,,,,Gujarat,Ahmedabad,"SVPI Airport Hansol, Ahmedabad - IITM",Gujarat.xlsx,Gujarat,2022-09-30,2022-10-01,Gujarat,Ahmedabad,"SVPI Airport Hansol, Ahmedabad - IITM",2022-09-01,0,False,True,"Gujarat|Ahmedabad|SVPI Airport Hansol, Ahmedabad - IITM|2022-09-30",,,,,,,False,
01-10-2022 00:00,02-10-2022 00:00,,,,,,,Gujarat,Ahmedabad,"SVPI Airport Hansol, Ahmedabad - IITM",Gujarat.xlsx,Gujarat,2022-10-01,2022-10-02,Gujarat,Ahmedabad,"SVPI Airport Hansol, Ahmedabad - IITM",2022-10-01,0,False,True,"Gujarat|Ahmedabad|SVPI Airport Hansol, Ahmedabad - IITM|2022-10-01",,,,,,,False,
02-10-2022 00:00,03-10-2022 00:00,,,,,,,Gujarat,Ahmedabad,"SVPI Airport Hansol, Ahmedabad - IITM",Gujarat.xlsx,Gujarat,2022-10-02,2022-10-03,Gujarat,Ahmedabad,"SVPI Airport Hansol, Ahmedabad - IITM",2022-10-01,0,False,True,"Gujarat|Ahmedabad|SVPI Airport Hansol, Ahmedabad - IITM|2022-10-02",,,,,,,False,
03-10-2022 00:00,04-10-2022 00:00,,,,,,,Gujarat,Ahmedabad,"SVPI Airport Hansol, Ahmedabad - IITM",Gujarat.xlsx,Gujarat,2022-10-03,2022-10-04,Gujarat,Ahmedabad,"SVPI Airport Hansol, Ahmedabad - IITM",2022-10-01,0,False,True,"Gujarat|Ahmedabad|SVPI Airport Hansol, Ahmedabad - IITM|2022-10-03",,,,,,,False,
04-10-2022 00:00,05-10-2022 00:00,,,,,,,Gujarat,Ahmedabad,"SVPI Airport Hansol, Ahmedabad - IITM",Gujarat.xlsx,Gujarat,2022-10-04,2022-10-05,Gujarat,Ahmedabad,"SVPI Airport Hansol, Ahmedabad - IITM",2022-10-01,0,False,True,"Gujarat|Ahmedabad|SVPI Airport Hansol, Ahmedabad - IITM|2022-10-04",,,,,,,False,
05-10-2022 00:00,06-10-2022 00:00,,,,,,,Gujarat,Ahmedabad,"SVPI Airport Hansol, Ahmedabad - IITM",Gujarat.xlsx,Gujarat,2022-10-05,2022-10-06,Gujarat,Ahmedabad,"SVPI Airport Hansol, Ahmedabad - IITM",2022-10-01,0,False,True,"Gujarat|Ahmedabad|SVPI Airport Hansol, Ahmedabad - IITM|2022-10-05",,,,,,,False,
06-10-2022 00:00,07-10-2022 00:00,,,,,,,Gujarat,Ahmedabad,"SVPI Airport Hansol, Ahmedabad - IITM",Gujarat.xlsx,Gujarat,2022-10-06,2022-10-07,Gujarat,Ahmedabad,"SVPI Airport Hansol, Ahmedabad - IITM",2022-10-01,0,False,True,"Gujarat|Ahmedabad|SVPI Airport Hansol, Ahmedabad - IITM|2022-10-06",,,,,,,False,
07-10-2022 00:00,08-10-2022 00:00,,,,,,,Gujarat,Ahmedabad,"SVPI Airport Hansol, Ahmedabad - IITM",Gujarat.xlsx,Gujarat,2022-10-07,2022-10-08,Gujarat,Ahmedabad,"SVPI Airport Hansol, Ahmedabad - IITM",2022-10-01,0,False,True,"Gujarat|Ahmedabad|SVPI Airport Hansol, Ahmedabad - IITM|2022-10-07",,,,,,,False,
08-10-2022 00:00,09-10-2022 00:00,,,,,,,Gujarat,Ahmedabad,"SVPI Airport Hansol, Ahmedabad - IITM",Gujarat.xlsx,Gujarat,2022-10-08,2022-10-09,Gujarat,Ahmedabad,"SVPI Airport Hansol, Ahmedabad - IITM",2022-10-01,0,False,True,"Gujarat|Ahmedabad|SVPI Airport Hansol, Ahmedabad - IITM|2022-10-08",,,,,,,False,
09-10-2022 00:00,10-10-2022 00:00,,,,,,,Gujarat,Ahmedabad,"SVPI Airport Hansol, Ahmedabad - IITM",Gujarat.xlsx,Gujarat,2022-10-09,2022-10-10,Gujarat,Ahmedabad,"SVPI Airport Hansol, Ahmedabad - IITM",2022-10-01,0,False,True,"Gujarat|Ahmedabad|SVPI Airport Hansol, Ahmedabad - IITM|2022-10-09",,,,,,,False,
10-10-2022 00:00,11-10-2022 00:00,,,,,,,Gujarat,Ahmedabad,"SVPI Airport Hansol, Ahmedabad - IITM",Gujarat.xlsx,Gujarat,2022-10-10,2022-10-11,Gujarat,Ahmedabad,"SVPI Airport Hansol, Ahmedabad - IITM",2022-10-01,0,False,True,"Gujarat|Ahmedabad|SVPI Airport Hansol, Ahmedabad - IITM|2022-10-10",,,,,,,False,
11-10-2022 00:00,12-10-2022 00:00,,,,,,,Gujarat,Ahmedabad,"SVPI Airport Hansol, Ahmedabad - IITM",Gujarat.xlsx,Gujarat,2022-10-11,2022-10-12,Gujarat,Ahmedabad,"SVPI Airport Hansol, Ahmedabad - IITM",2022-10-01,0,False,True,"Gujarat|Ahmedabad|SVPI Airport Hansol, Ahmedabad - IITM|2022-10-11",,,,,,,False,
12-10-2022 00:00,13-10-2022 00:00,,,,,,,Gujarat,Ahmedabad,"SVPI Airport Hansol, Ahmedabad - IITM",Gujarat.xlsx,Gujarat,2022-10-12,2022-10-13,Gujarat,Ahmedabad,"SVPI Airport Hansol, Ahmedabad - IITM",2022-10-01,0,False,True,"Gujarat|Ahmedabad|SVPI Airport Hansol, Ahmedabad - IITM|2022-10-12",,,,,,,False,
13-10-2022 00:00,14-10-2022 00:00,,,,,,,Gujarat,Ahmedabad,"SVPI Airport Hansol, Ahmedabad - IITM",Gujarat.xlsx,Gujarat,2022-10-13,2022-10-14,Gujarat,Ahmedabad,"SVPI Airport Hansol, Ahmedabad - IITM",2022-10-01,0,False,True,"Gujarat|Ahmedabad|SVPI Airport Hansol, Ahmedabad - IITM|2022-10-13",,,,,,,False,
14-10-2022 00:00,15-10-2022 00:00,,,,,,,Gujarat,Ahmedabad,"SVPI Airport Hansol, Ahmedabad - IITM",Gujarat.xlsx,Gujarat,2022-10-14,2022-10-15,Gujarat,Ahmedabad,"SVPI Airport Hansol, Ahmedabad - IITM",2022-10-01,0,False,True,"Gujarat|Ahmedabad|SVPI Airport Hansol, Ahmedabad - IITM|2022-10-14",,,,,,,False,
15-10-2022 00:00,16-10-2022 00:00,,,,,,,Gujarat,Ahmedabad,"SVPI Airport Hansol, Ahmedabad - IITM",Gujarat.xlsx,Gujarat,2022-10-15,2022-10-16,Gujarat,Ahmedabad,"SVPI Airport Hansol, Ahmedabad - IITM",2022-10-01,0,False,True,"Gujarat|Ahmedabad|SVPI Airport Hansol, Ahmedabad - IITM|2022-10-15",,,,,,,False,
16-10-2022 00:00,17-10-2022 00:00,,,,,,,Gujarat,Ahmedabad,"SVPI Airport Hansol, Ahmedabad - IITM",Gujarat.xlsx,Gujarat,2022-10-16,2022-10-17,Gujarat,Ahmedabad,"SVPI Airport Hansol, Ahmedabad - IITM",2022-10-01,0,False,True,"Gujarat|Ahmedabad|SVPI Airport Hansol, Ahmedabad - IITM|2022-10-16",,,,,,,False,
17-10-2022 00:00,18-10-2022 00:00,,,,,,,Gujarat,Ahmedabad,"SVPI Airport Hansol, Ahmedabad - IITM",Gujarat.xlsx,Gujarat,2022-10-17,2022-10-18,Gujarat,Ahmedabad,"SVPI Airport Hansol, Ahmedabad - IITM",2022-10-01,0,False,True,"Gujarat|Ahmedabad|SVPI Airport Hansol, Ahmedabad - IITM|2022-10-17",,,,,,,False,
18-10-2022 00:00,19-10-2022 00:00,,,,,,,Gujarat,Ahmedabad,"SVPI Airport Hansol, Ahmedabad - IITM",Gujarat.xlsx,Gujarat,2022-10-18,2022-10-19,Gujarat,Ahmedabad,"SVPI Airport Hansol, Ahmedabad - IITM",2022-10-01,0,False,True,"Gujarat|Ahmedabad|SVPI Airport Hansol, Ahmedabad - IITM|2022-10-18",,,,,,,False,
19-10-2022 00:00,20-10-2022 00:00,,,,,,,Gujarat,Ahmedabad,"SVPI Airport Hansol, Ahmedabad - IITM",Gujarat.xlsx,Gujarat,2022-10-19,2022-10-20,Gujarat,Ahmedabad,"SVPI Airport Hansol, Ahmedabad - IITM",2022-10-01,0,False,True,"Gujarat|Ahmedabad|SVPI Airport Hansol, Ahmedabad - IITM|2022-10-19",,,,,,,False,
20-10-2022 00:00,21-10-2022 00:00,,,,,,,Gujarat,Ahmedabad,"SVPI Airport Hansol, Ahmedabad - IITM",Gujarat.xlsx,Gujarat,2022-10-20,2022-10-21,Gujarat,Ahmedabad,"SVPI Airport Hansol, Ahmedabad - IITM",2022-10-01,0,False,True,"Gujarat|Ahmedabad|SVPI Airport Hansol, Ahmedabad - IITM|2022-10-20",,,,,,,False,
21-10-2022 00:00,22-10-2022 00:00,,,,,,,Gujarat,Ahmedabad,"SVPI Airport Hansol, Ahmedabad - IITM",Gujarat.xlsx,Gujarat,2022-10-21,2022-10-22,Gujarat,Ahmedabad,"SVPI Airport Hansol, Ahmedabad - IITM",2022-10-01,0,False,True,"Gujarat|Ahmedabad|SVPI Airport Hansol, Ahmedabad - IITM|2022-10-21",,,,,,,False,
22-10-2022 00:00,23-10-2022 00:00,,,,,,,Gujarat,Ahmedabad,"SVPI Airport Hansol, Ahmedabad - IITM",Gujarat.xlsx,Gujarat,2022-10-22,2022-10-23,Gujarat,Ahmedabad,"SVPI Airport Hansol, Ahmedabad - IITM",2022-10-01,0,False,True,"Gujarat|Ahmedabad|SVPI Airport Hansol, Ahmedabad - IITM|2022-10-22",,,,,,,False,
23-10-2022 00:00,24-10-2022 00:00,,,,,,,Gujarat,Ahmedabad,"SVPI Airport Hansol, Ahmedabad - IITM",Gujarat.xlsx,Gujarat,2022-10-23,2022-10-24,Gujarat,Ahmedabad,"SVPI Airport Hansol, Ahmedabad - IITM",2022-10-01,0,False,True,"Gujarat|Ahmedabad|SVPI Airport Hansol, Ahmedabad - IITM|2022-10-23",,,,,,,False,
24-10-2022 00:00,25-10-2022 00:00,,,,,,,Gujarat,Ahmedabad,"SVPI Airport Hansol, Ahmedabad - IITM",Gujarat.xlsx,Gujarat,2022-10-24,2022-10-25,Gujarat,Ahmedabad,"SVPI Airport Hansol, Ahmedabad - IITM",2022-10-01,0,False,True,"Gujarat|Ahmedabad|SVPI Airport Hansol, Ahmedabad - IITM|2022-10-24",,,,,,,False,
25-10-2022 00:00,26-10-2022 00:00,,,,,,,Gujarat,Ahmedabad,"SVPI Airport Hansol, Ahmedabad - IITM",Gujarat.xlsx,Gujarat,2022-10-25,2022-10-26,Gujarat,Ahmedabad,"SVPI Airport Hansol, Ahmedabad - IITM",2022-10-01,0,False,True,"Gujarat|Ahmedabad|SVPI Airport Hansol, Ahmedabad - IITM|2022-10-25",,,,,,,False,
26-10-2022 00:00,27-10-2022 00:00,,,,,,,Gujarat,Ahmedabad,"SVPI Airport Hansol, Ahmedabad - IITM",Gujarat.xlsx,Gujarat,2022-10-26,2022-10-27,Gujarat,Ahmedabad,"SVPI Airport Hansol, Ahmedabad - IITM",2022-10-01,0,False,True,"Gujarat|Ahmedabad|SVPI Airport Hansol, Ahmedabad - IITM|2022-10-26",,,,,,,False,
27-10-2022 00:00,28-10-2022 00:00,,,,,,,Gujarat,Ahmedabad,"SVPI Airport Hansol, Ahmedabad - IITM",Gujarat.xlsx,Gujarat,2022-10-27,2022-10-28,Gujarat,Ahmedabad,"SVPI Airport Hansol, Ahmedabad - IITM",2022-10-01,0,False,True,"Gujarat|Ahmedabad|SVPI Airport Hansol, Ahmedabad - IITM|2022-10-27",,,,,,,False,
28-10-2022 00:00,29-10-2022 00:00,,,,,,,Gujarat,Ahmedabad,"SVPI Airport Hansol, Ahmedabad - IITM",Gujarat.xlsx,Gujarat,2022-10-28,2022-10-29,Gujarat,Ahmedabad,"SVPI Airport Hansol, Ahmedabad - IITM",2022-10-01,0,False,True,"Gujarat|Ahmedabad|SVPI Airport Hansol, Ahmedabad - IITM|2022-10-28",,,,,,,False,
29-10-2022 00:00,30-10-2022 00:00,,,,,,,Gujarat,Ahmedabad,"SVPI Airport Hansol, Ahmedabad - IITM",Gujarat.xlsx,Gujarat,2022-10-29,2022-10-30,Gujarat,Ahmedabad,"SVPI Airport Hansol, Ahmedabad - IITM",2022-10-01,0,False,True,"Gujarat|Ahmedabad|SVPI Airport Hansol, Ahmedabad - IITM|2022-10-29",,,,,,,False,
30-10-2022 00:00,31-10-2022 00:00,,,,,,,Gujarat,Ahmedabad,"SVPI Airport Hansol, Ahmedabad - IITM",Gujarat.xlsx,Gujarat,2022-10-30,2022-10-31,Gujarat,Ahmedabad,"SVPI Airport Hansol, Ahmedabad - IITM",2022-10-01,0,False,True,"Gujarat|Ahmedabad|SVPI Airport Hansol, Ahmedabad - IITM|2022-10-30",,,,,,,False,
31-10-2022 00:00,01-11-2022 00:00,,,,,,,Gujarat,Ahmedabad,"SVPI Airport Hansol, Ahmedabad - IITM",Gujarat.xlsx,Gujarat,2022-10-31,2022-11-01,Gujarat,Ahmedabad,"SVPI Airport Hansol, Ahmedabad - IITM",2022-10-01,0,False,True,"Gujarat|Ahmedabad|SVPI Airport Hansol, Ahmedabad - IITM|2022-10-31",,,,,,,False,
01-11-2022 00:00,02-11-2022 00:00,,,,,,,Gujarat,Ahmedabad,"SVPI Airport Hansol, Ahmedabad - IITM",Gujarat.xlsx,Gujarat,2022-11-01,2022-11-02,Gujarat,Ahmedabad,"SVPI Airport Hansol, Ahmedabad - IITM",2022-11-01,0,False,True,"Gujarat|Ahmedabad|SVPI Airport Hansol, Ahmedabad - IITM|2022-11-01",,,,,,,False,
02-11-2022 00:00,03-11-2022 00:00,,,,,,,Gujarat,Ahmedabad,"SVPI Airport Hansol, Ahmedabad - IITM",Gujarat.xlsx,Gujarat,2022-11-02,2022-11-03,Gujarat,Ahmedabad,"SVPI Airport Hansol, Ahmedabad - IITM",2022-11-01,0,False,True,"Gujarat|Ahmedabad|SVPI Airport Hansol, Ahmedabad - IITM|2022-11-02",,,,,,,False,
03-11-2022 00:00,04-11-2022 00:00,,,,,,,Gujarat,Ahmedabad,"SVPI Airport Hansol, Ahmedabad - IITM",Gujarat.xlsx,Gujarat,2022-11-03,2022-11-04,Gujarat,Ahmedabad,"SVPI Airport Hansol, Ahmedabad - IITM",2022-11-01,0,False,True,"Gujarat|Ahmedabad|SVPI Airport Hansol, Ahmedabad - IITM|2022-11-03",,,,,,,False,
04-11-2022 00:00,05-11-2022 00:00,,,,,,,Gujarat,Ahmedabad,"SVPI Airport Hansol, Ahmedabad - IITM",Gujarat.xlsx,Gujarat,2022-11-04,2022-11-05,Gujarat,Ahmedabad,"SVPI Airport Hansol, Ahmedabad - IITM",2022-11-01,0,False,True,"Gujarat|Ahmedabad|SVPI Airport Hansol, Ahmedabad - IITM|2022-11-04",,,,,,,False,
05-11-2022 00:00,06-11-2022 00:00,,,,,,,Gujarat,Ahmedabad,"SVPI Airport Hansol, Ahmedabad - IITM",Gujarat.xlsx,Gujarat,2022-11-05,2022-11-06,Gujarat,Ahmedabad,"SVPI Airport Hansol, Ahmedabad - IITM",2022-11-01,0,False,True,"Gujarat|Ahmedabad|SVPI Airport Hansol, Ahmedabad - IITM|2022-11-05",,,,,,,False,
06-11-2022 00:00,07-11-2022 00:00,,,,,,,Gujarat,Ahmedabad,"SVPI Airport Hansol, Ahmedabad - IITM",Gujarat.xlsx,Gujarat,2022-11-06,2022-11-07,Gujarat,Ahmedabad,"SVPI Airport Hansol, Ahmedabad - IITM",2022-11-01,0,False,True,"Gujarat|Ahmedabad|SVPI Airport Hansol, Ahmedabad - IITM|2022-11-06",,,,,,,False,
07-11-2022 00:00,08-11-2022 00:00,,,,,,,Gujarat,Ahmedabad,"SVPI Airport Hansol, Ahmedabad - IITM",Gujarat.xlsx,Gujarat,2022-11-07,2022-11-08,Gujarat,Ahmedabad,"SVPI Airport Hansol, Ahmedabad - IITM",2022-11-01,0,False,True,"Gujarat|Ahmedabad|SVPI Airport Hansol, Ahmedabad - IITM|2022-11-07",,,,,,,False,
08-11-2022 00:00,09-11-2022 00:00,,,,,,,Gujarat,Ahmedabad,"SVPI Airport Hansol, Ahmedabad - IITM",Gujarat.xlsx,Gujarat,2022-11-08,2022-11-09,Gujarat,Ahmedabad,"SVPI Airport Hansol, Ahmedabad - IITM",2022-11-01,0,False,True,"Gujarat|Ahmedabad|SVPI Airport Hansol, Ahmedabad - IITM|2022-11-08",,,,,,,False,
09-11-2022 00:00,10-11-2022 00:00,,,,,,,Gujarat,Ahmedabad,"SVPI Airport Hansol, Ahmedabad - IITM",Gujarat.xlsx,Gujarat,2022-11-09,2022-11-10,Gujarat,Ahmedabad,"SVPI Airport Hansol, Ahmedabad - IITM",2022-11-01,0,False,True,"Gujarat|Ahmedabad|SVPI Airport Hansol, Ahmedabad - IITM|2022-11-09",,,,,,,False,
10-11-2022 00:00,11-11-2022 00:00,,,,,,,Gujarat,Ahmedabad,"SVPI Airport Hansol, Ahmedabad - IITM",Gujarat.xlsx,Gujarat,2022-11-10,2022-11-11,Gujarat,Ahmedabad,"SVPI Airport Hansol, Ahmedabad - IITM",2022-11-01,0,False,True,"Gujarat|Ahmedabad|SVPI Airport Hansol, Ahmedabad - IITM|2022-11-10",,,,,,,False,
11-11-2022 00:00,12-11-2022 00:00,,,,,,,Gujarat,Ahmedabad,"SVPI Airport Hansol, Ahmedabad - IITM",Gujarat.xlsx,Gujarat,2022-11-11,2022-11-12,Gujarat,Ahmedabad,"SVPI Airport Hansol, Ahmedabad - IITM",2022-11-01,0,False,True,"Gujarat|Ahmedabad|SVPI Airport Hansol, Ahmedabad - IITM|2022-11-11",,,,,,,False,
12-11-2022 00:00,13-11-2022 00:00,,,,,,,Gujarat,Ahmedabad,"SVPI Airport Hansol, Ahmedabad - IITM",Gujarat.xlsx,Gujarat,2022-11-12,2022-11-13,Gujarat,Ahmedabad,"SVPI Airport Hansol, Ahmedabad - IITM",2022-11-01,0,False,True,"Gujarat|Ahmedabad|SVPI Airport Hansol, Ahmedabad - IITM|2022-11-12",,,,,,,False,
13-11-2022 00:00,14-11-2022 00:00,,,,,,,Gujarat,Ahmedabad,"SVPI Airport Hansol, Ahmedabad - IITM",Gujarat.xlsx,Gujarat,2022-11-13,2022-11-14,Gujarat,Ahmedabad,"SVPI Airport Hansol, Ahmedabad - IITM",2022-11-01,0,False,True,"Gujarat|Ahmedabad|SVPI Airport Hansol, Ahmedabad - IITM|2022-11-13",,,,,,,False,
14-11-2022 00:00,15-11-2022 00:00,,,,,,,Gujarat,Ahmedabad,"SVPI Airport Hansol, Ahmedabad - IITM",Gujarat.xlsx,Gujarat,2022-11-14,2022-11-15,Gujarat,Ahmedabad,"SVPI Airport Hansol, Ahmedabad - IITM",2022-11-01,0,False,True,"Gujarat|Ahmedabad|SVPI Airport Hansol, Ahmedabad - IITM|2022-11-14",,,,,,,False,
15-11-2022 00:00,16-11-2022 00:00,,,,,,,Gujarat,Ahmedabad,"SVPI Airport Hansol, Ahmedabad - IITM",Gujarat.xlsx,Gujarat,2022-11-15,2022-11-16,Gujarat,Ahmedabad,"SVPI Airport Hansol, Ahmedabad - IITM",2022-11-01,0,False,True,"Gujarat|Ahmedabad|SVPI Airport Hansol, Ahmedabad - IITM|2022-11-15",,,,,,,False,
16-11-2022 00:00,17-11-2022 00:00,,,,,,,Gujarat,Ahmedabad,"SVPI Airport Hansol, Ahmedabad - IITM",Gujarat.xlsx,Gujarat,2022-11-16,2022-11-17,Gujarat,Ahmedabad,"SVPI Airport Hansol, Ahmedabad - IITM",2022-11-01,0,False,True,"Gujarat|Ahmedabad|SVPI Airport Hansol, Ahmedabad - IITM|2022-11-16",,,,,,,False,
17-11-2022 00:00,18-11-2022 00:00,,,,,,,Gujarat,Ahmedabad,"SVPI Airport Hansol, Ahmedabad - IITM",Gujarat.xlsx,Gujarat,2022-11-17,2022-11-18,Gujarat,Ahmedabad,"SVPI Airport Hansol, Ahmedabad - IITM",2022-11-01,0,False,True,"Gujarat|Ahmedabad|SVPI Airport Hansol, Ahmedabad - IITM|2022-11-17",,,,,,,False,
18-11-2022 00:00,19-11-2022 00:00,,,,,,,Gujarat,Ahmedabad,"SVPI Airport Hansol, Ahmedabad - IITM",Gujarat.xlsx,Gujarat,2022-11-18,2022-11-19,Gujarat,Ahmedabad,"SVPI Airport Hansol, Ahmedabad - IITM",2022-11-01,0,False,True,"Gujarat|Ahmedabad|SVPI Airport Hansol, Ahmedabad - IITM|2022-11-18",,,,,,,False,
19-11-2022 00:00,20-11-2022 00:00,,,,,,,Gujarat,Ahmedabad,"SVPI Airport Hansol, Ahmedabad - IITM",Gujarat.xlsx,Gujarat,2022-11-19,2022-11-20,Gujarat,Ahmedabad,"SVPI Airport Hansol, Ahmedabad - IITM",2022-11-01,0,False,True,"Gujarat|Ahmedabad|SVPI Airport Hansol, Ahmedabad - IITM|2022-11-19",,,,,,,False,
20-11-2022 00:00,21-11-2022 00:00,,,,,,,Gujarat,Ahmedabad,"SVPI Airport Hansol, Ahmedabad - IITM",Gujarat.xlsx,Gujarat,2022-11-20,2022-11-21,Gujarat,Ahmedabad,"SVPI Airport Hansol, Ahmedabad - IITM",2022-11-01,0,False,True,"Gujarat|Ahmedabad|SVPI Airport Hansol, Ahmedabad - IITM|2022-11-20",,,,,,,False,
21-11-2022 00:00,22-11-2022 00:00,,,,,,,Gujarat,Ahmedabad,"SVPI Airport Hansol, Ahmedabad - IITM",Gujarat.xlsx,Gujarat,2022-11-21,2022-11-22,Gujarat,Ahmedabad,"SVPI Airport Hansol, Ahmedabad - IITM",2022-11-01,0,False,True,"Gujarat|Ahmedabad|SVPI Airport Hansol, Ahmedabad - IITM|2022-11-21",,,,,,,False,
22-11-2022 00:00,23-11-2022 00:00,,,,,,,Gujarat,Ahmedabad,"SVPI Airport Hansol, Ahmedabad - IITM",Gujarat.xlsx,Gujarat,2022-11-22,2022-11-23,Gujarat,Ahmedabad,"SVPI Airport Hansol, Ahmedabad - IITM",2022-11-01,0,False,True,"Gujarat|Ahmedabad|SVPI Airport Hansol, Ahmedabad - IITM|2022-11-22",,,,,,,False,
23-11-2022 00:00,24-11-2022 00:00,,,,,,,Gujarat,Ahmedabad,"SVPI Airport Hansol, Ahmedabad - IITM",Gujarat.xlsx,Gujarat,2022-11-23,2022-11-24,Gujarat,Ahmedabad,"SVPI Airport Hansol, Ahmedabad - IITM",2022-11-01,0,False,True,"Gujarat|Ahmedabad|SVPI Airport Hansol, Ahmedabad - IITM|2022-11-23",,,,,,,False,
24-11-2022 00:00,25-11-2022 00:00,,,,,,,Gujarat,Ahmedabad,"SVPI Airport Hansol, Ahmedabad - IITM",Gujarat.xlsx,Gujarat,2022-11-24,2022-11-25,Gujarat,Ahmedabad,"SVPI Airport Hansol, Ahmedabad - IITM",2022-11-01,0,False,True,"Gujarat|Ahmedabad|SVPI Airport Hansol, Ahmedabad - IITM|2022-11-24",,,,,,,False,
25-11-2022 00:00,26-11-2022 00:00,,,,,,,Gujarat,Ahmedabad,"SVPI Airport Hansol, Ahmedabad - IITM",Gujarat.xlsx,Gujarat,2022-11-25,2022-11-26,Gujarat,Ahmedabad,"SVPI Airport Hansol, Ahmedabad - IITM",2022-11-01,0,False,True,"Gujarat|Ahmedabad|SVPI Airport Hansol, Ahmedabad - IITM|2022-11-25",,,,,,,False,
26-11-2022 00:00,27-11-2022 00:00,,,,,,,Gujarat,Ahmedabad,"SVPI Airport Hansol, Ahmedabad - IITM",Gujarat.xlsx,Gujarat,2022-11-26,2022-11-27,Gujarat,Ahmedabad,"SVPI Airport Hansol, Ahmedabad - IITM",2022-11-01,0,False,True,"Gujarat|Ahmedabad|SVPI Airport Hansol, Ahmedabad - IITM|2022-11-26",,,,,,,False,
27-11-2022 00:00,28-11-2022 00:00,,,,,,,Gujarat,Ahmedabad,"SVPI Airport Hansol, Ahmedabad - IITM",Gujarat.xlsx,Gujarat,2022-11-27,2022-11-28,Gujarat,Ahmedabad,"SVPI Airport Hansol, Ahmedabad - IITM",2022-11-01,0,False,True,"Gujarat|Ahmedabad|SVPI Airport Hansol, Ahmedabad - IITM|2022-11-27",,,,,,,False,
28-11-2022 00:00,29-11-2022 00:00,,,,,,,Gujarat,Ahmedabad,"SVPI Airport Hansol, Ahmedabad - IITM",Gujarat.xlsx,Gujarat,2022-11-28,2022-11-29,Gujarat,Ahmedabad,"SVPI Airport Hansol, Ahmedabad - IITM",2022-11-01,0,False,True,"Gujarat|Ahmedabad|SVPI Airport Hansol, Ahmedabad - IITM|2022-11-28",,,,,,,False,
29-11-2022 00:00,30-11-2022 00:00,,,,,,,Gujarat,Ahmedabad,"SVPI Airport Hansol, Ahmedabad - IITM",Gujarat.xlsx,Gujarat,2022-11-29,2022-11-30,Gujarat,Ahmedabad,"SVPI Airport Hansol, Ahmedabad - IITM",2022-11-01,0,False,True,"Gujarat|Ahmedabad|SVPI Airport Hansol, Ahmedabad - IITM|2022-11-29",,,,,,,False,
30-11-2022 00:00,01-12-2022 00:00,,,,,,,Gujarat,Ahmedabad,"SVPI Airport Hansol, Ahmedabad - IITM",Gujarat.xlsx,Gujarat,2022-11-30,2022-12-01,Gujarat,Ahmedabad,"SVPI Airport Hansol, Ahmedabad - IITM",2022-11-01,0,False,True,"Gujarat|Ahmedabad|SVPI Airport Hansol, Ahmedabad - IITM|2022-11-30",,,,,,,False,
01-12-2022 00:00,02-12-2022 00:00,,,,,,,Gujarat,Ahmedabad,"SVPI Airport Hansol, Ahmedabad - IITM",Gujarat.xlsx,Gujarat,2022-12-01,2022-12-02,Gujarat,Ahmedabad,"SVPI Airport Hansol, Ahmedabad - IITM",2022-12-01,0,False,True,"Gujarat|Ahmedabad|SVPI Airport Hansol, Ahmedabad - IITM|2022-12-01",,,,,,,False,
02-12-2022 00:00,03-12-2022 00:00,,,,,,,Gujarat,Ahmedabad,"SVPI Airport Hansol, Ahmedabad - IITM",Gujarat.xlsx,Gujarat,2022-12-02,2022-12-03,Gujarat,Ahmedabad,"SVPI Airport Hansol, Ahmedabad - IITM",2022-12-01,0,False,True,"Gujarat|Ahmedabad|SVPI Airport Hansol, Ahmedabad - IITM|2022-12-02",,,,,,,False,
03-12-2022 00:00,04-12-2022 00:00,,,,,,,Gujarat,Ahmedabad,"SVPI Airport Hansol, Ahmedabad - IITM",Gujarat.xlsx,Gujarat,2022-12-03,2022-12-04,Gujarat,Ahmedabad,"SVPI Airport Hansol, Ahmedabad - IITM",2022-12-01,0,False,True,"Gujarat|Ahmedabad|SVPI Airport Hansol, Ahmedabad - IITM|2022-12-03",,,,,,,False,
04-12-2022 00:00,05-12-2022 00:00,,,,,,,Gujarat,Ahmedabad,"SVPI Airport Hansol, Ahmedabad - IITM",Gujarat.xlsx,Gujarat,2022-12-04,2022-12-05,Gujarat,Ahmedabad,"SVPI Airport Hansol, Ahmedabad - IITM",2022-12-01,0,False,True,"Gujarat|Ahmedabad|SVPI Airport Hansol, Ahmedabad - IITM|2022-12-04",,,,,,,False,
05-12-2022 00:00,06-12-2022 00:00,,,,,,,Gujarat,Ahmedabad,"SVPI Airport Hansol, Ahmedabad - IITM",Gujarat.xlsx,Gujarat,2022-12-05,2022-12-06,Gujarat,Ahmedabad,"SVPI Airport Hansol, Ahmedabad - IITM",2022-12-01,0,False,True,"Gujarat|Ahmedabad|SVPI Airport Hansol, Ahmedabad - IITM|2022-12-05",,,,,,,False,
06-12-2022 00:00,07-12-2022 00:00,,,,,,,Gujarat,Ahmedabad,"SVPI Airport Hansol, Ahmedabad - IITM",Gujarat.xlsx,Gujarat,2022-12-06,2022-12-07,Gujarat,Ahmedabad,"SVPI Airport Hansol, Ahmedabad - IITM",2022-12-01,0,False,True,"Gujarat|Ahmedabad|SVPI Airport Hansol, Ahmedabad - IITM|2022-12-06",,,,,,,False,
07-12-2022 00:00,08-12-2022 00:00,,,,,,,Gujarat,Ahmedabad,"SVPI Airport Hansol, Ahmedabad - IITM",Gujarat.xlsx,Gujarat,2022-12-07,2022-12-08,Gujarat,Ahmedabad,"SVPI Airport Hansol, Ahmedabad - IITM",2022-12-01,0,False,True,"Gujarat|Ahmedabad|SVPI Airport Hansol, Ahmedabad - IITM|2022-12-07",,,,,,,False,
08-12-2022 00:00,09-12-2022 00:00,,,,,,,Gujarat,Ahmedabad,"SVPI Airport Hansol, Ahmedabad - IITM",Gujarat.xlsx,Gujarat,2022-12-08,2022-12-09,Gujarat,Ahmedabad,"SVPI Airport Hansol, Ahmedabad - IITM",2022-12-01,0,False,True,"Gujarat|Ahmedabad|SVPI Airport Hansol, Ahmedabad - IITM|2022-12-08",,,,,,,False,
09-12-2022 00:00,10-12-2022 00:00,,,,,,,Gujarat,Ahmedabad,"SVPI Airport Hansol, Ahmedabad - IITM",Gujarat.xlsx,Gujarat,2022-12-09,2022-12-10,Gujarat,Ahmedabad,"SVPI Airport Hansol, Ahmedabad - IITM",2022-12-01,0,False,True,"Gujarat|Ahmedabad|SVPI Airport Hansol, Ahmedabad - IITM|2022-12-09",,,,,,,False,
10-12-2022 00:00,11-12-2022 00:00,,,,,,,Gujarat,Ahmedabad,"SVPI Airport Hansol, Ahmedabad - IITM",Gujarat.xlsx,Gujarat,2022-12-10,2022-12-11,Gujarat,Ahmedabad,"SVPI Airport Hansol, Ahmedabad - IITM",2022-12-01,0,False,True,"Gujarat|Ahmedabad|SVPI Airport Hansol, Ahmedabad - IITM|2022-12-10",,,,,,,False,
11-12-2022 00:00,12-12-2022 00:00,,,,,,,Gujarat,Ahmedabad,"SVPI Airport Hansol, Ahmedabad - IITM",Gujarat.xlsx,Gujarat,2022-12-11,2022-12-12,Gujarat,Ahmedabad,"SVPI Airport Hansol, Ahmedabad - IITM",2022-12-01,0,False,True,"Gujarat|Ahmedabad|SVPI Airport Hansol, Ahmedabad - IITM|2022-12-11",,,,,,,False,
12-12-2022 00:00,13-12-2022 00:00,,,,,,,Gujarat,Ahmedabad,"SVPI Airport Hansol, Ahmedabad - IITM",Gujarat.xlsx,Gujarat,2022-12-12,2022-12-13,Gujarat,Ahmedabad,"SVPI Airport Hansol, Ahmedabad - IITM",2022-12-01,0,False,True,"Gujarat|Ahmedabad|SVPI Airport Hansol, Ahmedabad - IITM|2022-12-12",,,,,,,False,
13-12-2022 00:00,14-12-2022 00:00,,,,,,,Gujarat,Ahmedabad,"SVPI Airport Hansol, Ahmedabad - IITM",Gujarat.xlsx,Gujarat,2022-12-13,2022-12-14,Gujarat,Ahmedabad,"SVPI Airport Hansol, Ahmedabad - IITM",2022-12-01,0,False,True,"Gujarat|Ahmedabad|SVPI Airport Hansol, Ahmedabad - IITM|2022-12-13",,,,,,,False,
14-12-2022 00:00,15-12-2022 00:00,,,,,,,Gujarat,Ahmedabad,"SVPI Airport Hansol, Ahmedabad - IITM",Gujarat.xlsx,Gujarat,2022-12-14,2022-12-15,Gujarat,Ahmedabad,"SVPI Airport Hansol, Ahmedabad - IITM",2022-12-01,0,False,True,"Gujarat|Ahmedabad|SVPI Airport Hansol, Ahmedabad - IITM|2022-12-14",,,,,,,False,
15-12-2022 00:00,16-12-2022 00:00,,,,,,,Gujarat,Ahmedabad,"SVPI Airport Hansol, Ahmedabad - IITM",Gujarat.xlsx,Gujarat,2022-12-15,2022-12-16,Gujarat,Ahmedabad,"SVPI Airport Hansol, Ahmedabad - IITM",2022-12-01,0,False,True,"Gujarat|Ahmedabad|SVPI Airport Hansol, Ahmedabad - IITM|2022-12-15",,,,,,,False,
16-12-2022 00:00,17-12-2022 00:00,,,,,,,Gujarat,Ahmedabad,"SVPI Airport Hansol, Ahmedabad - IITM",Gujarat.xlsx,Gujarat,2022-12-16,2022-12-17,Gujarat,Ahmedabad,"SVPI Airport Hansol, Ahmedabad - IITM",2022-12-01,0,False,True,"Gujarat|Ahmedabad|SVPI Airport Hansol, Ahmedabad - IITM|2022-12-16",,,,,,,False,
17-12-2022 00:00,18-12-2022 00:00,,,,,,,Gujarat,Ahmedabad,"SVPI Airport Hansol, Ahmedabad - IITM",Gujarat.xlsx,Gujarat,2022-12-17,2022-12-18,Gujarat,Ahmedabad,"SVPI Airport Hansol, Ahmedabad - IITM",2022-12-01,0,False,True,"Gujarat|Ahmedabad|SVPI Airport Hansol, Ahmedabad - IITM|2022-12-17",,,,,,,False,
18-12-2022 00:00,19-12-2022 00:00,,,,,,,Gujarat,Ahmedabad,"SVPI Airport Hansol, Ahmedabad - IITM",Gujarat.xlsx,Gujarat,2022-12-18,2022-12-19,Gujarat,Ahmedabad,"SVPI Airport Hansol, Ahmedabad - IITM",2022-12-01,0,False,True,"Gujarat|Ahmedabad|SVPI Airport Hansol, Ahmedabad - IITM|2022-12-18",,,,,,,False,
19-12-2022 00:00,20-12-2022 00:00,,,,,,,Gujarat,Ahmedabad,"SVPI Airport Hansol, Ahmedabad - IITM",Gujarat.xlsx,Gujarat,2022-12-19,2022-12-20,Gujarat,Ahmedabad,"SVPI Airport Hansol, Ahmedabad - IITM",2022-12-01,0,False,True,"Gujarat|Ahmedabad|SVPI Airport Hansol, Ahmedabad - IITM|2022-12-19",,,,,,,False,
20-12-2022 00:00,21-12-2022 00:00,,,,,,,Gujarat,Ahmedabad,"SVPI Airport Hansol, Ahmedabad - IITM",Gujarat.xlsx,Gujarat,2022-12-20,2022-12-21,Gujarat,Ahmedabad,"SVPI Airport Hansol, Ahmedabad - IITM",2022-12-01,0,False,True,"Gujarat|Ahmedabad|SVPI Airport Hansol, Ahmedabad - IITM|2022-12-20",,,,,,,False,
21-12-2022 00:00,22-12-2022 00:00,,,,,,,Gujarat,Ahmedabad,"SVPI Airport Hansol, Ahmedabad - IITM",Gujarat.xlsx,Gujarat,2022-12-21,2022-12-22,Gujarat,Ahmedabad,"SVPI Airport Hansol, Ahmedabad - IITM",2022-12-01,0,False,True,"Gujarat|Ahmedabad|SVPI Airport Hansol, Ahmedabad - IITM|2022-12-21",,,,,,,False,
22-12-2022 00:00,23-12-2022 00:00,,,,,,,Gujarat,Ahmedabad,"SVPI Airport Hansol, Ahmedabad - IITM",Gujarat.xlsx,Gujarat,2022-12-22,2022-12-23,Gujarat,Ahmedabad,"SVPI Airport Hansol, Ahmedabad - IITM",2022-12-01,0,False,True,"Gujarat|Ahmedabad|SVPI Airport Hansol, Ahmedabad - IITM|2022-12-22",,,,,,,False,
23-12-2022 00:00,24-12-2022 00:00,,,,,,,Gujarat,Ahmedabad,"SVPI Airport Hansol, Ahmedabad - IITM",Gujarat.xlsx,Gujarat,2022-12-23,2022-12-24,Gujarat,Ahmedabad,"SVPI Airport Hansol, Ahmedabad - IITM",2022-12-01,0,False,True,"Gujarat|Ahmedabad|SVPI Airport Hansol, Ahmedabad - IITM|2022-12-23",,,,,,,False,
24-12-2022 00:00,25-12-2022 00:00,,,,,,,Gujarat,Ahmedabad,"SVPI Airport Hansol, Ahmedabad - IITM",Gujarat.xlsx,Gujarat,2022-12-24,2022-12-25,Gujarat,Ahmedabad,"SVPI Airport Hansol, Ahmedabad - IITM",2022-12-01,0,False,True,"Gujarat|Ahmedabad|SVPI Airport Hansol, Ahmedabad - IITM|2022-12-24",,,,,,,False,
25-12-2022 00:00,26-12-2022 00:00,,,,,,,Gujarat,Ahmedabad,"SVPI Airport Hansol, Ahmedabad - IITM",Gujarat.xlsx,Gujarat,2022-12-25,2022-12-26,Gujarat,Ahmedabad,"SVPI Airport Hansol, Ahmedabad - IITM",2022-12-01,0,False,True,"Gujarat|Ahmedabad|SVPI Airport Hansol, Ahmedabad - IITM|2022-12-25",,,,,,,False,
26-12-2022 00:00,27-12-2022 00:00,,,,,,,Gujarat,Ahmedabad,"SVPI Airport Hansol, Ahmedabad - IITM",Gujarat.xlsx,Gujarat,2022-12-26,2022-12-27,Gujarat,Ahmedabad,"SVPI Airport Hansol, Ahmedabad - IITM",2022-12-01,0,False,True,"Gujarat|Ahmedabad|SVPI Airport Hansol, Ahmedabad - IITM|2022-12-26",,,,,,,False,
27-12-2022 00:00,28-12-2022 00:00,,,,,,,Gujarat,Ahmedabad,"SVPI Airport Hansol, Ahmedabad - IITM",Gujarat.xlsx,Gujarat,2022-12-27,2022-12-28,Gujarat,Ahmedabad,"SVPI Airport Hansol, Ahmedabad - IITM",2022-12-01,0,False,True,"Gujarat|Ahmedabad|SVPI Airport Hansol, Ahmedabad - IITM|2022-12-27",,,,,,,False,
28-12-2022 00:00,29-12-2022 00:00,,,,,,,Gujarat,Ahmedabad,"SVPI Airport Hansol, Ahmedabad - IITM",Gujarat.xlsx,Gujarat,2022-12-28,2022-12-29,Gujarat,Ahmedabad,"SVPI Airport Hansol, Ahmedabad - IITM",2022-12-01,0,False,True,"Gujarat|Ahmedabad|SVPI Airport Hansol, Ahmedabad - IITM|2022-12-28",,,,,,,False,
29-12-2022 00:00,30-12-2022 00:00,,,,,,,Gujarat,Ahmedabad,"SVPI Airport Hansol, Ahmedabad - IITM",Gujarat.xlsx,Gujarat,2022-12-29,2022-12-30,Gujarat,Ahmedabad,"SVPI Airport Hansol, Ahmedabad - IITM",2022-12-01,0,False,True,"Gujarat|Ahmedabad|SVPI Airport Hansol, Ahmedabad - IITM|2022-12-29",,,,,,,False,
30-12-2022 00:00,31-12-2022 00:00,,,,,,,Gujarat,Ahmedabad,"SVPI Airport Hansol, Ahmedabad - IITM",Gujarat.xlsx,Gujarat,2022-12-30,2022-12-31,Gujarat,Ahmedabad,"SVPI Airport Hansol, Ahmedabad - IITM",2022-12-01,0,False,True,"Gujarat|Ahmedabad|SVPI Airport Hansol, Ahmedabad - IITM|2022-12-30",,,,,,,False,
31-12-2022 00:00,01-01-2023 00:00,,,,,,,Gujarat,Ahmedabad,"SVPI Airport Hansol, Ahmedabad - IITM",Gujarat.xlsx,Gujarat,2022-12-31,2023-01-01,Gujarat,Ahmedabad,"SVPI Airport Hansol, Ahmedabad - IITM",2022-12-01,0,False,True,"Gujarat|Ahmedabad|SVPI Airport Hansol, Ahmedabad - IITM|2022-12-31",,,,,,,False,
01-01-2023 00:00,02-01-2023 00:00,,,,,,,Gujarat,Ahmedabad,"SVPI Airport Hansol, Ahmedabad - IITM",Gujarat.xlsx,Gujarat,2023-01-01,2023-01-02,Gujarat,Ahmedabad,"SVPI Airport Hansol, Ahmedabad - IITM",2023-01-01,0,False,True,"Gujarat|Ahmedabad|SVPI Airport Hansol, Ahmedabad - IITM|2023-01-01",,,,,,,False,
02-01-2023 00:00,03-01-2023 00:00,,,,,,,Gujarat,Ahmedabad,"SVPI Airport Hansol, Ahmedabad - IITM",Gujarat.xlsx,Gujarat,2023-01-02,2023-01-03,Gujarat,Ahmedabad,"SVPI Airport Hansol, Ahmedabad - IITM",2023-01-01,0,False,True,"Gujarat|Ahmedabad|SVPI Airport Hansol, Ahmedabad - IITM|2023-01-02",,,,,,,False,
03-01-2023 00:00,04-01-2023 00:00,,,,,,,Gujarat,Ahmedabad,"SVPI Airport Hansol, Ahmedabad - IITM",Gujarat.xlsx,Gujarat,2023-01-03,2023-01-04,Gujarat,Ahmedabad,"SVPI Airport Hansol, Ahmedabad - IITM",2023-01-01,0,False,True,"Gujarat|Ahmedabad|SVPI Airport Hansol, Ahmedabad - IITM|2023-01-03",,,,,,,False,
04-01-2023 00:00,05-01-2023 00:00,,,,,,,Gujarat,Ahmedabad,"SVPI Airport Hansol, Ahmedabad - IITM",Gujarat.xlsx,Gujarat,2023-01-04,2023-01-05,Gujarat,Ahmedabad,"SVPI Airport Hansol, Ahmedabad - IITM",2023-01-01,0,False,True,"Gujarat|Ahmedabad|SVPI Airport Hansol, Ahmedabad - IITM|2023-01-04",,,,,,,False,
05-01-2023 00:00,06-01-2023 00:00,,,,,,,Gujarat,Ahmedabad,"SVPI Airport Hansol, Ahmedabad - IITM",Gujarat.xlsx,Gujarat,2023-01-05,2023-01-06,Gujarat,Ahmedabad,"SVPI Airport Hansol, Ahmedabad - IITM",2023-01-01,0,False,True,"Gujarat|Ahmedabad|SVPI Airport Hansol, Ahmedabad - IITM|2023-01-05",,,,,,,False,
06-01-2023 00:00,07-01-2023 00:00,,,,,,,Gujarat,Ahmedabad,"SVPI Airport Hansol, Ahmedabad - IITM",Gujarat.xlsx,Gujarat,2023-01-06,2023-01-07,Gujarat,Ahmedabad,"SVPI Airport Hansol, Ahmedabad - IITM",2023-01-01,0,False,True,"Gujarat|Ahmedabad|SVPI Airport Hansol, Ahmedabad - IITM|2023-01-06",,,,,,,False,
07-01-2023 00:00,08-01-2023 00:00,,,,,,,Gujarat,Ahmedabad,"SVPI Airport Hansol, Ahmedabad - IITM",Gujarat.xlsx,Gujarat,2023-01-07,2023-01-08,Gujarat,Ahmedabad,"SVPI Airport Hansol, Ahmedabad - IITM",2023-01-01,0,False,True,"Gujarat|Ahmedabad|SVPI Airport Hansol, Ahmedabad - IITM|2023-01-07",,,,,,,False,
08-01-2023 00:00,09-01-2023 00:00,,,,,,,Gujarat,Ahmedabad,"SVPI Airport Hansol, Ahmedabad - IITM",Gujarat.xlsx,Gujarat,2023-01-08,2023-01-09,Gujarat,Ahmedabad,"SVPI Airport Hansol, Ahmedabad - IITM",2023-01-01,0,False,True,"Gujarat|Ahmedabad|SVPI Airport Hansol, Ahmedabad - IITM|2023-01-08",,,,,,,False,
09-01-2023 00:00,10-01-2023 00:00,,,,,,,Gujarat,Ahmedabad,"SVPI Airport Hansol, Ahmedabad - IITM",Gujarat.xlsx,Gujarat,2023-01-09,2023-01-10,Gujarat,Ahmedabad,"SVPI Airport Hansol, Ahmedabad - IITM",2023-01-01,0,False,True,"Gujarat|Ahmedabad|SVPI Airport Hansol, Ahmedabad - IITM|2023-01-09",,,,,,,False,
10-01-2023 00:00,11-01-2023 00:00,,,,,,,Gujarat,Ahmedabad,"SVPI Airport Hansol, Ahmedabad - IITM",Gujarat.xlsx,Gujarat,2023-01-10,2023-01-11,Gujarat,Ahmedabad,"SVPI Airport Hansol, Ahmedabad - IITM",2023-01-01,0,False,True,"Gujarat|Ahmedabad|SVPI Airport Hansol, Ahmedabad - IITM|2023-01-10",,,,,,,False,
11-01-2023 00:00,12-01-2023 00:00,,,,,,,Gujarat,Ahmedabad,"SVPI Airport Hansol, Ahmedabad - IITM",Gujarat.xlsx,Gujarat,2023-01-11,2023-01-12,Gujarat,Ahmedabad,"SVPI Airport Hansol, Ahmedabad - IITM",2023-01-01,0,False,True,"Gujarat|Ahmedabad|SVPI Airport Hansol, Ahmedabad - IITM|2023-01-11",,,,,,,False,
12-01-2023 00:00,13-01-2023 00:00,,,,,,,Gujarat,Ahmedabad,"SVPI Airport Hansol, Ahmedabad - IITM",Gujarat.xlsx,Gujarat,2023-01-12,2023-01-13,Gujarat,Ahmedabad,"SVPI Airport Hansol, Ahmedabad - IITM",2023-01-01,0,False,True,"Gujarat|Ahmedabad|SVPI Airport Hansol, Ahmedabad - IITM|2023-01-12",,,,,,,False,
13-01-2023 00:00,14-01-2023 00:00,,,,,,,Gujarat,Ahmedabad,"SVPI Airport Hansol, Ahmedabad - IITM",Gujarat.xlsx,Gujarat,2023-01-13,2023-01-14,Gujarat,Ahmedabad,"SVPI Airport Hansol, Ahmedabad - IITM",2023-01-01,0,False,True,"Gujarat|Ahmedabad|SVPI Airport Hansol, Ahmedabad - IITM|2023-01-13",,,,,,,False,
14-01-2023 00:00,15-01-2023 00:00,,,,,,,Gujarat,Ahmedabad,"SVPI Airport Hansol, Ahmedabad - IITM",Gujarat.xlsx,Gujarat,2023-01-14,2023-01-15,Gujarat,Ahmedabad,"SVPI Airport Hansol, Ahmedabad - IITM",2023-01-01,0,False,True,"Gujarat|Ahmedabad|SVPI Airport Hansol, Ahmedabad - IITM|2023-01-14",,,,,,,False,
15-01-2023 00:00,16-01-2023 00:00,,,,,,,Gujarat,Ahmedabad,"SVPI Airport Hansol, Ahmedabad - IITM",Gujarat.xlsx,Gujarat,2023-01-15,2023-01-16,Gujarat,Ahmedabad,"SVPI Airport Hansol, Ahmedabad - IITM",2023-01-01,0,False,True,"Gujarat|Ahmedabad|SVPI Airport Hansol, Ahmedabad - IITM|2023-01-15",,,,,,,False,
16-01-2023 00:00,17-01-2023 00:00,,,,,,,Gujarat,Ahmedabad,"SVPI Airport Hansol, Ahmedabad - IITM",Gujarat.xlsx,Gujarat,2023-01-16,2023-01-17,Gujarat,Ahmedabad,"SVPI Airport Hansol, Ahmedabad - IITM",2023-01-01,0,False,True,"Gujarat|Ahmedabad|SVPI Airport Hansol, Ahmedabad - IITM|2023-01-16",,,,,,,False,
17-01-2023 00:00,18-01-2023 00:00,,,,,,,Gujarat,Ahmedabad,"SVPI Airport Hansol, Ahmedabad - IITM",Gujarat.xlsx,Gujarat,2023-01-17,2023-01-18,Gujarat,Ahmedabad,"SVPI Airport Hansol, Ahmedabad - IITM",2023-01-01,0,False,True,"Gujarat|Ahmedabad|SVPI Airport Hansol, Ahmedabad - IITM|2023-01-17",,,,,,,False,
18-01-2023 00:00,19-01-2023 00:00,,,,,,,Gujarat,Ahmedabad,"SVPI Airport Hansol, Ahmedabad - IITM",Gujarat.xlsx,Gujarat,2023-01-18,2023-01-19,Gujarat,Ahmedabad,"SVPI Airport Hansol, Ahmedabad - IITM",2023-01-01,0,False,True,"Gujarat|Ahmedabad|SVPI Airport Hansol, Ahmedabad - IITM|2023-01-18",,,,,,,False,
19-01-2023 00:00,20-01-2023 00:00,,,,,,,Gujarat,Ahmedabad,"SVPI Airport Hansol, Ahmedabad - IITM",Gujarat.xlsx,Gujarat,2023-01-19,2023-01-20,Gujarat,Ahmedabad,"SVPI Airport Hansol, Ahmedabad - IITM",2023-01-01,0,False,True,"Gujarat|Ahmedabad|SVPI Airport Hansol, Ahmedabad - IITM|2023-01-19",,,,,,,False,
20-01-2023 00:00,21-01-2023 00:00,,,,,,,Gujarat,Ahmedabad,"SVPI Airport Hansol, Ahmedabad - IITM",Gujarat.xlsx,Gujarat,2023-01-20,2023-01-21,Gujarat,Ahmedabad,"SVPI Airport Hansol, Ahmedabad - IITM",2023-01-01,0,False,True,"Gujarat|Ahmedabad|SVPI Airport Hansol, Ahmedabad - IITM|2023-01-20",,,,,,,False,
21-01-2023 00:00,22-01-2023 00:00,,,,,,,Gujarat,Ahmedabad,"SVPI Airport Hansol, Ahmedabad - IITM",Gujarat.xlsx,Gujarat,2023-01-21,2023-01-22,Gujarat,Ahmedabad,"SVPI Airport Hansol, Ahmedabad - IITM",2023-01-01,0,False,True,"Gujarat|Ahmedabad|SVPI Airport Hansol, Ahmedabad - IITM|2023-01-21",,,,,,,False,
22-01-2023 00:00,23-01-2023 00:00,,,,,,,Gujarat,Ahmedabad,"SVPI Airport Hansol, Ahmedabad - IITM",Gujarat.xlsx,Gujarat,2023-01-22,2023-01-23,Gujarat,Ahmedabad,"SVPI Airport Hansol, Ahmedabad - IITM",2023-01-01,0,False,True,"Gujarat|Ahmedabad|SVPI Airport Hansol, Ahmedabad - IITM|2023-01-22",,,,,,,False,
23-01-2023 00:00,24-01-2023 00:00,,,,,,,Gujarat,Ahmedabad,"SVPI Airport Hansol, Ahmedabad - IITM",Gujarat.xlsx,Gujarat,2023-01-23,2023-01-24,Gujarat,Ahmedabad,"SVPI Airport Hansol, Ahmedabad - IITM",2023-01-01,0,False,True,"Gujarat|Ahmedabad|SVPI Airport Hansol, Ahmedabad - IITM|2023-01-23",,,,,,,False,
24-01-2023 00:00,25-01-2023 00:00,,,,,,,Gujarat,Ahmedabad,"SVPI Airport Hansol, Ahmedabad - IITM",Gujarat.xlsx,Gujarat,2023-01-24,2023-01-25,Gujarat,Ahmedabad,"SVPI Airport Hansol, Ahmedabad - IITM",2023-01-01,0,False,True,"Gujarat|Ahmedabad|SVPI Airport Hansol, Ahmedabad - IITM|2023-01-24",,,,,,,False,
25-01-2023 00:00,26-01-2023 00:00,,,,,,,Gujarat,Ahmedabad,"SVPI Airport Hansol, Ahmedabad - IITM",Gujarat.xlsx,Gujarat,2023-01-25,2023-01-26,Gujarat,Ahmedabad,"SVPI Airport Hansol, Ahmedabad - IITM",2023-01-01,0,False,True,"Gujarat|Ahmedabad|SVPI Airport Hansol, Ahmedabad - IITM|2023-01-25",,,,,,,False,
26-01-2023 00:00,27-01-2023 00:00,,,,,,,Gujarat,Ahmedabad,"SVPI Airport Hansol, Ahmedabad - IITM",Gujarat.xlsx,Gujarat,2023-01-26,2023-01-27,Gujarat,Ahmedabad,"SVPI Airport Hansol, Ahmedabad - IITM",2023-01-01,0,False,True,"Gujarat|Ahmedabad|SVPI Airport Hansol, Ahmedabad - IITM|2023-01-26",,,,,,,False,
27-01-2023 00:00,28-01-2023 00:00,,,,,,,Gujarat,Ahmedabad,"SVPI Airport Hansol, Ahmedabad - IITM",Gujarat.xlsx,Gujarat,2023-01-27,2023-01-28,Gujarat,Ahmedabad,"SVPI Airport Hansol, Ahmedabad - IITM",2023-01-01,0,False,True,"Gujarat|Ahmedabad|SVPI Airport Hansol, Ahmedabad - IITM|2023-01-27",,,,,,,False,
28-01-2023 00:00,29-01-2023 00:00,,,,,,,Gujarat,Ahmedabad,"SVPI Airport Hansol, Ahmedabad - IITM",Gujarat.xlsx,Gujarat,2023-01-28,2023-01-29,Gujarat,Ahmedabad,"SVPI Airport Hansol, Ahmedabad - IITM",2023-01-01,0,False,True,"Gujarat|Ahmedabad|SVPI Airport Hansol, Ahmedabad - IITM|2023-01-28",,,,,,,False,
29-01-2023 00:00,30-01-2023 00:00,,,,,,,Gujarat,Ahmedabad,"SVPI Airport Hansol, Ahmedabad - IITM",Gujarat.xlsx,Gujarat,2023-01-29,2023-01-30,Gujarat,Ahmedabad,"SVPI Airport Hansol, Ahmedabad - IITM",2023-01-01,0,False,True,"Gujarat|Ahmedabad|SVPI Airport Hansol, Ahmedabad - IITM|2023-01-29",,,,,,,False,
30-01-2023 00:00,31-01-2023 00:00,,,,,,,Gujarat,Ahmedabad,"SVPI Airport Hansol, Ahmedabad - IITM",Gujarat.xlsx,Gujarat,2023-01-30,2023-01-31,Gujarat,Ahmedabad,"SVPI Airport Hansol, Ahmedabad - IITM",2023-01-01,0,False,True,"Gujarat|Ahmedabad|SVPI Airport Hansol, Ahmedabad - IITM|2023-01-30",,,,,,,False,
31-01-2023 00:00,01-02-2023 00:00,,,,,,,Gujarat,Ahmedabad,"SVPI Airport Hansol, Ahmedabad - IITM",Gujarat.xlsx,Gujarat,2023-01-31,2023-02-01,Gujarat,Ahmedabad,"SVPI Airport Hansol, Ahmedabad - IITM",2023-01-01,0,False,True,"Gujarat|Ahmedabad|SVPI Airport Hansol, Ahmedabad - IITM|2023-01-31",,,,,,,False,
01-02-2023 00:00,02-02-2023 00:00,,,,,,,Gujarat,Ahmedabad,"SVPI Airport Hansol, Ahmedabad - IITM",Gujarat.xlsx,Gujarat,2023-02-01,2023-02-02,Gujarat,Ahmedabad,"SVPI Airport Hansol, Ahmedabad - IITM",2023-02-01,0,False,True,"Gujarat|Ahmedabad|SVPI Airport Hansol, Ahmedabad - IITM|2023-02-01",,,,,,,False,
02-02-2023 00:00,03-02-2023 00:00,,,,,,,Gujarat,Ahmedabad,"SVPI Airport Hansol, Ahmedabad - IITM",Gujarat.xlsx,Gujarat,2023-02-02,2023-02-03,Gujarat,Ahmedabad,"SVPI Airport Hansol, Ahmedabad - IITM",2023-02-01,0,False,True,"Gujarat|Ahmedabad|SVPI Airport Hansol, Ahmedabad - IITM|2023-02-02",,,,,,,False,
03-02-2023 00:00,04-02-2023 00:00,,,,,,,Gujarat,Ahmedabad,"SVPI Airport Hansol, Ahmedabad - IITM",Gujarat.xlsx,Gujarat,2023-02-03,2023-02-04,Gujarat,Ahmedabad,"SVPI Airport Hansol, Ahmedabad - IITM",2023-02-01,0,False,True,"Gujarat|Ahmedabad|SVPI Airport Hansol, Ahmedabad - IITM|2023-02-03",,,,,,,False,
04-02-2023 00:00,05-02-2023 00:00,,,,,,,Gujarat,Ahmedabad,"SVPI Airport Hansol, Ahmedabad - IITM",Gujarat.xlsx,Gujarat,2023-02-04,2023-02-05,Gujarat,Ahmedabad,"SVPI Airport Hansol, Ahmedabad - IITM",2023-02-01,0,False,True,"Gujarat|Ahmedabad|SVPI Airport Hansol, Ahmedabad - IITM|2023-02-04",,,,,,,False,
05-02-2023 00:00,06-02-2023 00:00,,,,,,,Gujarat,Ahmedabad,"SVPI Airport Hansol, Ahmedabad - IITM",Gujarat.xlsx,Gujarat,2023-02-05,2023-02-06,Gujarat,Ahmedabad,"SVPI Airport Hansol, Ahmedabad - IITM",2023-02-01,0,False,True,"Gujarat|Ahmedabad|SVPI Airport Hansol, Ahmedabad - IITM|2023-02-05",,,,,,,False,
06-02-2023 00:00,07-02-2023 00:00,,,,,,,Gujarat,Ahmedabad,"SVPI Airport Hansol, Ahmedabad - IITM",Gujarat.xlsx,Gujarat,2023-02-06,2023-02-07,Gujarat,Ahmedabad,"SVPI Airport Hansol, Ahmedabad - IITM",2023-02-01,0,False,True,"Gujarat|Ahmedabad|SVPI Airport Hansol, Ahmedabad - IITM|2023-02-06",,,,,,,False,
07-02-2023 00:00,08-02-2023 00:00,,,,,,,Gujarat,Ahmedabad,"SVPI Airport Hansol, Ahmedabad - IITM",Gujarat.xlsx,Gujarat,2023-02-07,2023-02-08,Gujarat,Ahmedabad,"SVPI Airport Hansol, Ahmedabad - IITM",2023-02-01,0,False,True,"Gujarat|Ahmedabad|SVPI Airport Hansol, Ahmedabad - IITM|2023-02-07",,,,,,,False,
08-02-2023 00:00,09-02-2023 00:00,,,,,,,Gujarat,Ahmedabad,"SVPI Airport Hansol, Ahmedabad - IITM",Gujarat.xlsx,Gujarat,2023-02-08,2023-02-09,Gujarat,Ahmedabad,"SVPI Airport Hansol, Ahmedabad - IITM",2023-02-01,0,False,True,"Gujarat|Ahmedabad|SVPI Airport Hansol, Ahmedabad - IITM|2023-02-08",,,,,,,False,
09-02-2023 00:00,10-02-2023 00:00,,,,,,,Gujarat,Ahmedabad,"SVPI Airport Hansol, Ahmedabad - IITM",Gujarat.xlsx,Gujarat,2023-02-09,2023-02-10,Gujarat,Ahmedabad,"SVPI Airport Hansol, Ahmedabad - IITM",2023-02-01,0,False,True,"Gujarat|Ahmedabad|SVPI Airport Hansol, Ahmedabad - IITM|2023-02-09",,,,,,,False,
10-02-2023 00:00,11-02-2023 00:00,,,,,,,Gujarat,Ahmedabad,"SVPI Airport Hansol, Ahmedabad - IITM",Gujarat.xlsx,Gujarat,2023-02-10,2023-02-11,Gujarat,Ahmedabad,"SVPI Airport Hansol, Ahmedabad - IITM",2023-02-01,0,False,True,"Gujarat|Ahmedabad|SVPI Airport Hansol, Ahmedabad - IITM|2023-02-10",,,,,,,False,
11-02-2023 00:00,12-02-2023 00:00,,,,,,,Gujarat,Ahmedabad,"SVPI Airport Hansol, Ahmedabad - IITM",Gujarat.xlsx,Gujarat,2023-02-11,2023-02-12,Gujarat,Ahmedabad,"SVPI Airport Hansol, Ahmedabad - IITM",2023-02-01,0,False,True,"Gujarat|Ahmedabad|SVPI Airport Hansol, Ahmedabad - IITM|2023-02-11",,,,,,,False,
12-02-2023 00:00,13-02-2023 00:00,,,,,,,Gujarat,Ahmedabad,"SVPI Airport Hansol, Ahmedabad - IITM",Gujarat.xlsx,Gujarat,2023-02-12,2023-02-13,Gujarat,Ahmedabad,"SVPI Airport Hansol, Ahmedabad - IITM",2023-02-01,0,False,True,"Gujarat|Ahmedabad|SVPI Airport Hansol, Ahmedabad - IITM|2023-02-12",,,,,,,False,
13-02-2023 00:00,14-02-2023 00:00,,,,,,,Gujarat,Ahmedabad,"SVPI Airport Hansol, Ahmedabad - IITM",Gujarat.xlsx,Gujarat,2023-02-13,2023-02-14,Gujarat,Ahmedabad,"SVPI Airport Hansol, Ahmedabad - IITM",2023-02-01,0,False,True,"Gujarat|Ahmedabad|SVPI Airport Hansol, Ahmedabad - IITM|2023-02-13",,,,,,,False,
14-02-2023 00:00,15-02-2023 00:00,,,,,,,Gujarat,Ahmedabad,"SVPI Airport Hansol, Ahmedabad - IITM",Gujarat.xlsx,Gujarat,2023-02-14,2023-02-15,Gujarat,Ahmedabad,"SVPI Airport Hansol, Ahmedabad - IITM",2023-02-01,0,False,True,"Gujarat|Ahmedabad|SVPI Airport Hansol, Ahmedabad - IITM|2023-02-14",,,,,,,False,
15-02-2023 00:00,16-02-2023 00:00,,,,,,,Gujarat,Ahmedabad,"SVPI Airport Hansol, Ahmedabad - IITM",Gujarat.xlsx,Gujarat,2023-02-15,2023-02-16,Gujarat,Ahmedabad,"SVPI Airport Hansol, Ahmedabad - IITM",2023-02-01,0,False,True,"Gujarat|Ahmedabad|SVPI Airport Hansol, Ahmedabad - IITM|2023-02-15",,,,,,,False,
16-02-2023 00:00,17-02-2023 00:00,,,,,,,Gujarat,Ahmedabad,"SVPI Airport Hansol, Ahmedabad - IITM",Gujarat.xlsx,Gujarat,2023-02-16,2023-02-17,Gujarat,Ahmedabad,"SVPI Airport Hansol, Ahmedabad - IITM",2023-02-01,0,False,True,"Gujarat|Ahmedabad|SVPI Airport Hansol, Ahmedabad - IITM|2023-02-16",,,,,,,False,
17-02-2023 00:00,18-02-2023 00:00,,,,,,,Gujarat,Ahmedabad,"SVPI Airport Hansol, Ahmedabad - IITM",Gujarat.xlsx,Gujarat,2023-02-17,2023-02-18,Gujarat,Ahmedabad,"SVPI Airport Hansol, Ahmedabad - IITM",2023-02-01,0,False,True,"Gujarat|Ahmedabad|SVPI Airport Hansol, Ahmedabad - IITM|2023-02-17",,,,,,,False,
18-02-2023 00:00,19-02-2023 00:00,,,,,,,Gujarat,Ahmedabad,"SVPI Airport Hansol, Ahmedabad - IITM",Gujarat.xlsx,Gujarat,2023-02-18,2023-02-19,Gujarat,Ahmedabad,"SVPI Airport Hansol, Ahmedabad - IITM",2023-02-01,0,False,True,"Gujarat|Ahmedabad|SVPI Airport Hansol, Ahmedabad - IITM|2023-02-18",,,,,,,False,
19-02-2023 00:00,20-02-2023 00:00,,,,,,,Gujarat,Ahmedabad,"SVPI Airport Hansol, Ahmedabad - IITM",Gujarat.xlsx,Gujarat,2023-02-19,2023-02-20,Gujarat,Ahmedabad,"SVPI Airport Hansol, Ahmedabad - IITM",2023-02-01,0,False,True,"Gujarat|Ahmedabad|SVPI Airport Hansol, Ahmedabad - IITM|2023-02-19",,,,,,,False,
20-02-2023 00:00,21-02-2023 00:00,,,,,,,Gujarat,Ahmedabad,"SVPI Airport Hansol, Ahmedabad - IITM",Gujarat.xlsx,Gujarat,2023-02-20,2023-02-21,Gujarat,Ahmedabad,"SVPI Airport Hansol, Ahmedabad - IITM",2023-02-01,0,False,True,"Gujarat|Ahmedabad|SVPI Airport Hansol, Ahmedabad - IITM|2023-02-20",,,,,,,False,
21-02-2023 00:00,22-02-2023 00:00,,,,,,,Gujarat,Ahmedabad,"SVPI Airport Hansol, Ahmedabad - IITM",Gujarat.xlsx,Gujarat,2023-02-21,2023-02-22,Gujarat,Ahmedabad,"SVPI Airport Hansol, Ahmedabad - IITM",2023-02-01,0,False,True,"Gujarat|Ahmedabad|SVPI Airport Hansol, Ahmedabad - IITM|2023-02-21",,,,,,,False,
22-02-2023 00:00,23-02-2023 00:00,,,,,,,Gujarat,Ahmedabad,"SVPI Airport Hansol, Ahmedabad - IITM",Gujarat.xlsx,Gujarat,2023-02-22,2023-02-23,Gujarat,Ahmedabad,"SVPI Airport Hansol, Ahmedabad - IITM",2023-02-01,0,False,True,"Gujarat|Ahmedabad|SVPI Airport Hansol, Ahmedabad - IITM|2023-02-22",,,,,,,False,
23-02-2023 00:00,24-02-2023 00:00,,,,,,,Gujarat,Ahmedabad,"SVPI Airport Hansol, Ahmedabad - IITM",Gujarat.xlsx,Gujarat,2023-02-23,2023-02-24,Gujarat,Ahmedabad,"SVPI Airport Hansol, Ahmedabad - IITM",2023-02-01,0,False,True,"Gujarat|Ahmedabad|SVPI Airport Hansol, Ahmedabad - IITM|2023-02-23",,,,,,,False,
24-02-2023 00:00,25-02-2023 00:00,,,,,,,Gujarat,Ahmedabad,"SVPI Airport Hansol, Ahmedabad - IITM",Gujarat.xlsx,Gujarat,2023-02-24,2023-02-25,Gujarat,Ahmedabad,"SVPI Airport Hansol, Ahmedabad - IITM",2023-02-01,0,False,True,"Gujarat|Ahmedabad|SVPI Airport Hansol, Ahmedabad - IITM|2023-02-24",,,,,,,False,
25-02-2023 00:00,26-02-2023 00:00,,,,,,,Gujarat,Ahmedabad,"SVPI Airport Hansol, Ahmedabad - IITM",Gujarat.xlsx,Gujarat,2023-02-25,2023-02-26,Gujarat,Ahmedabad,"SVPI Airport Hansol, Ahmedabad - IITM",2023-02-01,0,False,True,"Gujarat|Ahmedabad|SVPI Airport Hansol, Ahmedabad - IITM|2023-02-25",,,,,,,False,
26-02-2023 00:00,27-02-2023 00:00,,,,,,,Gujarat,Ahmedabad,"SVPI Airport Hansol, Ahmedabad - IITM",Gujarat.xlsx,Gujarat,2023-02-26,2023-02-27,Gujarat,Ahmedabad,"SVPI Airport Hansol, Ahmedabad - IITM",2023-02-01,0,False,True,"Gujarat|Ahmedabad|SVPI Airport Hansol, Ahmedabad - IITM|2023-02-26",,,,,,,False,
27-02-2023 00:00,28-02-2023 00:00,,,,,,,Gujarat,Ahmedabad,"SVPI Airport Hansol, Ahmedabad - IITM",Gujarat.xlsx,Gujarat,2023-02-27,2023-02-28,Gujarat,Ahmedabad,"SVPI Airport Hansol, Ahmedabad - IITM",2023-02-01,0,False,True,"Gujarat|Ahmedabad|SVPI Airport Hansol, Ahmedabad - IITM|2023-02-27",,,,,,,False,
28-02-2023 00:00,01-03-2023 00:00,,,,,,,Gujarat,Ahmedabad,"SVPI Airport Hansol, Ahmedabad - IITM",Gujarat.xlsx,Gujarat,2023-02-28,2023-03-01,Gujarat,Ahmedabad,"SVPI Airport Hansol, Ahmedabad - IITM",2023-02-01,0,False,True,"Gujarat|Ahmedabad|SVPI Airport Hansol, Ahmedabad - IITM|2023-02-28",,,,,,,False,
01-03-2023 00:00,02-03-2023 00:00,,,,,,,Gujarat,Ahmedabad,"SVPI Airport Hansol, Ahmedabad - IITM",Gujarat.xlsx,Gujarat,2023-03-01,2023-03-02,Gujarat,Ahmedabad,"SVPI Airport Hansol, Ahmedabad - IITM",2023-03-01,0,False,True,"Gujarat|Ahmedabad|SVPI Airport Hansol, Ahmedabad - IITM|2023-03-01",,,,,,,False,
02-03-2023 00:00,03-03-2023 00:00,,,,,,,Gujarat,Ahmedabad,"SVPI Airport Hansol, Ahmedabad - IITM",Gujarat.xlsx,Gujarat,2023-03-02,2023-03-03,Gujarat,Ahmedabad,"SVPI Airport Hansol, Ahmedabad - IITM",2023-03-01,0,False,True,"Gujarat|Ahmedabad|SVPI Airport Hansol, Ahmedabad - IITM|2023-03-02",,,,,,,False,
03-03-2023 00:00,04-03-2023 00:00,,,,,,,Gujarat,Ahmedabad,"SVPI Airport Hansol, Ahmedabad - IITM",Gujarat.xlsx,Gujarat,2023-03-03,2023-03-04,Gujarat,Ahmedabad,"SVPI Airport Hansol, Ahmedabad - IITM",2023-03-01,0,False,True,"Gujarat|Ahmedabad|SVPI Airport Hansol, Ahmedabad - IITM|2023-03-03",,,,,,,False,
04-03-2023 00:00,05-03-2023 00:00,,,,,,,Gujarat,Ahmedabad,"SVPI Airport Hansol, Ahmedabad - IITM",Gujarat.xlsx,Gujarat,2023-03-04,2023-03-05,Gujarat,Ahmedabad,"SVPI Airport Hansol, Ahmedabad - IITM",2023-03-01,0,False,True,"Gujarat|Ahmedabad|SVPI Airport Hansol, Ahmedabad - IITM|2023-03-04",,,,,,,False,
05-03-2023 00:00,06-03-2023 00:00,,,,,,,Gujarat,Ahmedabad,"SVPI Airport Hansol, Ahmedabad - IITM",Gujarat.xlsx,Gujarat,2023-03-05,2023-03-06,Gujarat,Ahmedabad,"SVPI Airport Hansol, Ahmedabad - IITM",2023-03-01,0,False,True,"Gujarat|Ahmedabad|SVPI Airport Hansol, Ahmedabad - IITM|2023-03-05",,,,,,,False,
06-03-2023 00:00,07-03-2023 00:00,,,,,,,Gujarat,Ahmedabad,"SVPI Airport Hansol, Ahmedabad - IITM",Gujarat.xlsx,Gujarat,2023-03-06,2023-03-07,Gujarat,Ahmedabad,"SVPI Airport Hansol, Ahmedabad - IITM",2023-03-01,0,False,True,"Gujarat|Ahmedabad|SVPI Airport Hansol, Ahmedabad - IITM|2023-03-06",,,,,,,False,
07-03-2023 00:00,08-03-2023 00:00,,,,,,,Gujarat,Ahmedabad,"SVPI Airport Hansol, Ahmedabad - IITM",Gujarat.xlsx,Gujarat,2023-03-07,2023-03-08,Gujarat,Ahmedabad,"SVPI Airport Hansol, Ahmedabad - IITM",2023-03-01,0,False,True,"Gujarat|Ahmedabad|SVPI Airport Hansol, Ahmedabad - IITM|2023-03-07",,,,,,,False,
08-03-2023 00:00,09-03-2023 00:00,,,,,,,Gujarat,Ahmedabad,"SVPI Airport Hansol, Ahmedabad - IITM",Gujarat.xlsx,Gujarat,2023-03-08,2023-03-09,Gujarat,Ahmedabad,"SVPI Airport Hansol, Ahmedabad - IITM",2023-03-01,0,False,True,"Gujarat|Ahmedabad|SVPI Airport Hansol, Ahmedabad - IITM|2023-03-08",,,,,,,False,
09-03-2023 00:00,10-03-2023 00:00,,,,,,,Gujarat,Ahmedabad,"SVPI Airport Hansol, Ahmedabad - IITM",Gujarat.xlsx,Gujarat,2023-03-09,2023-03-10,Gujarat,Ahmedabad,"SVPI Airport Hansol, Ahmedabad - IITM",2023-03-01,0,False,True,"Gujarat|Ahmedabad|SVPI Airport Hansol, Ahmedabad - IITM|2023-03-09",,,,,,,False,
10-03-2023 00:00,11-03-2023 00:00,,,,,,,Gujarat,Ahmedabad,"SVPI Airport Hansol, Ahmedabad - IITM",Gujarat.xlsx,Gujarat,2023-03-10,2023-03-11,Gujarat,Ahmedabad,"SVPI Airport Hansol, Ahmedabad - IITM",2023-03-01,0,False,True,"Gujarat|Ahmedabad|SVPI Airport Hansol, Ahmedabad - IITM|2023-03-10",,,,,,,False,
11-03-2023 00:00,12-03-2023 00:00,,,,,,,Gujarat,Ahmedabad,"SVPI Airport Hansol, Ahmedabad - IITM",Gujarat.xlsx,Gujarat,2023-03-11,2023-03-12,Gujarat,Ahmedabad,"SVPI Airport Hansol, Ahmedabad - IITM",2023-03-01,0,False,True,"Gujarat|Ahmedabad|SVPI Airport Hansol, Ahmedabad - IITM|2023-03-11",,,,,,,False,
12-03-2023 00:00,13-03-2023 00:00,,,,,,,Gujarat,Ahmedabad,"SVPI Airport Hansol, Ahmedabad - IITM",Gujarat.xlsx,Gujarat,2023-03-12,2023-03-13,Gujarat,Ahmedabad,"SVPI Airport Hansol, Ahmedabad - IITM",2023-03-01,0,False,True,"Gujarat|Ahmedabad|SVPI Airport Hansol, Ahmedabad - IITM|2023-03-12",,,,,,,False,
13-03-2023 00:00,14-03-2023 00:00,,,,,,,Gujarat,Ahmedabad,"SVPI Airport Hansol, Ahmedabad - IITM",Gujarat.xlsx,Gujarat,2023-03-13,2023-03-14,Gujarat,Ahmedabad,"SVPI Airport Hansol, Ahmedabad - IITM",2023-03-01,0,False,True,"Gujarat|Ahmedabad|SVPI Airport Hansol, Ahmedabad - IITM|2023-03-13",,,,,,,False,
14-03-2023 00:00,15-03-2023 00:00,,,,,,,Gujarat,Ahmedabad,"SVPI Airport Hansol, Ahmedabad - IITM",Gujarat.xlsx,Gujarat,2023-03-14,2023-03-15,Gujarat,Ahmedabad,"SVPI Airport Hansol, Ahmedabad - IITM",2023-03-01,0,False,True,"Gujarat|Ahmedabad|SVPI Airport Hansol, Ahmedabad - IITM|2023-03-14",,,,,,,False,
15-03-2023 00:00,16-03-2023 00:00,,,,,,,Gujarat,Ahmedabad,"SVPI Airport Hansol, Ahmedabad - IITM",Gujarat.xlsx,Gujarat,2023-03-15,2023-03-16,Gujarat,Ahmedabad,"SVPI Airport Hansol, Ahmedabad - IITM",2023-03-01,0,False,True,"Gujarat|Ahmedabad|SVPI Airport Hansol, Ahmedabad - IITM|2023-03-15",,,,,,,False,
16-03-2023 00:00,17-03-2023 00:00,,,,,,,Gujarat,Ahmedabad,"SVPI Airport Hansol, Ahmedabad - IITM",Gujarat.xlsx,Gujarat,2023-03-16,2023-03-17,Gujarat,Ahmedabad,"SVPI Airport Hansol, Ahmedabad - IITM",2023-03-01,0,False,True,"Gujarat|Ahmedabad|SVPI Airport Hansol, Ahmedabad - IITM|2023-03-16",,,,,,,False,
17-03-2023 00:00,18-03-2023 00:00,,,,,,,Gujarat,Ahmedabad,"SVPI Airport Hansol, Ahmedabad - IITM",Gujarat.xlsx,Gujarat,2023-03-17,2023-03-18,Gujarat,Ahmedabad,"SVPI Airport Hansol, Ahmedabad - IITM",2023-03-01,0,False,True,"Gujarat|Ahmedabad|SVPI Airport Hansol, Ahmedabad - IITM|2023-03-17",,,,,,,False,
18-03-2023 00:00,19-03-2023 00:00,,,,,,,Gujarat,Ahmedabad,"SVPI Airport Hansol, Ahmedabad - IITM",Gujarat.xlsx,Gujarat,2023-03-18,2023-03-19,Gujarat,Ahmedabad,"SVPI Airport Hansol, Ahmedabad - IITM",2023-03-01,0,False,True,"Gujarat|Ahmedabad|SVPI Airport Hansol, Ahmedabad - IITM|2023-03-18",,,,,,,False,
19-03-2023 00:00,20-03-2023 00:00,,,,,,,Gujarat,Ahmedabad,"SVPI Airport Hansol, Ahmedabad - IITM",Gujarat.xlsx,Gujarat,2023-03-19,2023-03-20,Gujarat,Ahmedabad,"SVPI Airport Hansol, Ahmedabad - IITM",2023-03-01,0,False,True,"Gujarat|Ahmedabad|SVPI Airport Hansol, Ahmedabad - IITM|2023-03-19",,,,,,,False,
20-03-2023 00:00,21-03-2023 00:00,,,,,,,Gujarat,Ahmedabad,"SVPI Airport Hansol, Ahmedabad - IITM",Gujarat.xlsx,Gujarat,2023-03-20,2023-03-21,Gujarat,Ahmedabad,"SVPI Airport Hansol, Ahmedabad - IITM",2023-03-01,0,False,True,"Gujarat|Ahmedabad|SVPI Airport Hansol, Ahmedabad - IITM|2023-03-20",,,,,,,False,
21-03-2023 00:00,22-03-2023 00:00,,,,,,,Gujarat,Ahmedabad,"SVPI Airport Hansol, Ahmedabad - IITM",Gujarat.xlsx,Gujarat,2023-03-21,2023-03-22,Gujarat,Ahmedabad,"SVPI Airport Hansol, Ahmedabad - IITM",2023-03-01,0,False,True,"Gujarat|Ahmedabad|SVPI Airport Hansol, Ahmedabad - IITM|2023-03-21",,,,,,,False,
22-03-2023 00:00,23-03-2023 00:00,,,,,,,Gujarat,Ahmedabad,"SVPI Airport Hansol, Ahmedabad - IITM",Gujarat.xlsx,Gujarat,2023-03-22,2023-03-23,Gujarat,Ahmedabad,"SVPI Airport Hansol, Ahmedabad - IITM",2023-03-01,0,False,True,"Gujarat|Ahmedabad|SVPI Airport Hansol, Ahmedabad - IITM|2023-03-22",,,,,,,False,
23-03-2023 00:00,24-03-2023 00:00,,,,,,,Gujarat,Ahmedabad,"SVPI Airport Hansol, Ahmedabad - IITM",Gujarat.xlsx,Gujarat,2023-03-23,2023-03-24,Gujarat,Ahmedabad,"SVPI Airport Hansol, Ahmedabad - IITM",2023-03-01,0,False,True,"Gujarat|Ahmedabad|SVPI Airport Hansol, Ahmedabad - IITM|2023-03-23",,,,,,,False,
24-03-2023 00:00,25-03-2023 00:00,,,,,,,Gujarat,Ahmedabad,"SVPI Airport Hansol, Ahmedabad - IITM",Gujarat.xlsx,Gujarat,2023-03-24,2023-03-25,Gujarat,Ahmedabad,"SVPI Airport Hansol, Ahmedabad - IITM",2023-03-01,0,False,True,"Gujarat|Ahmedabad|SVPI Airport Hansol, Ahmedabad - IITM|2023-03-24",,,,,,,False,
25-03-2023 00:00,26-03-2023 00:00,,,,,,,Gujarat,Ahmedabad,"SVPI Airport Hansol, Ahmedabad - IITM",Gujarat.xlsx,Gujarat,2023-03-25,2023-03-26,Gujarat,Ahmedabad,"SVPI Airport Hansol, Ahmedabad - IITM",2023-03-01,0,False,True,"Gujarat|Ahmedabad|SVPI Airport Hansol, Ahmedabad - IITM|2023-03-25",,,,,,,False,
26-03-2023 00:00,27-03-2023 00:00,,,,,,,Gujarat,Ahmedabad,"SVPI Airport Hansol, Ahmedabad - IITM",Gujarat.xlsx,Gujarat,2023-03-26,2023-03-27,Gujarat,Ahmedabad,"SVPI Airport Hansol, Ahmedabad - IITM",2023-03-01,0,False,True,"Gujarat|Ahmedabad|SVPI Airport Hansol, Ahmedabad - IITM|2023-03-26",,,,,,,False,
27-03-2023 00:00,28-03-2023 00:00,,,,,,,Gujarat,Ahmedabad,"SVPI Airport Hansol, Ahmedabad - IITM",Gujarat.xlsx,Gujarat,2023-03-27,2023-03-28,Gujarat,Ahmedabad,"SVPI Airport Hansol, Ahmedabad - IITM",2023-03-01,0,False,True,"Gujarat|Ahmedabad|SVPI Airport Hansol, Ahmedabad - IITM|2023-03-27",,,,,,,False,
28-03-2023 00:00,29-03-2023 00:00,,,,,,,Gujarat,Ahmedabad,"SVPI Airport Hansol, Ahmedabad - IITM",Gujarat.xlsx,Gujarat,2023-03-28,2023-03-29,Gujarat,Ahmedabad,"SVPI Airport Hansol, Ahmedabad - IITM",2023-03-01,0,False,True,"Gujarat|Ahmedabad|SVPI Airport Hansol, Ahmedabad - IITM|2023-03-28",,,,,,,False,
29-03-2023 00:00,30-03-2023 00:00,,,,,,,Gujarat,Ahmedabad,"SVPI Airport Hansol, Ahmedabad - IITM",Gujarat.xlsx,Gujarat,2023-03-29,2023-03-30,Gujarat,Ahmedabad,"SVPI Airport Hansol, Ahmedabad - IITM",2023-03-01,0,False,True,"Gujarat|Ahmedabad|SVPI Airport Hansol, Ahmedabad - IITM|2023-03-29",,,,,,,False,
30-03-2023 00:00,31-03-2023 00:00,,0.49,,,92.92,9.65,Gujarat,Ahmedabad,"SVPI Airport Hansol, Ahmedabad - IITM",Gujarat.xlsx,Gujarat,2023-03-30,2023-03-31,Gujarat,Ahmedabad,"SVPI Airport Hansol, Ahmedabad - IITM",2023-03-01,3,True,False,"Gujarat|Ahmedabad|SVPI Airport Hansol, Ahmedabad - IITM|2023-03-30",,24.5,,,92.92,16.083333333333336,True,92.92
31-03-2023 00:00,01-04-2023 00:00,,0.5,,,65.18,12.22,Gujarat,Ahmedabad,"SVPI Airport Hansol, Ahmedabad - IITM",Gujarat.xlsx,Gujarat,2023-03-31,2023-04-01,Gujarat,Ahmedabad,"SVPI Airport Hansol, Ahmedabad - IITM",2023-03-01,3,True,False,"Gujarat|Ahmedabad|SVPI Airport Hansol, Ahmedabad - IITM|2023-03-31",,25.0,,,65.18,20.366666666666667,True,65.18
01-04-2023 00:00,02-04-2023 00:00,,0.5,,,58.8,12.4,Gujarat,Ahmedabad,"SVPI Airport Hansol, Ahmedabad - IITM",Gujarat.xlsx,Gujarat,2023-04-01,2023-04-02,Gujarat,Ahmedabad,"SVPI Airport Hansol, Ahmedabad - IITM",2023-04-01,3,True,False,"Gujarat|Ahmedabad|SVPI Airport Hansol, Ahmedabad - IITM|2023-04-01",,25.0,,,58.8,20.666666666666668,True,58.8
02-04-2023 00:00,03-04-2023 00:00,,0.5,,,50.6,3.99,Gujarat,Ahmedabad,"SVPI Airport Hansol, Ahmedabad - IITM",Gujarat.xlsx,Gujarat,2023-04-02,2023-04-03,Gujarat,Ahmedabad,"SVPI Airport Hansol, Ahmedabad - IITM",2023-04-01,3,True,False,"Gujarat|Ahmedabad|SVPI Airport Hansol, Ahmedabad - IITM|2023-04-02",,25.0,,,51.0,6.65,True,51.0
03-04-2023 00:00,04-04-2023 00:00,,0.5,,,57.42,6.47,Gujarat,Ahmedabad,"SVPI Airport Hansol, Ahmedabad - IITM",Gujarat.xlsx,Gujarat,2023-04-03,2023-04-04,Gujarat,Ahmedabad,"SVPI Airport Hansol, Ahmedabad - IITM",2023-04-01,3,True,False,"Gujarat|Ahmedabad|SVPI Airport Hansol, Ahmedabad - IITM|2023-04-03",,25.0,,,57.42,10.783333333333331,True,57.42
04-04-2023 00:00,05-04-2023 00:00,,0.5,,,57.97,10.83,Gujarat,Ahmedabad,"SVPI Airport Hansol, Ahmedabad - IITM",Gujarat.xlsx,Gujarat,2023-04-04,2023-04-05,Gujarat,Ahmedabad,"SVPI Airport Hansol, Ahmedabad - IITM",2023-04-01,3,True,False,"Gujarat|Ahmedabad|SVPI Airport Hansol, Ahmedabad - IITM|2023-04-04",,25.0,,,57.97,18.05,True,57.97
05-04-2023 00:00,06-04-2023 00:00,,0.5,,,77.46,9.22,Gujarat,Ahmedabad,"SVPI Airport Hansol, Ahmedabad - IITM",Gujarat.xlsx,Gujarat,2023-04-05,2023-04-06,Gujarat,Ahmedabad,"SVPI Airport Hansol, Ahmedabad - IITM",2023-04-01,3,True,False,"Gujarat|Ahmedabad|SVPI Airport Hansol, Ahmedabad - IITM|2023-04-05",,25.0,,,77.46,15.366666666666667,True,77.46
06-04-2023 00:00,07-04-2023 00:00,,0.5,,,72.27,8.33,Gujarat,Ahmedabad,"SVPI Airport Hansol, Ahmedabad - IITM",Gujarat.xlsx,Gujarat,2023-04-06,2023-04-07,Gujarat,Ahmedabad,"SVPI Airport Hansol, Ahmedabad - IITM",2023-04-01,3,True,False,"Gujarat|Ahmedabad|SVPI Airport Hansol, Ahmedabad - IITM|2023-04-06",,25.0,,,72.27,13.883333333333336,True,72.27
07-04-2023 00:00,08-04-2023 00:00,,0.5,,,75.16,23.57,Gujarat,Ahmedabad,"SVPI Airport Hansol, Ahmedabad - IITM",Gujarat.xlsx,Gujarat,2023-04-07,2023-04-08,Gujarat,Ahmedabad,"SVPI Airport Hansol, Ahmedabad - IITM",2023-04-01,3,True,False,"Gujarat|Ahmedabad|SVPI Airport Hansol, Ahmedabad - IITM|2023-04-07",,25.0,,,75.16,39.28333333333334,True,75.16
08-04-2023 00:00,09-04-2023 00:00,,0.5,,,100.75,17.63,Gujarat,Ahmedabad,"SVPI Airport Hansol, Ahmedabad - IITM",Gujarat.xlsx,Gujarat,2023-04-08,2023-04-09,Gujarat,Ahmedabad,"SVPI Airport Hansol, Ahmedabad - IITM",2023-04-01,3,True,False,"Gujarat|Ahmedabad|SVPI Airport Hansol, Ahmedabad - IITM|2023-04-08",,25.0,,,101.0,29.383333333333333,True,101.0
09-04-2023 00:00,10-04-2023 00:00,,0.5,,,102.52,11.39,Gujarat,Ahmedabad,"SVPI Airport Hansol, Ahmedabad - IITM",Gujarat.xlsx,Gujarat,2023-04-09,2023-04-10,Gujarat,Ahmedabad,"SVPI Airport Hansol, Ahmedabad - IITM",2023-04-01,3,True,False,"Gujarat|Ahmedabad|SVPI Airport Hansol, Ahmedabad - IITM|2023-04-09",,25.0,,,102.00993288590604,18.98333333333333,True,102.00993288590604
10-04-2023 00:00,11-04-2023 00:00,,0.5,,,138.78,15.19,Gujarat,Ahmedabad,"SVPI Airport Hansol, Ahmedabad - IITM",Gujarat.xlsx,Gujarat,2023-04-10,2023-04-11,Gujarat,Ahmedabad,"SVPI Airport Hansol, Ahmedabad - IITM",2023-04-01,3,True,False,"Gujarat|Ahmedabad|SVPI Airport Hansol, Ahmedabad - IITM|2023-04-10",,25.0,,,126.10214765100672,25.316666666666663,True,126.10214765100672
11-04-2023 00:00,12-04-2023 00:00,,,,,,,Gujarat,Ahmedabad,"SVPI Airport Hansol, Ahmedabad - IITM",Gujarat.xlsx,Gujarat,2023-04-11,2023-04-12,Gujarat,Ahmedabad,"SVPI Airport Hansol, Ahmedabad - IITM",2023-04-01,0,False,True,"Gujarat|Ahmedabad|SVPI Airport Hansol, Ahmedabad - IITM|2023-04-11",,,,,,,False,
12-04-2023 00:00,13-04-2023 00:00,,,,,,,Gujarat,Ahmedabad,"SVPI Airport Hansol, Ahmedabad - IITM",Gujarat.xlsx,Gujarat,2023-04-12,2023-04-13,Gujarat,Ahmedabad,"SVPI Airport Hansol, Ahmedabad - IITM",2023-04-01,0,False,True,"Gujarat|Ahmedabad|SVPI Airport Hansol, Ahmedabad - IITM|2023-04-12",,,,,,,False,
13-04-2023 00:00,14-04-2023 00:00,,,,,,,Gujarat,Ahmedabad,"SVPI Airport Hansol, Ahmedabad - IITM",Gujarat.xlsx,Gujarat,2023-04-13,2023-04-14,Gujarat,Ahmedabad,"SVPI Airport Hansol, Ahmedabad - IITM",2023-04-01,0,False,True,"Gujarat|Ahmedabad|SVPI Airport Hansol, Ahmedabad - IITM|2023-04-13",,,,,,,False,
14-04-2023 00:00,15-04-2023 00:00,,,,,,,Gujarat,Ahmedabad,"SVPI Airport Hansol, Ahmedabad - IITM",Gujarat.xlsx,Gujarat,2023-04-14,2023-04-15,Gujarat,Ahmedabad,"SVPI Airport Hansol, Ahmedabad - IITM",2023-04-01,0,False,True,"Gujarat|Ahmedabad|SVPI Airport Hansol, Ahmedabad - IITM|2023-04-14",,,,,,,False,
15-04-2023 00:00,16-04-2023 00:00,,1.46,,,70.69,35.69,Gujarat,Ahmedabad,"SVPI Airport Hansol, Ahmedabad - IITM",Gujarat.xlsx,Gujarat,2023-04-15,2023-04-16,Gujarat,Ahmedabad,"SVPI Airport Hansol, Ahmedabad - IITM",2023-04-01,3,True,False,"Gujarat|Ahmedabad|SVPI Airport Hansol, Ahmedabad - IITM|2023-04-15",,70.6,,,70.69,58.92448275862069,True,70.69
16-04-2023 00:00,17-04-2023 00:00,,2.0,,,59.94,19.67,Gujarat,Ahmedabad,"SVPI Airport Hansol, Ahmedabad - IITM",Gujarat.xlsx,Gujarat,2023-04-16,2023-04-17,Gujarat,Ahmedabad,"SVPI Airport Hansol, Ahmedabad - IITM",2023-04-01,3,True,False,"Gujarat|Ahmedabad|SVPI Airport Hansol, Ahmedabad - IITM|2023-04-16",,100.0,,,59.94,32.78333333333334,True,100.0
17-04-2023 00:00,18-04-2023 00:00,,2.2,,,68.6,20.45,Gujarat,Ahmedabad,"SVPI Airport Hansol, Ahmedabad - IITM",Gujarat.xlsx,Gujarat,2023-04-17,2023-04-18,Gujarat,Ahmedabad,"SVPI Airport Hansol, Ahmedabad - IITM",2023-04-01,3,True,False,"Gujarat|Ahmedabad|SVPI Airport Hansol, Ahmedabad - IITM|2023-04-17",,102.25316455696202,,,68.6,34.083333333333336,True,102.25316455696202
18-04-2023 00:00,19-04-2023 00:00,,1.58,,,60.0,18.64,Gujarat,Ahmedabad,"SVPI Airport Hansol, Ahmedabad - IITM",Gujarat.xlsx,Gujarat,2023-04-18,2023-04-19,Gujarat,Ahmedabad,"SVPI Airport Hansol, Ahmedabad - IITM",2023-04-01,3,True,False,"Gujarat|Ahmedabad|SVPI Airport Hansol, Ahmedabad - IITM|2023-04-18",,77.13333333333334,,,60.0,31.06666666666667,True,77.13333333333334
19-04-2023 00:00,20-04-2023 00:00,,0.52,,,107.86,27.32,Gujarat,Ahmedabad,"SVPI Airport Hansol, Ahmedabad - IITM",Gujarat.xlsx,Gujarat,2023-04-19,2023-04-20,Gujarat,Ahmedabad,"SVPI Airport Hansol, Ahmedabad - IITM",2023-04-01,3,True,False,"Gujarat|Ahmedabad|SVPI Airport Hansol, Ahmedabad - IITM|2023-04-19",,26.0,,,105.5579865771812,45.53333333333334,True,105.5579865771812
20-04-2023 00:00,21-04-2023 00:00,,0.43,117.63,,58.9,17.23,Gujarat,Ahmedabad,"SVPI Airport Hansol, Ahmedabad - IITM",Gujarat.xlsx,Gujarat,2023-04-20,2023-04-21,Gujarat,Ahmedabad,"SVPI Airport Hansol, Ahmedabad - IITM",2023-04-01,4,True,False,"Gujarat|Ahmedabad|SVPI Airport Hansol, Ahmedabad - IITM|2023-04-20",,21.5,113.12832775919732,,58.9,28.71666666666667,True,113.12832775919732
21-04-2023 00:00,22-04-2023 00:00,,0.52,132.31,,73.2,16.33,Gujarat,Ahmedabad,"SVPI Airport Hansol, Ahmedabad - IITM",Gujarat.xlsx,Gujarat,2023-04-21,2023-04-22,Gujarat,Ahmedabad,"SVPI Airport Hansol, Ahmedabad - IITM",2023-04-01,4,True,False,"Gujarat|Ahmedabad|SVPI Airport Hansol, Ahmedabad - IITM|2023-04-21",,26.0,117.9889297658863,,73.2,27.216666666666665,True,117.9889297658863
22-04-2023 00:00,23-04-2023 00:00,,0.64,134.55,,57.57,18.05,Gujarat,Ahmedabad,"SVPI Airport Hansol, Ahmedabad - IITM",Gujarat.xlsx,Gujarat,2023-04-22,2023-04-23,Gujarat,Ahmedabad,"SVPI Airport Hansol, Ahmedabad - IITM",2023-04-01,4,True,False,"Gujarat|Ahmedabad|SVPI Airport Hansol, Ahmedabad - IITM|2023-04-22",,32.0,118.73060200668895,,57.57,30.083333333333336,True,118.73060200668895
23-04-2023 00:00,24-04-2023 00:00,,0.72,134.98,,52.91,29.33,Gujarat,Ahmedabad,"SVPI Airport Hansol, Ahmedabad - IITM",Gujarat.xlsx,Gujarat,2023-04-23,2023-04-24,Gujarat,Ahmedabad,"SVPI Airport Hansol, Ahmedabad - IITM",2023-04-01,4,True,False,"Gujarat|Ahmedabad|SVPI Airport Hansol, Ahmedabad - IITM|2023-04-23",,36.0,118.87297658862876,,52.91,48.88333333333333,True,118.87297658862876
24-04-2023 00:00,25-04-2023 00:00,,0.64,134.72,,60.26,34.41,Gujarat,Ahmedabad,"SVPI Airport Hansol, Ahmedabad - IITM",Gujarat.xlsx,Gujarat,2023-04-24,2023-04-25,Gujarat,Ahmedabad,"SVPI Airport Hansol, Ahmedabad - IITM",2023-04-01,4,True,False,"Gujarat|Ahmedabad|SVPI Airport Hansol, Ahmedabad - IITM|2023-04-24",,32.0,118.78688963210702,,60.26,56.76172413793103,True,118.78688963210702
25-04-2023 00:00,26-04-2023 00:00,,0.92,135.17,,91.5,38.2,Gujarat,Ahmedabad,"SVPI Airport Hansol, Ahmedabad - IITM",Gujarat.xlsx,Gujarat,2023-04-25,2023-04-26,Gujarat,Ahmedabad,"SVPI Airport Hansol, Ahmedabad - IITM",2023-04-01,4,True,False,"Gujarat|Ahmedabad|SVPI Airport Hansol, Ahmedabad - IITM|2023-04-25",,46.0,118.9358862876254,,91.5,63.16551724137932,True,118.9358862876254
26-04-2023 00:00,27-04-2023 00:00,9.1,1.29,61.5,16.42,103.71,46.41,Gujarat,Ahmedabad,"SVPI Airport Hansol, Ahmedabad - IITM",Gujarat.xlsx,Gujarat,2023-04-26,2023-04-27,Gujarat,Ahmedabad,"SVPI Airport Hansol, Ahmedabad - IITM",2023-04-01,6,True,False,"Gujarat|Ahmedabad|SVPI Airport Hansol, Ahmedabad - IITM|2023-04-26",9.1,61.34444444444444,76.75641025641025,20.525,102.80060402684563,77.03758620689655,True,102.80060402684563
27-04-2023 00:00,28-04-2023 00:00,9.02,0.92,22.11,16.39,89.13,51.21,Gujarat,Ahmedabad,"SVPI Airport Hansol, Ahmedabad - IITM",Gujarat.xlsx,Gujarat,2023-04-27,2023-04-28,Gujarat,Ahmedabad,"SVPI Airport Hansol, Ahmedabad - IITM",2023-04-01,6,True,False,"Gujarat|Ahmedabad|SVPI Airport Hansol, Ahmedabad - IITM|2023-04-27",9.02,46.0,27.6375,20.4875,89.13,85.14793103448275,True,89.13
28-04-2023 00:00,29-04-2023 00:00,8.99,0.89,18.92,16.44,75.55,40.37,Gujarat,Ahmedabad,"SVPI Airport Hansol, Ahmedabad - IITM",Gujarat.xlsx,Gujarat,2023-04-28,2023-04-29,Gujarat,Ahmedabad,"SVPI Airport Hansol, Ahmedabad - IITM",2023-04-01,6,True,False,"Gujarat|Ahmedabad|SVPI Airport Hansol, Ahmedabad - IITM|2023-04-28",8.99,44.5,23.65,20.55,75.55,66.83206896551724,True,75.55
29-04-2023 00:00,30-04-2023 00:00,9.04,0.93,7.98,16.53,37.47,14.88,Gujarat,Ahmedabad,"SVPI Airport Hansol, Ahmedabad - IITM",Gujarat.xlsx,Gujarat,2023-04-29,2023-04-30,Gujarat,Ahmedabad,"SVPI Airport Hansol, Ahmedabad - IITM",2023-04-01,6,True,False,"Gujarat|Ahmedabad|SVPI Airport Hansol, Ahmedabad - IITM|2023-04-29",9.04,46.5,9.975,20.6625,37.47,24.8,True,46.5
30-04-2023 00:00,01-05-2023 00:00,9.02,0.91,11.38,16.43,33.55,8.97,Gujarat,Ahmedabad,"SVPI Airport Hansol, Ahmedabad - IITM",Gujarat.xlsx,Gujarat,2023-04-30,2023-05-01,Gujarat,Ahmedabad,"SVPI Airport Hansol, Ahmedabad - IITM",2023-04-01,6,True,False,"Gujarat|Ahmedabad|SVPI Airport Hansol, Ahmedabad - IITM|2023-04-30",9.02,45.5,14.225,20.5375,33.55,14.95,True,45.5
01-05-2023 00:00,02-05-2023 00:00,9.02,1.08,10.18,16.32,40.55,8.78,Gujarat,Ahmedabad,"SVPI Airport Hansol, Ahmedabad - IITM",Gujarat.xlsx,Gujarat,2023-05-01,2023-05-02,Gujarat,Ahmedabad,"SVPI Airport Hansol, Ahmedabad - IITM",2023-05-01,6,True,False,"Gujarat|Ahmedabad|SVPI Airport Hansol, Ahmedabad - IITM|2023-05-01",9.02,51.0,12.725,20.4,40.55,14.633333333333333,True,51.0
02-05-2023 00:00,03-05-2023 00:00,9.01,0.91,10.9,16.45,37.43,8.76,Gujarat,Ahmedabad,"SVPI Airport Hansol, Ahmedabad - IITM",Gujarat.xlsx,Gujarat,2023-05-02,2023-05-03,Gujarat,Ahmedabad,"SVPI Airport Hansol, Ahmedabad - IITM",2023-05-01,6,True,False,"Gujarat|Ahmedabad|SVPI Airport Hansol, Ahmedabad - IITM|2023-05-02",9.01,45.5,13.625,20.5625,37.43,14.6,True,45.5
03-05-2023 00:00,04-05-2023 00:00,9.01,0.97,14.13,16.46,44.66,14.22,Gujarat,Ahmedabad,"SVPI Airport Hansol, Ahmedabad - IITM",Gujarat.xlsx,Gujarat,2023-05-03,2023-05-04,Gujarat,Ahmedabad,"SVPI Airport Hansol, Ahmedabad - IITM",2023-05-01,6,True,False,"Gujarat|Ahmedabad|SVPI Airport Hansol, Ahmedabad - IITM|2023-05-03",9.01,48.5,17.6625,20.575000000000003,44.66,23.700000000000003,True,48.5
04-05-2023 00:00,05-05-2023 00:00,9.03,0.88,5.67,16.41,38.83,24.16,Gujarat,Ahmedabad,"SVPI Airport Hansol, Ahmedabad - IITM",Gujarat.xlsx,Gujarat,2023-05-04,2023-05-05,Gujarat,Ahmedabad,"SVPI Airport Hansol, Ahmedabad - IITM",2023-05-01,6,True,False,"Gujarat|Ahmedabad|SVPI Airport Hansol, Ahmedabad - IITM|2023-05-04",9.03,44.0,7.0875,20.5125,38.83,40.266666666666666,True,44.0
05-05-2023 00:00,06-05-2023 00:00,8.96,1.0,11.9,16.39,58.23,33.3,Gujarat,Ahmedabad,"SVPI Airport Hansol, Ahmedabad - IITM",Gujarat.xlsx,Gujarat,2023-05-05,2023-05-06,Gujarat,Ahmedabad,"SVPI Airport Hansol, Ahmedabad - IITM",2023-05-01,6,True,False,"Gujarat|Ahmedabad|SVPI Airport Hansol, Ahmedabad - IITM|2023-05-05",8.96,50.0,14.875,20.4875,58.23,54.88620689655172,True,58.23
06-05-2023 00:00,07-05-2023 00:00,9.02,1.01,43.42,16.42,43.27,24.43,Gujarat,Ahmedabad,"SVPI Airport Hansol, Ahmedabad - IITM",Gujarat.xlsx,Gujarat,2023-05-06,2023-05-07,Gujarat,Ahmedabad,"SVPI Airport Hansol, Ahmedabad - IITM",2023-05-01,6,True,False,"Gujarat|Ahmedabad|SVPI Airport Hansol, Ahmedabad - IITM|2023-05-06",9.02,51.0,54.04051282051282,20.525,43.27,40.71666666666667,True,54.04051282051282
07-05-2023 00:00,08-05-2023 00:00,9.02,1.07,70.08,16.31,48.54,27.32,Gujarat,Ahmedabad,"SVPI Airport Hansol, Ahmedabad - IITM",Gujarat.xlsx,Gujarat,2023-05-07,2023-05-08,Gujarat,Ahmedabad,"SVPI Airport Hansol, Ahmedabad - IITM",2023-05-01,6,True,False,"Gujarat|Ahmedabad|SVPI Airport Hansol, Ahmedabad - IITM|2023-05-07",9.02,51.0,87.53641025641025,20.3875,48.54,45.53333333333334,True,87.53641025641025
08-05-2023 00:00,09-05-2023 00:00,9.01,1.1,88.54,16.46,45.87,26.85,Gujarat,Ahmedabad,"SVPI Airport Hansol, Ahmedabad - IITM",Gujarat.xlsx,Gujarat,2023-05-08,2023-05-09,Gujarat,Ahmedabad,"SVPI Airport Hansol, Ahmedabad - IITM",2023-05-01,6,True,False,"Gujarat|Ahmedabad|SVPI Airport Hansol, Ahmedabad - IITM|2023-05-08",9.01,51.0,103.49652173913044,20.575000000000003,45.87,44.75000000000001,True,103.49652173913044
09-05-2023 00:00,10-05-2023 00:00,9.02,1.19,100.08,16.31,63.36,36.66,Gujarat,Ahmedabad,"SVPI Airport Hansol, Ahmedabad - IITM",Gujarat.xlsx,Gujarat,2023-05-09,2023-05-10,Gujarat,Ahmedabad,"SVPI Airport Hansol, Ahmedabad - IITM",2023-05-01,6,True,False,"Gujarat|Ahmedabad|SVPI Airport Hansol, Ahmedabad - IITM|2023-05-09",9.02,55.89999999999999,107.31745819397992,20.3875,63.36,60.56344827586207,True,107.31745819397992
10-05-2023 00:00,11-05-2023 00:00,8.97,1.39,88.91,16.39,61.98,34.87,Gujarat,Ahmedabad,"SVPI Airport Hansol, Ahmedabad - IITM",Gujarat.xlsx,Gujarat,2023-05-10,2023-05-11,Gujarat,Ahmedabad,"SVPI Airport Hansol, Ahmedabad - IITM",2023-05-01,6,True,False,"Gujarat|Ahmedabad|SVPI Airport Hansol, Ahmedabad - IITM|2023-05-10",8.97,66.78888888888888,103.61903010033444,20.4875,61.98,57.53896551724137,True,103.61903010033444
11-05-2023 00:00,12-05-2023 00:00,9.0,1.42,114.63,16.45,65.91,36.23,Gujarat,Ahmedabad,"SVPI Airport Hansol, Ahmedabad - IITM",Gujarat.xlsx,Gujarat,2023-05-11,2023-05-12,Gujarat,Ahmedabad,"SVPI Airport Hansol, Ahmedabad - IITM",2023-05-01,6,True,False,"Gujarat|Ahmedabad|SVPI Airport Hansol, Ahmedabad - IITM|2023-05-11",9.0,68.42222222222222,112.13501672240804,20.5625,65.91,59.83689655172413,True,112.13501672240804
12-05-2023 00:00,13-05-2023 00:00,8.98,1.49,101.03,16.43,64.22,36.23,Gujarat,Ahmedabad,"SVPI Airport Hansol, Ahmedabad - IITM",Gujarat.xlsx,Gujarat,2023-05-12,2023-05-13,Gujarat,Ahmedabad,"SVPI Airport Hansol, Ahmedabad - IITM",2023-05-01,6,True,False,"Gujarat|Ahmedabad|SVPI Airport Hansol, Ahmedabad - IITM|2023-05-12",8.98,72.23333333333333,107.63200668896322,20.5375,64.22,59.83689655172413,True,107.63200668896322
13-05-2023 00:00,14-05-2023 00:00,9.04,1.36,114.58,16.42,58.28,33.84,Gujarat,Ahmedabad,"SVPI Airport Hansol, Ahmedabad - IITM",Gujarat.xlsx,Gujarat,2023-05-13,2023-05-14,Gujarat,Ahmedabad,"SVPI Airport Hansol, Ahmedabad - IITM",2023-05-01,6,True,False,"Gujarat|Ahmedabad|SVPI Airport Hansol, Ahmedabad - IITM|2023-05-13",9.04,65.15555555555555,112.11846153846152,20.525,58.28,55.79862068965518,True,112.11846153846152
14-05-2023 00:00,15-05-2023 00:00,9.02,1.25,87.54,16.44,41.82,25.61,Gujarat,Ahmedabad,"SVPI Airport Hansol, Ahmedabad - IITM",Gujarat.xlsx,Gujarat,2023-05-14,2023-05-15,Gujarat,Ahmedabad,"SVPI Airport Hansol, Ahmedabad - IITM",2023-05-01,6,True,False,"Gujarat|Ahmedabad|SVPI Airport Hansol, Ahmedabad - IITM|2023-05-14",9.02,59.16666666666666,103.16541806020066,20.55,41.82,42.68333333333334,True,103.16541806020066
15-05-2023 00:00,16-05-2023 00:00,8.99,1.35,84.81,16.44,40.31,25.02,Gujarat,Ahmedabad,"SVPI Airport Hansol, Ahmedabad - IITM",Gujarat.xlsx,Gujarat,2023-05-15,2023-05-16,Gujarat,Ahmedabad,"SVPI Airport Hansol, Ahmedabad - IITM",2023-05-01,6,True,False,"Gujarat|Ahmedabad|SVPI Airport Hansol, Ahmedabad - IITM|2023-05-15",8.99,64.61111111111111,102.2615050167224,20.55,40.31,41.7,True,102.2615050167224
16-05-2023 00:00,17-05-2023 00:00,8.97,1.38,114.06,16.39,37.3,23.11,Gujarat,Ahmedabad,"SVPI Airport Hansol, Ahmedabad - IITM",Gujarat.xlsx,Gujarat,2023-05-16,2023-05-17,Gujarat,Ahmedabad,"SVPI Airport Hansol, Ahmedabad - IITM",2023-05-01,6,True,False,"Gujarat|Ahmedabad|SVPI Airport Hansol, Ahmedabad - IITM|2023-05-16",8.97,66.24444444444444,111.94628762541808,20.4875,37.3,38.516666666666666,True,111.94628762541808
17-05-2023 00:00,18-05-2023 00:00,9.01,1.41,102.98,16.5,34.04,21.03,Gujarat,Ahmedabad,"SVPI Airport Hansol, Ahmedabad - IITM",Gujarat.xlsx,Gujarat,2023-05-17,2023-05-18,Gujarat,Ahmedabad,"SVPI Airport Hansol, Ahmedabad - IITM",2023-05-01,6,True,False,"Gujarat|Ahmedabad|SVPI Airport Hansol, Ahmedabad - IITM|2023-05-17",9.01,67.87777777777777,108.27765886287624,20.625,34.04,35.050000000000004,True,108.27765886287624
18-05-2023 00:00,19-05-2023 00:00,9.02,1.46,103.51,16.56,40.34,24.69,Gujarat,Ahmedabad,"SVPI Airport Hansol, Ahmedabad - IITM",Gujarat.xlsx,Gujarat,2023-05-18,2023-05-19,Gujarat,Ahmedabad,"SVPI Airport Hansol, Ahmedabad - IITM",2023-05-01,6,True,False,"Gujarat|Ahmedabad|SVPI Airport Hansol, Ahmedabad - IITM|2023-05-18",9.02,70.6,108.45314381270904,20.7,40.34,41.150000000000006,True,108.45314381270904
19-05-2023 00:00,20-05-2023 00:00,8.95,1.58,69.07,16.52,44.87,27.05,Gujarat,Ahmedabad,"SVPI Airport Hansol, Ahmedabad - IITM",Gujarat.xlsx,Gujarat,2023-05-19,2023-05-20,Gujarat,Ahmedabad,"SVPI Airport Hansol, Ahmedabad - IITM",2023-05-01,6,True,False,"Gujarat|Ahmedabad|SVPI Airport Hansol, Ahmedabad - IITM|2023-05-19",8.95,77.13333333333334,86.26743589743589,20.65,44.87,45.083333333333336,True,86.26743589743589
20-05-2023 00:00,21-05-2023 00:00,8.97,1.66,104.42,16.51,48.55,24.21,Gujarat,Ahmedabad,"SVPI Airport Hansol, Ahmedabad - IITM",Gujarat.xlsx,Gujarat,2023-05-20,2023-05-21,Gujarat,Ahmedabad,"SVPI Airport Hansol, Ahmedabad - IITM",2023-05-01,6,True,False,"Gujarat|Ahmedabad|SVPI Airport Hansol, Ahmedabad - IITM|2023-05-20",8.97,81.48888888888888,108.75444816053512,20.637500000000003,48.55,40.35,True,108.75444816053512
21-05-2023 00:00,22-05-2023 00:00,8.98,1.69,98.3,16.44,47.84,19.48,Gujarat,Ahmedabad,"SVPI Airport Hansol, Ahmedabad - IITM",Gujarat.xlsx,Gujarat,2023-05-21,2023-05-22,Gujarat,Ahmedabad,"SVPI Airport Hansol, Ahmedabad - IITM",2023-05-01,6,True,False,"Gujarat|Ahmedabad|SVPI Airport Hansol, Ahmedabad - IITM|2023-05-21",8.98,83.12222222222222,106.72809364548496,20.55,47.84,32.46666666666667,True,106.72809364548496
22-05-2023 00:00,23-05-2023 00:00,8.98,1.65,95.87,16.41,36.52,17.09,Gujarat,Ahmedabad,"SVPI Airport Hansol, Ahmedabad - IITM",Gujarat.xlsx,Gujarat,2023-05-22,2023-05-23,Gujarat,Ahmedabad,"SVPI Airport Hansol, Ahmedabad - IITM",2023-05-01,6,True,False,"Gujarat|Ahmedabad|SVPI Airport Hansol, Ahmedabad - IITM|2023-05-22",8.98,80.94444444444444,105.92351170568564,20.5125,36.52,28.48333333333333,True,105.92351170568564
23-05-2023 00:00,24-05-2023 00:00,9.06,1.75,44.75,16.4,43.11,18.9,Gujarat,Ahmedabad,"SVPI Airport Hansol, Ahmedabad - IITM",Gujarat.xlsx,Gujarat,2023-05-23,2023-05-24,Gujarat,Ahmedabad,"SVPI Airport Hansol, Ahmedabad - IITM",2023-05-01,6,True,False,"Gujarat|Ahmedabad|SVPI Airport Hansol, Ahmedabad - IITM|2023-05-23",9.06,86.38888888888889,55.71153846153846,20.5,43.11,31.5,True,86.38888888888889
24-05-2023 00:00,25-05-2023 00:00,9.03,1.78,8.2,16.47,46.42,12.54,Gujarat,Ahmedabad,"SVPI Airport Hansol, Ahmedabad - IITM",Gujarat.xlsx,Gujarat,2023-05-24,2023-05-25,Gujarat,Ahmedabad,"SVPI Airport Hansol, Ahmedabad - IITM",2023-05-01,6,True,False,"Gujarat|Ahmedabad|SVPI Airport Hansol, Ahmedabad - IITM|2023-05-24",9.03,88.02222222222223,10.25,20.5875,46.42,20.9,True,88.02222222222223
25-05-2023 00:00,26-05-2023 00:00,8.92,1.84,8.03,16.4,49.15,14.92,Gujarat,Ahmedabad,"SVPI Airport Hansol, Ahmedabad - IITM",Gujarat.xlsx,Gujarat,2023-05-25,2023-05-26,Gujarat,Ahmedabad,"SVPI Airport Hansol, Ahmedabad - IITM",2023-05-01,6,True,False,"Gujarat|Ahmedabad|SVPI Airport Hansol, Ahmedabad - IITM|2023-05-25",8.92,91.28888888888888,10.0375,20.5,49.15,24.866666666666667,True,91.28888888888888
26-05-2023 00:00,27-05-2023 00:00,8.98,1.91,8.12,16.45,41.43,18.31,Gujarat,Ahmedabad,"SVPI Airport Hansol, Ahmedabad - IITM",Gujarat.xlsx,Gujarat,2023-05-26,2023-05-27,Gujarat,Ahmedabad,"SVPI Airport Hansol, Ahmedabad - IITM",2023-05-01,6,True,False,"Gujarat|Ahmedabad|SVPI Airport Hansol, Ahmedabad - IITM|2023-05-26",8.98,95.1,10.15,20.5625,41.43,30.516666666666666,True,95.1
27-05-2023 00:00,28-05-2023 00:00,8.96,2.09,8.09,16.56,39.13,16.58,Gujarat,Ahmedabad,"SVPI Airport Hansol, Ahmedabad - IITM",Gujarat.xlsx,Gujarat,2023-05-27,2023-05-28,Gujarat,Ahmedabad,"SVPI Airport Hansol, Ahmedabad - IITM",2023-05-01,6,True,False,"Gujarat|Ahmedabad|SVPI Airport Hansol, Ahmedabad - IITM|2023-05-27",8.96,101.0,10.1125,20.7,39.13,27.633333333333333,True,101.0
28-05-2023 00:00,29-05-2023 00:00,,,,,,,Gujarat,Ahmedabad,"SVPI Airport Hansol, Ahmedabad - IITM",Gujarat.xlsx,Gujarat,2023-05-28,2023-05-29,Gujarat,Ahmedabad,"SVPI Airport Hansol, Ahmedabad - IITM",2023-05-01,0,False,True,"Gujarat|Ahmedabad|SVPI Airport Hansol, Ahmedabad - IITM|2023-05-28",,,,,,,False,
29-05-2023 00:00,30-05-2023 00:00,9.04,3.32,8.22,16.38,,,Gujarat,Ahmedabad,"SVPI Airport Hansol, Ahmedabad - IITM",Gujarat.xlsx,Gujarat,2023-05-29,2023-05-30,Gujarat,Ahmedabad,"SVPI Airport Hansol, Ahmedabad - IITM",2023-05-01,4,False,False,"Gujarat|Ahmedabad|SVPI Airport Hansol, Ahmedabad - IITM|2023-05-29",9.04,116.2886075949367,10.275,20.475,,,False,
30-05-2023 00:00,31-05-2023 00:00,9.02,0.63,8.18,16.41,,,Gujarat,Ahmedabad,"SVPI Airport Hansol, Ahmedabad - IITM",Gujarat.xlsx,Gujarat,2023-05-30,2023-05-31,Gujarat,Ahmedabad,"SVPI Airport Hansol, Ahmedabad - IITM",2023-05-01,4,False,False,"Gujarat|Ahmedabad|SVPI Airport Hansol, Ahmedabad - IITM|2023-05-30",9.02,31.5,10.225,20.5125,,,False,
31-05-2023 00:00,01-06-2023 00:00,8.99,0.66,8.14,16.48,,,Gujarat,Ahmedabad,"SVPI Airport Hansol, Ahmedabad - IITM",Gujarat.xlsx,Gujarat,2023-05-31,2023-06-01,Gujarat,Ahmedabad,"SVPI Airport Hansol, Ahmedabad - IITM",2023-05-01,4,False,False,"Gujarat|Ahmedabad|SVPI Airport Hansol, Ahmedabad - IITM|2023-05-31",8.99,33.0,10.175,20.6,,,False,
01-06-2023 00:00,02-06-2023 00:00,9.02,0.49,8.18,16.52,,,Gujarat,Ahmedabad,"SVPI Airport Hansol, Ahmedabad - IITM",Gujarat.xlsx,Gujarat,2023-06-01,2023-06-02,Gujarat,Ahmedabad,"SVPI Airport Hansol, Ahmedabad - IITM",2023-06-01,4,False,False,"Gujarat|Ahmedabad|SVPI Airport Hansol, Ahmedabad - IITM|2023-06-01",9.02,24.5,10.225,20.65,,,False,
02-06-2023 00:00,03-06-2023 00:00,9.0,0.4,16.35,16.44,,,Gujarat,Ahmedabad,"SVPI Airport Hansol, Ahmedabad - IITM",Gujarat.xlsx,Gujarat,2023-06-02,2023-06-03,Gujarat,Ahmedabad,"SVPI Airport Hansol, Ahmedabad - IITM",2023-06-01,4,False,False,"Gujarat|Ahmedabad|SVPI Airport Hansol, Ahmedabad - IITM|2023-06-02",9.0,20.0,20.4375,20.55,,,False,
03-06-2023 00:00,04-06-2023 00:00,9.0,0.47,3.56,16.52,,,Gujarat,Ahmedabad,"SVPI Airport Hansol, Ahmedabad - IITM",Gujarat.xlsx,Gujarat,2023-06-03,2023-06-04,Gujarat,Ahmedabad,"SVPI Airport Hansol, Ahmedabad - IITM",2023-06-01,4,False,False,"Gujarat|Ahmedabad|SVPI Airport Hansol, Ahmedabad - IITM|2023-06-03",9.0,23.5,4.45,20.65,,,False,
04-06-2023 00:00,05-06-2023 00:00,,,,,,,Gujarat,Ahmedabad,"SVPI Airport Hansol, Ahmedabad - IITM",Gujarat.xlsx,Gujarat,2023-06-04,2023-06-05,Gujarat,Ahmedabad,"SVPI Airport Hansol, Ahmedabad - IITM",2023-06-01,0,False,True,"Gujarat|Ahmedabad|SVPI Airport Hansol, Ahmedabad - IITM|2023-06-04",,,,,,,False,
05-06-2023 00:00,06-06-2023 00:00,8.97,0.5,5.98,16.49,226.08,102.91,Gujarat,Ahmedabad,"SVPI Airport Hansol, Ahmedabad - IITM",Gujarat.xlsx,Gujarat,2023-06-05,2023-06-06,Gujarat,Ahmedabad,"SVPI Airport Hansol, Ahmedabad - IITM",2023-06-01,6,True,False,"Gujarat|Ahmedabad|SVPI Airport Hansol, Ahmedabad - IITM|2023-06-05",8.97,25.0,7.475,20.6125,184.1068456375839,241.65827586206896,True,241.65827586206896
06-06-2023 00:00,07-06-2023 00:00,8.98,0.43,23.89,15.21,51.83,15.74,Gujarat,Ahmedabad,"SVPI Airport Hansol, Ahmedabad - IITM",Gujarat.xlsx,Gujarat,2023-06-06,2023-06-07,Gujarat,Ahmedabad,"SVPI Airport Hansol, Ahmedabad - IITM",2023-06-01,6,True,False,"Gujarat|Ahmedabad|SVPI Airport Hansol, Ahmedabad - IITM|2023-06-06",8.98,21.5,29.8625,19.012500000000003,51.83,26.23333333333333,True,51.83
07-06-2023 00:00,08-06-2023 00:00,9.01,0.47,22.33,,56.19,22.61,Gujarat,Ahmedabad,"SVPI Airport Hansol, Ahmedabad - IITM",Gujarat.xlsx,Gujarat,2023-06-07,2023-06-08,Gujarat,Ahmedabad,"SVPI Airport Hansol, Ahmedabad - IITM",2023-06-01,5,True,False,"Gujarat|Ahmedabad|SVPI Airport Hansol, Ahmedabad - IITM|2023-06-07",9.01,23.5,27.9125,,56.19,37.68333333333334,True,56.19
08-06-2023 00:00,09-06-2023 00:00,9.01,0.36,24.76,,52.76,19.52,Gujarat,Ahmedabad,"SVPI Airport Hansol, Ahmedabad - IITM",Gujarat.xlsx,Gujarat,2023-06-08,2023-06-09,Gujarat,Ahmedabad,"SVPI Airport Hansol, Ahmedabad - IITM",2023-06-01,5,True,False,"Gujarat|Ahmedabad|SVPI Airport Hansol, Ahmedabad - IITM|2023-06-08",9.01,18.0,30.950000000000003,,52.76,32.53333333333333,True,52.76
09-06-2023 00:00,10-06-2023 00:00,9.01,0.45,27.85,,48.06,19.68,Gujarat,Ahmedabad,"SVPI Airport Hansol, Ahmedabad - IITM",Gujarat.xlsx,Gujarat,2023-06-09,2023-06-10,Gujarat,Ahmedabad,"SVPI Airport Hansol, Ahmedabad - IITM",2023-06-01,5,True,False,"Gujarat|Ahmedabad|SVPI Airport Hansol, Ahmedabad - IITM|2023-06-09",9.01,22.5,34.8125,,48.06,32.800000000000004,True,48.06
10-06-2023 00:00,11-06-2023 00:00,8.97,0.51,31.6,,30.01,15.03,Gujarat,Ahmedabad,"SVPI Airport Hansol, Ahmedabad - IITM",Gujarat.xlsx,Gujarat,2023-06-10,2023-06-11,Gujarat,Ahmedabad,"SVPI Airport Hansol, Ahmedabad - IITM",2023-06-01,5,True,False,"Gujarat|Ahmedabad|SVPI Airport Hansol, Ahmedabad - IITM|2023-06-10",8.97,25.5,39.5,,30.01,25.05,True,39.5
11-06-2023 00:00,12-06-2023 00:00,,,,,,,Gujarat,Ahmedabad,"SVPI Airport Hansol, Ahmedabad - IITM",Gujarat.xlsx,Gujarat,2023-06-11,2023-06-12,Gujarat,Ahmedabad,"SVPI Airport Hansol, Ahmedabad - IITM",2023-06-01,0,False,True,"Gujarat|Ahmedabad|SVPI Airport Hansol, Ahmedabad - IITM|2023-06-11",,,,,,,False,
12-06-2023 00:00,13-06-2023 00:00,9.03,0.56,22.14,,43.21,10.8,Gujarat,Ahmedabad,"SVPI Airport Hansol, Ahmedabad - IITM",Gujarat.xlsx,Gujarat,2023-06-12,2023-06-13,Gujarat,Ahmedabad,"SVPI Airport Hansol, Ahmedabad - IITM",2023-06-01,5,True,False,"Gujarat|Ahmedabad|SVPI Airport Hansol, Ahmedabad - IITM|2023-06-12",9.03,28.000000000000004,27.675,,43.21,18.000000000000004,True,43.21
13-06-2023 00:00,14-06-2023 00:00,9.01,0.75,19.9,,52.74,21.71,Gujarat,Ahmedabad,"SVPI Airport Hansol, Ahmedabad - IITM",Gujarat.xlsx,Gujarat,2023-06-13,2023-06-14,Gujarat,Ahmedabad,"SVPI Airport Hansol, Ahmedabad - IITM",2023-06-01,5,True,False,"Gujarat|Ahmedabad|SVPI Airport Hansol, Ahmedabad - IITM|2023-06-13",9.01,37.5,24.875,,52.74,36.18333333333334,True,52.74
14-06-2023 00:00,15-06-2023 00:00,9.02,0.79,20.49,,47.96,13.2,Gujarat,Ahmedabad,"SVPI Airport Hansol, Ahmedabad - IITM",Gujarat.xlsx,Gujarat,2023-06-14,2023-06-15,Gujarat,Ahmedabad,"SVPI Airport Hansol, Ahmedabad - IITM",2023-06-01,5,True,False,"Gujarat|Ahmedabad|SVPI Airport Hansol, Ahmedabad - IITM|2023-06-14",9.02,39.5,25.6125,,47.96,22.0,True,47.96
15-06-2023 00:00,16-06-2023 00:00,8.98,0.72,19.63,,37.09,8.61,Gujarat,Ahmedabad,"SVPI Airport Hansol, Ahmedabad - IITM",Gujarat.xlsx,Gujarat,2023-06-15,2023-06-16,Gujarat,Ahmedabad,"SVPI Airport Hansol, Ahmedabad - IITM",2023-06-01,5,True,False,"Gujarat|Ahmedabad|SVPI Airport Hansol, Ahmedabad - IITM|2023-06-15",8.98,36.0,24.5375,,37.09,14.35,True,37.09
16-06-2023 00:00,17-06-2023 00:00,8.97,0.76,18.92,,39.07,13.33,Gujarat,Ahmedabad,"SVPI Airport Hansol, Ahmedabad - IITM",Gujarat.xlsx,Gujarat,2023-06-16,2023-06-17,Gujarat,Ahmedabad,"SVPI Airport Hansol, Ahmedabad - IITM",2023-06-01,5,True,False,"Gujarat|Ahmedabad|SVPI Airport Hansol, Ahmedabad - IITM|2023-06-16",8.97,38.0,23.65,,39.07,22.21666666666667,True,39.07
17-06-2023 00:00,18-06-2023 00:00,8.98,0.86,18.71,,46.54,14.71,Gujarat,Ahmedabad,"SVPI Airport Hansol, Ahmedabad - IITM",Gujarat.xlsx,Gujarat,2023-06-17,2023-06-18,Gujarat,Ahmedabad,"SVPI Airport Hansol, Ahmedabad - IITM",2023-06-01,5,True,False,"Gujarat|Ahmedabad|SVPI Airport Hansol, Ahmedabad - IITM|2023-06-17",8.98,43.0,23.387500000000003,,46.54,24.51666666666667,True,46.54
18-06-2023 00:00,19-06-2023 00:00,9.0,0.86,19.83,,62.44,17.92,Gujarat,Ahmedabad,"SVPI Airport Hansol, Ahmedabad - IITM",Gujarat.xlsx,Gujarat,2023-06-18,2023-06-19,Gujarat,Ahmedabad,"SVPI Airport Hansol, Ahmedabad - IITM",2023-06-01,5,True,False,"Gujarat|Ahmedabad|SVPI Airport Hansol, Ahmedabad - IITM|2023-06-18",9.0,43.0,24.7875,,62.44,29.86666666666667,True,62.44
19-06-2023 00:00,20-06-2023 00:00,8.99,1.25,24.88,,58.71,19.79,Gujarat,Ahmedabad,"SVPI Airport Hansol, Ahmedabad - IITM",Gujarat.xlsx,Gujarat,2023-06-19,2023-06-20,Gujarat,Ahmedabad,"SVPI Airport Hansol, Ahmedabad - IITM",2023-06-01,5,True,False,"Gujarat|Ahmedabad|SVPI Airport Hansol, Ahmedabad - IITM|2023-06-19",8.99,59.16666666666666,31.1,,58.71,32.983333333333334,True,59.16666666666666
20-06-2023 00:00,21-06-2023 00:00,9.01,1.41,25.59,,64.01,22.55,Gujarat,Ahmedabad,"SVPI Airport Hansol, Ahmedabad - IITM",Gujarat.xlsx,Gujarat,2023-06-20,2023-06-21,Gujarat,Ahmedabad,"SVPI Airport Hansol, Ahmedabad - IITM",2023-06-01,5,True,False,"Gujarat|Ahmedabad|SVPI Airport Hansol, Ahmedabad - IITM|2023-06-20",9.01,67.87777777777777,31.9875,,64.01,37.583333333333336,True,67.87777777777777
21-06-2023 00:00,22-06-2023 00:00,9.03,1.49,18.52,,54.54,12.85,Gujarat,Ahmedabad,"SVPI Airport Hansol, Ahmedabad - IITM",Gujarat.xlsx,Gujarat,2023-06-21,2023-06-22,Gujarat,Ahmedabad,"SVPI Airport Hansol, Ahmedabad - IITM",2023-06-01,5,True,False,"Gujarat|Ahmedabad|SVPI Airport Hansol, Ahmedabad - IITM|2023-06-21",9.03,72.23333333333333,23.15,,54.54,21.416666666666668,True,72.23333333333333
22-06-2023 00:00,23-06-2023 00:00,,,,,,,Gujarat,Ahmedabad,"SVPI Airport Hansol, Ahmedabad - IITM",Gujarat.xlsx,Gujarat,2023-06-22,2023-06-23,Gujarat,Ahmedabad,"SVPI Airport Hansol, Ahmedabad - IITM",2023-06-01,0,False,True,"Gujarat|Ahmedabad|SVPI Airport Hansol, Ahmedabad - IITM|2023-06-22",,,,,,,False,
23-06-2023 00:00,24-06-2023 00:00,,,,,,,Gujarat,Ahmedabad,"SVPI Airport Hansol, Ahmedabad - IITM",Gujarat.xlsx,Gujarat,2023-06-23,2023-06-24,Gujarat,Ahmedabad,"SVPI Airport Hansol, Ahmedabad - IITM",2023-06-01,0,False,True,"Gujarat|Ahmedabad|SVPI Airport Hansol, Ahmedabad - IITM|2023-06-23",,,,,,,False,
24-06-2023 00:00,25-06-2023 00:00,9.02,2.01,22.17,,61.89,19.11,Gujarat,Ahmedabad,"SVPI Airport Hansol, Ahmedabad - IITM",Gujarat.xlsx,Gujarat,2023-06-24,2023-06-25,Gujarat,Ahmedabad,"SVPI Airport Hansol, Ahmedabad - IITM",2023-06-01,5,True,False,"Gujarat|Ahmedabad|SVPI Airport Hansol, Ahmedabad - IITM|2023-06-24",9.02,101.0,27.7125,,61.89,31.85,True,101.0
25-06-2023 00:00,26-06-2023 00:00,9.0,2.01,27.22,,43.77,18.69,Gujarat,Ahmedabad,"SVPI Airport Hansol, Ahmedabad - IITM",Gujarat.xlsx,Gujarat,2023-06-25,2023-06-26,Gujarat,Ahmedabad,"SVPI Airport Hansol, Ahmedabad - IITM",2023-06-01,5,True,False,"Gujarat|Ahmedabad|SVPI Airport Hansol, Ahmedabad - IITM|2023-06-25",9.0,101.0,34.025,,43.77,31.15,True,101.0
26-06-2023 00:00,27-06-2023 00:00,9.01,1.47,25.3,,36.97,23.8,Gujarat,Ahmedabad,"SVPI Airport Hansol, Ahmedabad - IITM",Gujarat.xlsx,Gujarat,2023-06-26,2023-06-27,Gujarat,Ahmedabad,"SVPI Airport Hansol, Ahmedabad - IITM",2023-06-01,5,True,False,"Gujarat|Ahmedabad|SVPI Airport Hansol, Ahmedabad - IITM|2023-06-26",9.01,71.14444444444445,31.625,,36.97,39.66666666666667,True,71.14444444444445
27-06-2023 00:00,28-06-2023 00:00,8.99,1.12,21.98,,32.04,18.86,Gujarat,Ahmedabad,"SVPI Airport Hansol, Ahmedabad - IITM",Gujarat.xlsx,Gujarat,2023-06-27,2023-06-28,Gujarat,Ahmedabad,"SVPI Airport Hansol, Ahmedabad - IITM",2023-06-01,5,True,False,"Gujarat|Ahmedabad|SVPI Airport Hansol, Ahmedabad - IITM|2023-06-27",8.99,52.08888888888889,27.475,,32.04,31.433333333333334,True,52.08888888888889
28-06-2023 00:00,29-06-2023 00:00,9.0,1.43,22.48,,37.02,21.25,Gujarat,Ahmedabad,"SVPI Airport Hansol, Ahmedabad - IITM",Gujarat.xlsx,Gujarat,2023-06-28,2023-06-29,Gujarat,Ahmedabad,"SVPI Airport Hansol, Ahmedabad - IITM",2023-06-01,5,True,False,"Gujarat|Ahmedabad|SVPI Airport Hansol, Ahmedabad - IITM|2023-06-28",9.0,68.96666666666667,28.1,,37.02,35.41666666666667,True,68.96666666666667
29-06-2023 00:00,30-06-2023 00:00,8.96,1.19,16.9,,31.22,20.27,Gujarat,Ahmedabad,"SVPI Airport Hansol, Ahmedabad - IITM",Gujarat.xlsx,Gujarat,2023-06-29,2023-06-30,Gujarat,Ahmedabad,"SVPI Airport Hansol, Ahmedabad - IITM",2023-06-01,5,True,False,"Gujarat|Ahmedabad|SVPI Airport Hansol, Ahmedabad - IITM|2023-06-29",8.96,55.89999999999999,21.125,,31.22,33.78333333333333,True,55.89999999999999
30-06-2023 00:00,01-07-2023 00:00,9.05,4.17,38.11,,65.73,35.88,Gujarat,Ahmedabad,"SVPI Airport Hansol, Ahmedabad - IITM",Gujarat.xlsx,Gujarat,2023-06-30,2023-07-01,Gujarat,Ahmedabad,"SVPI Airport Hansol, Ahmedabad - IITM",2023-06-01,5,True,False,"Gujarat|Ahmedabad|SVPI Airport Hansol, Ahmedabad - IITM|2023-06-30",9.05,126.94050632911392,47.6375,,65.73,59.24551724137932,True,126.94050632911392
01-07-2023 00:00,02-07-2023 00:00,,,,,,,Gujarat,Ahmedabad,"SVPI Airport Hansol, Ahmedabad - IITM",Gujarat.xlsx,Gujarat,2023-07-01,2023-07-02,Gujarat,Ahmedabad,"SVPI Airport Hansol, Ahmedabad - IITM",2023-07-01,0,False,True,"Gujarat|Ahmedabad|SVPI Airport Hansol, Ahmedabad - IITM|2023-07-01",,,,,,,False,
02-07-2023 00:00,03-07-2023 00:00,,,,,,,Gujarat,Ahmedabad,"SVPI Airport Hansol, Ahmedabad - IITM",Gujarat.xlsx,Gujarat,2023-07-02,2023-07-03,Gujarat,Ahmedabad,"SVPI Airport Hansol, Ahmedabad - IITM",2023-07-01,0,False,True,"Gujarat|Ahmedabad|SVPI Airport Hansol, Ahmedabad - IITM|2023-07-02",,,,,,,False,
03-07-2023 00:00,04-07-2023 00:00,9.0,1.68,22.82,,45.67,23.15,Gujarat,Ahmedabad,"SVPI Airport Hansol, Ahmedabad - IITM",Gujarat.xlsx,Gujarat,2023-07-03,2023-07-04,Gujarat,Ahmedabad,"SVPI Airport Hansol, Ahmedabad - IITM",2023-07-01,5,True,False,"Gujarat|Ahmedabad|SVPI Airport Hansol, Ahmedabad - IITM|2023-07-03",9.0,82.57777777777777,28.525,,45.67,38.583333333333336,True,82.57777777777777
04-07-2023 00:00,05-07-2023 00:00,9.03,,18.53,,44.44,24.2,Gujarat,Ahmedabad,"SVPI Airport Hansol, Ahmedabad - IITM",Gujarat.xlsx,Gujarat,2023-07-04,2023-07-05,Gujarat,Ahmedabad,"SVPI Airport Hansol, Ahmedabad - IITM",2023-07-01,4,True,False,"Gujarat|Ahmedabad|SVPI Airport Hansol, Ahmedabad - IITM|2023-07-04",9.03,,23.1625,,44.44,40.333333333333336,True,44.44
05-07-2023 00:00,06-07-2023 00:00,8.99,0.73,20.22,,43.31,22.86,Gujarat,Ahmedabad,"SVPI Airport Hansol, Ahmedabad - IITM",Gujarat.xlsx,Gujarat,2023-07-05,2023-07-06,Gujarat,Ahmedabad,"SVPI Airport Hansol, Ahmedabad - IITM",2023-07-01,5,True,False,"Gujarat|Ahmedabad|SVPI Airport Hansol, Ahmedabad - IITM|2023-07-05",8.99,36.5,25.275,,43.31,38.1,True,43.31
06-07-2023 00:00,07-07-2023 00:00,9.04,0.71,19.0,,31.89,17.75,Gujarat,Ahmedabad,"SVPI Airport Hansol, Ahmedabad - IITM",Gujarat.xlsx,Gujarat,2023-07-06,2023-07-07,Gujarat,Ahmedabad,"SVPI Airport Hansol, Ahmedabad - IITM",2023-07-01,5,True,False,"Gujarat|Ahmedabad|SVPI Airport Hansol, Ahmedabad - IITM|2023-07-06",9.04,35.5,23.75,,31.89,29.583333333333336,True,35.5
07-07-2023 00:00,08-07-2023 00:00,9.01,0.65,19.07,,24.88,13.95,Gujarat,Ahmedabad,"SVPI Airport Hansol, Ahmedabad - IITM",Gujarat.xlsx,Gujarat,2023-07-07,2023-07-08,Gujarat,Ahmedabad,"SVPI Airport Hansol, Ahmedabad - IITM",2023-07-01,5,True,False,"Gujarat|Ahmedabad|SVPI Airport Hansol, Ahmedabad - IITM|2023-07-07",9.01,32.5,23.8375,,24.88,23.25,True,32.5
08-07-2023 00:00,09-07-2023 00:00,9.01,0.64,18.65,,4.65,2.12,Gujarat,Ahmedabad,"SVPI Airport Hansol, Ahmedabad - IITM",Gujarat.xlsx,Gujarat,2023-07-08,2023-07-09,Gujarat,Ahmedabad,"SVPI Airport Hansol, Ahmedabad - IITM",2023-07-01,5,True,False,"Gujarat|Ahmedabad|SVPI Airport Hansol, Ahmedabad - IITM|2023-07-08",9.01,32.0,23.3125,,4.65,3.5333333333333337,True,32.0
09-07-2023 00:00,10-07-2023 00:00,8.98,0.5,18.78,,5.08,2.59,Gujarat,Ahmedabad,"SVPI Airport Hansol, Ahmedabad - IITM",Gujarat.xlsx,Gujarat,2023-07-09,2023-07-10,Gujarat,Ahmedabad,"SVPI Airport Hansol, Ahmedabad - IITM",2023-07-01,5,True,False,"Gujarat|Ahmedabad|SVPI Airport Hansol, Ahmedabad - IITM|2023-07-09",8.98,25.0,23.475,,5.08,4.316666666666666,True,25.0
10-07-2023 00:00,11-07-2023 00:00,9.01,,18.74,,60.87,29.47,Gujarat,Ahmedabad,"SVPI Airport Hansol, Ahmedabad - IITM",Gujarat.xlsx,Gujarat,2023-07-10,2023-07-11,Gujarat,Ahmedabad,"SVPI Airport Hansol, Ahmedabad - IITM",2023-07-01,4,True,False,"Gujarat|Ahmedabad|SVPI Airport Hansol, Ahmedabad - IITM|2023-07-10",9.01,,23.425,,60.87,49.11666666666667,True,60.87
11-07-2023 00:00,12-07-2023 00:00,9.0,,18.55,,74.21,35.5,Gujarat,Ahmedabad,"SVPI Airport Hansol, Ahmedabad - IITM",Gujarat.xlsx,Gujarat,2023-07-11,2023-07-12,Gujarat,Ahmedabad,"SVPI Airport Hansol, Ahmedabad - IITM",2023-07-01,4,True,False,"Gujarat|Ahmedabad|SVPI Airport Hansol, Ahmedabad - IITM|2023-07-11",9.0,,23.1875,,74.21,58.60344827586207,True,74.21
12-07-2023 00:00,13-07-2023 00:00,8.98,,18.94,,83.17,37.84,Gujarat,Ahmedabad,"SVPI Airport Hansol, Ahmedabad - IITM",Gujarat.xlsx,Gujarat,2023-07-12,2023-07-13,Gujarat,Ahmedabad,"SVPI Airport Hansol, Ahmedabad - IITM",2023-07-01,4,True,False,"Gujarat|Ahmedabad|SVPI Airport Hansol, Ahmedabad - IITM|2023-07-12",8.98,,23.675,,83.17,62.55724137931036,True,83.17
13-07-2023 00:00,14-07-2023 00:00,8.98,0.31,18.52,,79.15,38.31,Gujarat,Ahmedabad,"SVPI Airport Hansol, Ahmedabad - IITM",Gujarat.xlsx,Gujarat,2023-07-13,2023-07-14,Gujarat,Ahmedabad,"SVPI Airport Hansol, Ahmedabad - IITM",2023-07-01,5,True,False,"Gujarat|Ahmedabad|SVPI Airport Hansol, Ahmedabad - IITM|2023-07-13",8.98,15.5,23.15,,79.15,63.35137931034483,True,79.15
14-07-2023 00:00,15-07-2023 00:00,8.98,0.36,18.43,,63.8,29.04,Gujarat,Ahmedabad,"SVPI Airport Hansol, Ahmedabad - IITM",Gujarat.xlsx,Gujarat,2023-07-14,2023-07-15,Gujarat,Ahmedabad,"SVPI Airport Hansol, Ahmedabad - IITM",2023-07-01,5,True,False,"Gujarat|Ahmedabad|SVPI Airport Hansol, Ahmedabad - IITM|2023-07-14",8.98,18.0,23.0375,,63.8,48.4,True,63.8
15-07-2023 00:00,16-07-2023 00:00,9.0,0.45,18.35,,52.56,24.59,Gujarat,Ahmedabad,"SVPI Airport Hansol, Ahmedabad - IITM",Gujarat.xlsx,Gujarat,2023-07-15,2023-07-16,Gujarat,Ahmedabad,"SVPI Airport Hansol, Ahmedabad - IITM",2023-07-01,5,True,False,"Gujarat|Ahmedabad|SVPI Airport Hansol, Ahmedabad - IITM|2023-07-15",9.0,22.5,22.9375,,52.56,40.98333333333333,True,52.56
16-07-2023 00:00,17-07-2023 00:00,9.02,0.32,18.31,,37.4,17.25,Gujarat,Ahmedabad,"SVPI Airport Hansol, Ahmedabad - IITM",Gujarat.xlsx,Gujarat,2023-07-16,2023-07-17,Gujarat,Ahmedabad,"SVPI Airport Hansol, Ahmedabad - IITM",2023-07-01,5,True,False,"Gujarat|Ahmedabad|SVPI Airport Hansol, Ahmedabad - IITM|2023-07-16",9.02,16.0,22.8875,,37.4,28.75,True,37.4
17-07-2023 00:00,18-07-2023 00:00,8.97,0.42,18.59,,62.09,28.25,Gujarat,Ahmedabad,"SVPI Airport Hansol, Ahmedabad - IITM",Gujarat.xlsx,Gujarat,2023-07-17,2023-07-18,Gujarat,Ahmedabad,"SVPI Airport Hansol, Ahmedabad - IITM",2023-07-01,5,True,False,"Gujarat|Ahmedabad|SVPI Airport Hansol, Ahmedabad - IITM|2023-07-17",8.97,21.0,23.2375,,62.09,47.083333333333336,True,62.09
18-07-2023 00:00,19-07-2023 00:00,9.03,0.56,18.84,,65.47,29.64,Gujarat,Ahmedabad,"SVPI Airport Hansol, Ahmedabad - IITM",Gujarat.xlsx,Gujarat,2023-07-18,2023-07-19,Gujarat,Ahmedabad,"SVPI Airport Hansol, Ahmedabad - IITM",2023-07-01,5,True,False,"Gujarat|Ahmedabad|SVPI Airport Hansol, Ahmedabad - IITM|2023-07-18",9.03,28.000000000000004,23.55,,65.47,49.400000000000006,True,65.47
19-07-2023 00:00,20-07-2023 00:00,9.0,0.69,18.67,,41.67,19.92,Gujarat,Ahmedabad,"SVPI Airport Hansol, Ahmedabad - IITM",Gujarat.xlsx,Gujarat,2023-07-19,2023-07-20,Gujarat,Ahmedabad,"SVPI Airport Hansol, Ahmedabad - IITM",2023-07-01,5,True,False,"Gujarat|Ahmedabad|SVPI Airport Hansol, Ahmedabad - IITM|2023-07-19",9.0,34.5,23.3375,,41.67,33.2,True,41.67
20-07-2023 00:00,21-07-2023 00:00,9.0,0.6,18.53,,26.33,12.44,Gujarat,Ahmedabad,"SVPI Airport Hansol, Ahmedabad - IITM",Gujarat.xlsx,Gujarat,2023-07-20,2023-07-21,Gujarat,Ahmedabad,"SVPI Airport Hansol, Ahmedabad - IITM",2023-07-01,5,True,False,"Gujarat|Ahmedabad|SVPI Airport Hansol, Ahmedabad - IITM|2023-07-20",9.0,30.0,23.1625,,26.33,20.73333333333333,True,30.0
21-07-2023 00:00,22-07-2023 00:00,9.0,0.48,18.52,,36.69,16.13,Gujarat,Ahmedabad,"SVPI Airport Hansol, Ahmedabad - IITM",Gujarat.xlsx,Gujarat,2023-07-21,2023-07-22,Gujarat,Ahmedabad,"SVPI Airport Hansol, Ahmedabad - IITM",2023-07-01,5,True,False,"Gujarat|Ahmedabad|SVPI Airport Hansol, Ahmedabad - IITM|2023-07-21",9.0,24.0,23.15,,36.69,26.883333333333333,True,36.69
22-07-2023 00:00,23-07-2023 00:00,9.03,0.38,18.78,,45.25,21.58,Gujarat,Ahmedabad,"SVPI Airport Hansol, Ahmedabad - IITM",Gujarat.xlsx,Gujarat,2023-07-22,2023-07-23,Gujarat,Ahmedabad,"SVPI Airport Hansol, Ahmedabad - IITM",2023-07-01,5,True,False,"Gujarat|Ahmedabad|SVPI Airport Hansol, Ahmedabad - IITM|2023-07-22",9.03,19.0,23.475,,45.25,35.96666666666667,True,45.25
23-07-2023 00:00,24-07-2023 00:00,9.0,0.46,18.57,,19.31,10.57,Gujarat,Ahmedabad,"SVPI Airport Hansol, Ahmedabad - IITM",Gujarat.xlsx,Gujarat,2023-07-23,2023-07-24,Gujarat,Ahmedabad,"SVPI Airport Hansol, Ahmedabad - IITM",2023-07-01,5,True,False,"Gujarat|Ahmedabad|SVPI Airport Hansol, Ahmedabad - IITM|2023-07-23",9.0,23.0,23.2125,,19.31,17.616666666666667,True,23.2125
24-07-2023 00:00,25-07-2023 00:00,9.0,0.71,20.77,,17.33,8.19,Gujarat,Ahmedabad,"SVPI Airport Hansol, Ahmedabad - IITM",Gujarat.xlsx,Gujarat,2023-07-24,2023-07-25,Gujarat,Ahmedabad,"SVPI Airport Hansol, Ahmedabad - IITM",2023-07-01,5,True,False,"Gujarat|Ahmedabad|SVPI Airport Hansol, Ahmedabad - IITM|2023-07-24",9.0,35.5,25.9625,,17.33,13.65,True,35.5
25-07-2023 00:00,26-07-2023 00:00,9.0,1.26,18.25,,23.15,12.49,Gujarat,Ahmedabad,"SVPI Airport Hansol, Ahmedabad - IITM",Gujarat.xlsx,Gujarat,2023-07-25,2023-07-26,Gujarat,Ahmedabad,"SVPI Airport Hansol, Ahmedabad - IITM",2023-07-01,5,True,False,"Gujarat|Ahmedabad|SVPI Airport Hansol, Ahmedabad - IITM|2023-07-25",9.0,59.71111111111111,22.8125,,23.15,20.816666666666663,True,59.71111111111111
26-07-2023 00:00,27-07-2023 00:00,8.99,1.32,18.27,,25.44,13.33,Gujarat,Ahmedabad,"SVPI Airport Hansol, Ahmedabad - IITM",Gujarat.xlsx,Gujarat,2023-07-26,2023-07-27,Gujarat,Ahmedabad,"SVPI Airport Hansol, Ahmedabad - IITM",2023-07-01,5,True,False,"Gujarat|Ahmedabad|SVPI Airport Hansol, Ahmedabad - IITM|2023-07-26",8.99,62.977777777777774,22.8375,,25.44,22.21666666666667,True,62.977777777777774
27-07-2023 00:00,28-07-2023 00:00,9.0,1.2,18.33,,59.43,30.87,Gujarat,Ahmedabad,"SVPI Airport Hansol, Ahmedabad - IITM",Gujarat.xlsx,Gujarat,2023-07-27,2023-07-28,Gujarat,Ahmedabad,"SVPI Airport Hansol, Ahmedabad - IITM",2023-07-01,5,True,False,"Gujarat|Ahmedabad|SVPI Airport Hansol, Ahmedabad - IITM|2023-07-27",9.0,56.44444444444444,22.9125,,59.43,51.0,True,59.43
28-07-2023 00:00,29-07-2023 00:00,9.05,1.1,18.34,,48.67,25.16,Gujarat,Ahmedabad,"SVPI Airport Hansol, Ahmedabad - IITM",Gujarat.xlsx,Gujarat,2023-07-28,2023-07-29,Gujarat,Ahmedabad,"SVPI Airport Hansol, Ahmedabad - IITM",2023-07-01,5,True,False,"Gujarat|Ahmedabad|SVPI Airport Hansol, Ahmedabad - IITM|2023-07-28",9.05,51.0,22.925,,48.67,41.93333333333334,True,51.0
29-07-2023 00:00,30-07-2023 00:00,9.05,1.15,18.37,,41.86,22.45,Gujarat,Ahmedabad,"SVPI Airport Hansol, Ahmedabad - IITM",Gujarat.xlsx,Gujarat,2023-07-29,2023-07-30,Gujarat,Ahmedabad,"SVPI Airport Hansol, Ahmedabad - IITM",2023-07-01,5,True,False,"Gujarat|Ahmedabad|SVPI Airport Hansol, Ahmedabad - IITM|2023-07-29",9.05,53.72222222222221,22.9625,,41.86,37.41666666666666,True,53.72222222222221
30-07-2023 00:00,31-07-2023 00:00,9.0,1.05,18.22,,42.76,23.4,Gujarat,Ahmedabad,"SVPI Airport Hansol, Ahmedabad - IITM",Gujarat.xlsx,Gujarat,2023-07-30,2023-07-31,Gujarat,Ahmedabad,"SVPI Airport Hansol, Ahmedabad - IITM",2023-07-01,5,True,False,"Gujarat|Ahmedabad|SVPI Airport Hansol, Ahmedabad - IITM|2023-07-30",9.0,51.0,22.775,,42.76,39.0,True,51.0
31-07-2023 00:00,31-07-2023 00:00,8.78,1.15,18.41,,51.3,26.7,Gujarat,Ahmedabad,"SVPI Airport Hansol, Ahmedabad - IITM",Gujarat.xlsx,Gujarat,2023-07-31,2023-07-31,Gujarat,Ahmedabad,"SVPI Airport Hansol, Ahmedabad - IITM",2023-07-01,5,True,False,"Gujarat|Ahmedabad|SVPI Airport Hansol, Ahmedabad - IITM|2023-07-31",8.78,53.72222222222221,23.0125,,51.3,44.5,True,53.72222222222221
01-08-2021 00:00,02-08-2021 00:00,27.2,0.47,18.92,32.58,79.51,33.13,Gujarat,Ahmedabad,"Maninagar, Ahmedabad - GPCB",Gujarat.xlsx,Gujarat,2021-08-01,2021-08-02,Gujarat,Ahmedabad,"Maninagar, Ahmedabad - GPCB",2021-08-01,6,True,False,"Gujarat|Ahmedabad|Maninagar, Ahmedabad - GPCB|2021-08-01",27.2,23.5,23.65,40.725,79.51,54.59896551724138,True,79.51
02-08-2021 00:00,03-08-2021 00:00,24.19,0.38,18.89,29.54,75.46,25.67,Gujarat,Ahmedabad,"Maninagar, Ahmedabad - GPCB",Gujarat.xlsx,Gujarat,2021-08-02,2021-08-03,Gujarat,Ahmedabad,"Maninagar, Ahmedabad - GPCB",2021-08-01,6,True,False,"Gujarat|Ahmedabad|Maninagar, Ahmedabad - GPCB|2021-08-02",24.19,19.0,23.6125,36.925,75.46,42.78333333333334,True,75.46
03-08-2021 00:00,04-08-2021 00:00,20.78,0.43,16.78,33.74,94.84,34.71,Gujarat,Ahmedabad,"Maninagar, Ahmedabad - GPCB",Gujarat.xlsx,Gujarat,2021-08-03,2021-08-04,Gujarat,Ahmedabad,"Maninagar, Ahmedabad - GPCB",2021-08-01,6,True,False,"Gujarat|Ahmedabad|Maninagar, Ahmedabad - GPCB|2021-08-03",20.78,21.5,20.975,42.175,94.84,57.26862068965517,True,94.84
04-08-2021 00:00,05-08-2021 00:00,49.76,0.56,9.95,39.86,128.75,38.44,Gujarat,Ahmedabad,"Maninagar, Ahmedabad - GPCB",Gujarat.xlsx,Gujarat,2021-08-04,2021-08-05,Gujarat,Ahmedabad,"Maninagar, Ahmedabad - GPCB",2021-08-01,6,True,False,"Gujarat|Ahmedabad|Maninagar, Ahmedabad - GPCB|2021-08-04",49.76,28.000000000000004,12.4375,49.825,119.43791946308724,63.57103448275862,True,119.43791946308724
05-08-2021 00:00,06-08-2021 00:00,25.07,0.65,8.83,29.73,94.5,25.35,Gujarat,Ahmedabad,"Maninagar, Ahmedabad - GPCB",Gujarat.xlsx,Gujarat,2021-08-05,2021-08-06,Gujarat,Ahmedabad,"Maninagar, Ahmedabad - GPCB",2021-08-01,6,True,False,"Gujarat|Ahmedabad|Maninagar, Ahmedabad - GPCB|2021-08-05",25.07,32.5,11.0375,37.1625,94.5,42.25000000000001,True,94.5
06-08-2021 00:00,07-08-2021 00:00,25.17,0.44,12.17,24.75,95.07,27.39,Gujarat,Ahmedabad,"Maninagar, Ahmedabad - GPCB",Gujarat.xlsx,Gujarat,2021-08-06,2021-08-07,Gujarat,Ahmedabad,"Maninagar, Ahmedabad - GPCB",2021-08-01,6,True,False,"Gujarat|Ahmedabad|Maninagar, Ahmedabad - GPCB|2021-08-06",25.17,22.0,15.2125,30.9375,95.07,45.650000000000006,True,95.07
07-08-2021 00:00,08-08-2021 00:00,40.32,0.63,32.21,40.15,107.34,40.12,Gujarat,Ahmedabad,"Maninagar, Ahmedabad - GPCB",Gujarat.xlsx,Gujarat,2021-08-07,2021-08-08,Gujarat,Ahmedabad,"Maninagar, Ahmedabad - GPCB",2021-08-01,6,True,False,"Gujarat|Ahmedabad|Maninagar, Ahmedabad - GPCB|2021-08-07",40.32,31.5,40.2625,51.0,105.21248322147652,66.40965517241379,True,105.21248322147652
08-08-2021 00:00,09-08-2021 00:00,38.66,0.6,31.59,34.55,104.38,39.0,Gujarat,Ahmedabad,"Maninagar, Ahmedabad - GPCB",Gujarat.xlsx,Gujarat,2021-08-08,2021-08-09,Gujarat,Ahmedabad,"Maninagar, Ahmedabad - GPCB",2021-08-01,6,True,False,"Gujarat|Ahmedabad|Maninagar, Ahmedabad - GPCB|2021-08-08",38.66,30.0,39.4875,43.1875,103.24577181208052,64.51724137931035,True,103.24577181208052
09-08-2021 00:00,10-08-2021 00:00,46.42,0.62,35.35,34.41,93.7,39.11,Gujarat,Ahmedabad,"Maninagar, Ahmedabad - GPCB",Gujarat.xlsx,Gujarat,2021-08-09,2021-08-10,Gujarat,Ahmedabad,"Maninagar, Ahmedabad - GPCB",2021-08-01,6,True,False,"Gujarat|Ahmedabad|Maninagar, Ahmedabad - GPCB|2021-08-09",46.42,31.0,44.1875,43.0125,93.7,64.70310344827587,True,93.7
10-08-2021 00:00,11-08-2021 00:00,53.26,0.74,29.99,36.2,120.26,42.24,Gujarat,Ahmedabad,"Maninagar, Ahmedabad - GPCB",Gujarat.xlsx,Gujarat,2021-08-10,2021-08-11,Gujarat,Ahmedabad,"Maninagar, Ahmedabad - GPCB",2021-08-01,6,True,False,"Gujarat|Ahmedabad|Maninagar, Ahmedabad - GPCB|2021-08-10",53.26,37.0,37.4875,45.25,113.79691275167784,69.99172413793104,True,113.79691275167784
11-08-2021 00:00,12-08-2021 00:00,38.8,,57.66,34.14,78.65,39.27,Gujarat,Ahmedabad,"Maninagar, Ahmedabad - GPCB",Gujarat.xlsx,Gujarat,2021-08-11,2021-08-12,Gujarat,Ahmedabad,"Maninagar, Ahmedabad - GPCB",2021-08-01,5,True,False,"Gujarat|Ahmedabad|Maninagar, Ahmedabad - GPCB|2021-08-11",38.8,,71.93179487179486,42.675,78.65,64.97344827586207,True,78.65
12-08-2021 00:00,13-08-2021 00:00,52.14,,38.84,40.82,95.3,43.66,Gujarat,Ahmedabad,"Maninagar, Ahmedabad - GPCB",Gujarat.xlsx,Gujarat,2021-08-12,2021-08-13,Gujarat,Ahmedabad,"Maninagar, Ahmedabad - GPCB",2021-08-01,5,True,False,"Gujarat|Ahmedabad|Maninagar, Ahmedabad - GPCB|2021-08-12",52.14,,48.55,51.0,95.3,72.39103448275861,True,95.3
13-08-2021 00:00,14-08-2021 00:00,32.67,1.65,45.28,36.79,104.62,43.41,Gujarat,Ahmedabad,"Maninagar, Ahmedabad - GPCB",Gujarat.xlsx,Gujarat,2021-08-13,2021-08-14,Gujarat,Ahmedabad,"Maninagar, Ahmedabad - GPCB",2021-08-01,6,True,False,"Gujarat|Ahmedabad|Maninagar, Ahmedabad - GPCB|2021-08-13",32.67,80.94444444444444,56.3774358974359,45.9875,103.40523489932886,71.96862068965517,True,103.40523489932886
14-08-2021 00:00,15-08-2021 00:00,29.09,0.56,48.57,37.9,114.04,36.87,Gujarat,Ahmedabad,"Maninagar, Ahmedabad - GPCB",Gujarat.xlsx,Gujarat,2021-08-14,2021-08-15,Gujarat,Ahmedabad,"Maninagar, Ahmedabad - GPCB",2021-08-01,6,True,False,"Gujarat|Ahmedabad|Maninagar, Ahmedabad - GPCB|2021-08-14",29.09,28.000000000000004,60.51102564102564,47.375,109.66416107382553,60.91827586206896,True,109.66416107382553
15-08-2021 00:00,16-08-2021 00:00,31.3,0.49,38.33,31.1,95.0,32.23,Gujarat,Ahmedabad,"Maninagar, Ahmedabad - GPCB",Gujarat.xlsx,Gujarat,2021-08-15,2021-08-16,Gujarat,Ahmedabad,"Maninagar, Ahmedabad - GPCB",2021-08-01,6,True,False,"Gujarat|Ahmedabad|Maninagar, Ahmedabad - GPCB|2021-08-15",31.3,24.5,47.9125,38.875,95.0,53.07827586206896,True,95.0
16-08-2021 00:00,17-08-2021 00:00,33.59,0.29,37.87,42.99,108.79,39.25,Gujarat,Ahmedabad,"Maninagar, Ahmedabad - GPCB",Gujarat.xlsx,Gujarat,2021-08-16,2021-08-17,Gujarat,Ahmedabad,"Maninagar, Ahmedabad - GPCB",2021-08-01,6,True,False,"Gujarat|Ahmedabad|Maninagar, Ahmedabad - GPCB|2021-08-16",33.59,14.499999999999998,47.3375,53.50025641025641,106.17590604026846,64.9396551724138,True,106.17590604026846
17-08-2021 00:00,18-08-2021 00:00,36.12,0.44,39.94,27.95,116.08,41.3,Gujarat,Ahmedabad,"Maninagar, Ahmedabad - GPCB",Gujarat.xlsx,Gujarat,2021-08-17,2021-08-18,Gujarat,Ahmedabad,"Maninagar, Ahmedabad - GPCB",2021-08-01,6,True,False,"Gujarat|Ahmedabad|Maninagar, Ahmedabad - GPCB|2021-08-17",36.12,22.0,49.925,34.9375,111.01959731543624,68.40344827586206,True,111.01959731543624
18-08-2021 00:00,19-08-2021 00:00,24.71,0.68,47.41,42.82,132.06,56.87,Gujarat,Ahmedabad,"Maninagar, Ahmedabad - GPCB",Gujarat.xlsx,Gujarat,2021-08-18,2021-08-19,Gujarat,Ahmedabad,"Maninagar, Ahmedabad - GPCB",2021-08-01,6,True,False,"Gujarat|Ahmedabad|Maninagar, Ahmedabad - GPCB|2021-08-18",24.71,34.0,59.05358974358974,53.28666666666667,121.63718120805368,94.71137931034482,True,121.63718120805368
19-08-2021 00:00,20-08-2021 00:00,29.11,0.49,48.08,34.42,99.54,50.69,Gujarat,Ahmedabad,"Maninagar, Ahmedabad - GPCB",Gujarat.xlsx,Gujarat,2021-08-19,2021-08-20,Gujarat,Ahmedabad,"Maninagar, Ahmedabad - GPCB",2021-08-01,6,True,False,"Gujarat|Ahmedabad|Maninagar, Ahmedabad - GPCB|2021-08-19",29.11,24.5,59.89538461538461,43.025000000000006,99.54,84.26931034482757,True,99.54
20-08-2021 00:00,21-08-2021 00:00,33.4,0.21,46.84,41.31,112.13,48.56,Gujarat,Ahmedabad,"Maninagar, Ahmedabad - GPCB",Gujarat.xlsx,Gujarat,2021-08-20,2021-08-21,Gujarat,Ahmedabad,"Maninagar, Ahmedabad - GPCB",2021-08-01,6,True,False,"Gujarat|Ahmedabad|Maninagar, Ahmedabad - GPCB|2021-08-20",33.4,10.5,58.3374358974359,51.38948717948718,108.39510067114094,80.6703448275862,True,108.39510067114094
21-08-2021 00:00,22-08-2021 00:00,23.23,0.31,32.85,34.45,104.06,51.66,Gujarat,Ahmedabad,"Maninagar, Ahmedabad - GPCB",Gujarat.xlsx,Gujarat,2021-08-21,2021-08-22,Gujarat,Ahmedabad,"Maninagar, Ahmedabad - GPCB",2021-08-01,6,True,False,"Gujarat|Ahmedabad|Maninagar, Ahmedabad - GPCB|2021-08-21",23.23,15.5,41.0625,43.0625,103.03315436241613,85.90827586206896,True,103.03315436241613
22-08-2021 00:00,23-08-2021 00:00,29.87,0.32,31.05,28.83,104.85,50.64,Gujarat,Ahmedabad,"Maninagar, Ahmedabad - GPCB",Gujarat.xlsx,Gujarat,2021-08-22,2021-08-23,Gujarat,Ahmedabad,"Maninagar, Ahmedabad - GPCB",2021-08-01,6,True,False,"Gujarat|Ahmedabad|Maninagar, Ahmedabad - GPCB|2021-08-22",29.87,16.0,38.8125,36.0375,103.55805369127516,84.1848275862069,True,103.55805369127516
23-08-2021 00:00,24-08-2021 00:00,35.34,0.32,33.46,16.71,65.1,30.95,Gujarat,Ahmedabad,"Maninagar, Ahmedabad - GPCB",Gujarat.xlsx,Gujarat,2021-08-23,2021-08-24,Gujarat,Ahmedabad,"Maninagar, Ahmedabad - GPCB",2021-08-01,6,True,False,"Gujarat|Ahmedabad|Maninagar, Ahmedabad - GPCB|2021-08-23",35.34,16.0,41.825,20.887500000000003,65.1,51.0,True,65.1
24-08-2021 00:00,25-08-2021 00:00,26.73,0.46,26.61,29.96,86.22,46.67,Gujarat,Ahmedabad,"Maninagar, Ahmedabad - GPCB",Gujarat.xlsx,Gujarat,2021-08-24,2021-08-25,Gujarat,Ahmedabad,"Maninagar, Ahmedabad - GPCB",2021-08-01,6,True,False,"Gujarat|Ahmedabad|Maninagar, Ahmedabad - GPCB|2021-08-24",26.73,23.0,33.2625,37.45,86.22,77.47689655172414,True,86.22
25-08-2021 00:00,26-08-2021 00:00,57.15,0.36,21.88,21.56,79.07,32.54,Gujarat,Ahmedabad,"Maninagar, Ahmedabad - GPCB",Gujarat.xlsx,Gujarat,2021-08-25,2021-08-26,Gujarat,Ahmedabad,"Maninagar, Ahmedabad - GPCB",2021-08-01,6,True,False,"Gujarat|Ahmedabad|Maninagar, Ahmedabad - GPCB|2021-08-25",57.15,18.0,27.35,26.95,79.07,53.60206896551724,True,79.07
26-08-2021 00:00,27-08-2021 00:00,32.23,0.67,43.18,25.95,92.5,39.02,Gujarat,Ahmedabad,"Maninagar, Ahmedabad - GPCB",Gujarat.xlsx,Gujarat,2021-08-26,2021-08-27,Gujarat,Ahmedabad,"Maninagar, Ahmedabad - GPCB",2021-08-01,6,True,False,"Gujarat|Ahmedabad|Maninagar, Ahmedabad - GPCB|2021-08-26",32.23,33.5,53.73897435897436,32.4375,92.5,64.55103448275862,True,92.5
27-08-2021 00:00,28-08-2021 00:00,47.66,0.38,49.83,22.93,84.24,38.7,Gujarat,Ahmedabad,"Maninagar, Ahmedabad - GPCB",Gujarat.xlsx,Gujarat,2021-08-27,2021-08-28,Gujarat,Ahmedabad,"Maninagar, Ahmedabad - GPCB",2021-08-01,6,True,False,"Gujarat|Ahmedabad|Maninagar, Ahmedabad - GPCB|2021-08-27",47.66,19.0,62.09410256410256,28.6625,84.24,64.01034482758621,True,84.24
28-08-2021 00:00,29-08-2021 00:00,63.56,0.81,50.27,31.57,116.74,40.89,Gujarat,Ahmedabad,"Maninagar, Ahmedabad - GPCB",Gujarat.xlsx,Gujarat,2021-08-28,2021-08-29,Gujarat,Ahmedabad,"Maninagar, Ahmedabad - GPCB",2021-08-01,6,True,False,"Gujarat|Ahmedabad|Maninagar, Ahmedabad - GPCB|2021-08-28",63.56,40.5,62.64692307692308,39.4625,111.45812080536912,67.71068965517242,True,111.45812080536912
29-08-2021 00:00,30-08-2021 00:00,34.23,0.94,74.43,32.26,136.85,39.34,Gujarat,Ahmedabad,"Maninagar, Ahmedabad - GPCB",Gujarat.xlsx,Gujarat,2021-08-29,2021-08-30,Gujarat,Ahmedabad,"Maninagar, Ahmedabad - GPCB",2021-08-01,6,True,False,"Gujarat|Ahmedabad|Maninagar, Ahmedabad - GPCB|2021-08-29",34.23,47.0,93.00179487179489,40.325,124.81979865771812,65.09172413793104,True,124.81979865771812
30-08-2021 00:00,31-08-2021 00:00,33.6,1.04,71.61,39.05,113.77,35.63,Gujarat,Ahmedabad,"Maninagar, Ahmedabad - GPCB",Gujarat.xlsx,Gujarat,2021-08-30,2021-08-31,Gujarat,Ahmedabad,"Maninagar, Ahmedabad - GPCB",2021-08-01,6,True,False,"Gujarat|Ahmedabad|Maninagar, Ahmedabad - GPCB|2021-08-30",33.6,51.0,89.45871794871795,48.8125,109.48476510067114,58.823103448275866,True,109.48476510067114
31-08-2021 00:00,01-09-2021 00:00,45.75,0.71,62.75,47.95,63.51,30.12,Gujarat,Ahmedabad,"Maninagar, Ahmedabad - GPCB",Gujarat.xlsx,Gujarat,2021-08-31,2021-09-01,Gujarat,Ahmedabad,"Maninagar, Ahmedabad - GPCB",2021-08-01,6,True,False,"Gujarat|Ahmedabad|Maninagar, Ahmedabad - GPCB|2021-08-31",45.75,35.5,78.32692307692308,59.73205128205129,63.51,51.0,True,78.32692307692308
01-09-2021 00:00,02-09-2021 00:00,75.92,0.56,57.5,31.74,78.51,30.36,Gujarat,Ahmedabad,"Maninagar, Ahmedabad - GPCB",Gujarat.xlsx,Gujarat,2021-09-01,2021-09-02,Gujarat,Ahmedabad,"Maninagar, Ahmedabad - GPCB",2021-09-01,6,True,False,"Gujarat|Ahmedabad|Maninagar, Ahmedabad - GPCB|2021-09-01",75.92,28.000000000000004,71.73076923076923,39.675,78.51,51.0,True,78.51
02-09-2021 00:00,03-09-2021 00:00,44.8,0.46,50.17,15.94,46.19,24.67,Gujarat,Ahmedabad,"Maninagar, Ahmedabad - GPCB",Gujarat.xlsx,Gujarat,2021-09-02,2021-09-03,Gujarat,Ahmedabad,"Maninagar, Ahmedabad - GPCB",2021-09-01,6,True,False,"Gujarat|Ahmedabad|Maninagar, Ahmedabad - GPCB|2021-09-02",44.8,23.0,62.52128205128206,19.925,46.19,41.116666666666674,True,62.52128205128206
03-09-2021 00:00,04-09-2021 00:00,20.24,0.39,32.76,14.92,48.67,24.93,Gujarat,Ahmedabad,"Maninagar, Ahmedabad - GPCB",Gujarat.xlsx,Gujarat,2021-09-03,2021-09-04,Gujarat,Ahmedabad,"Maninagar, Ahmedabad - GPCB",2021-09-01,6,True,False,"Gujarat|Ahmedabad|Maninagar, Ahmedabad - GPCB|2021-09-03",20.24,19.5,40.95,18.65,48.67,41.55,True,48.67
04-09-2021 00:00,05-09-2021 00:00,22.72,0.32,30.29,15.21,77.05,34.15,Gujarat,Ahmedabad,"Maninagar, Ahmedabad - GPCB",Gujarat.xlsx,Gujarat,2021-09-04,2021-09-05,Gujarat,Ahmedabad,"Maninagar, Ahmedabad - GPCB",2021-09-01,6,True,False,"Gujarat|Ahmedabad|Maninagar, Ahmedabad - GPCB|2021-09-04",22.72,16.0,37.8625,19.012500000000003,77.05,56.32241379310344,True,77.05
05-09-2021 00:00,06-09-2021 00:00,26.93,0.42,26.12,22.71,82.03,33.03,Gujarat,Ahmedabad,"Maninagar, Ahmedabad - GPCB",Gujarat.xlsx,Gujarat,2021-09-05,2021-09-06,Gujarat,Ahmedabad,"Maninagar, Ahmedabad - GPCB",2021-09-01,6,True,False,"Gujarat|Ahmedabad|Maninagar, Ahmedabad - GPCB|2021-09-05",26.93,21.0,32.65,28.387500000000003,82.03,54.43,True,82.03
06-09-2021 00:00,07-09-2021 00:00,42.03,0.38,25.27,24.24,101.76,39.76,Gujarat,Ahmedabad,"Maninagar, Ahmedabad - GPCB",Gujarat.xlsx,Gujarat,2021-09-06,2021-09-07,Gujarat,Ahmedabad,"Maninagar, Ahmedabad - GPCB",2021-09-01,6,True,False,"Gujarat|Ahmedabad|Maninagar, Ahmedabad - GPCB|2021-09-06",42.03,19.0,31.5875,30.3,101.50496644295302,65.80137931034483,True,101.50496644295302
07-09-2021 00:00,08-09-2021 00:00,28.1,0.4,28.7,26.07,82.18,36.66,Gujarat,Ahmedabad,"Maninagar, Ahmedabad - GPCB",Gujarat.xlsx,Gujarat,2021-09-07,2021-09-08,Gujarat,Ahmedabad,"Maninagar, Ahmedabad - GPCB",2021-09-01,6,True,False,"Gujarat|Ahmedabad|Maninagar, Ahmedabad - GPCB|2021-09-07",28.1,20.0,35.875,32.5875,82.18,60.56344827586207,True,82.18
08-09-2021 00:00,09-09-2021 00:00,30.35,0.42,31.91,22.64,63.83,34.71,Gujarat,Ahmedabad,"Maninagar, Ahmedabad - GPCB",Gujarat.xlsx,Gujarat,2021-09-08,2021-09-09,Gujarat,Ahmedabad,"Maninagar, Ahmedabad - GPCB",2021-09-01,6,True,False,"Gujarat|Ahmedabad|Maninagar, Ahmedabad - GPCB|2021-09-08",30.35,21.0,39.8875,28.3,63.83,57.26862068965517,True,63.83
09-09-2021 00:00,10-09-2021 00:00,28.13,1.1,23.73,27.28,96.98,46.88,Gujarat,Ahmedabad,"Maninagar, Ahmedabad - GPCB",Gujarat.xlsx,Gujarat,2021-09-09,2021-09-10,Gujarat,Ahmedabad,"Maninagar, Ahmedabad - GPCB",2021-09-01,6,True,False,"Gujarat|Ahmedabad|Maninagar, Ahmedabad - GPCB|2021-09-09",28.13,51.0,29.6625,34.1,96.98,77.83172413793105,True,96.98
10-09-2021 00:00,11-09-2021 00:00,23.31,0.38,19.81,40.67,101.83,43.86,Gujarat,Ahmedabad,"Maninagar, Ahmedabad - GPCB",Gujarat.xlsx,Gujarat,2021-09-10,2021-09-11,Gujarat,Ahmedabad,"Maninagar, Ahmedabad - GPCB",2021-09-01,6,True,False,"Gujarat|Ahmedabad|Maninagar, Ahmedabad - GPCB|2021-09-10",23.31,19.0,24.7625,51.0,101.55147651006712,72.72896551724138,True,101.55147651006712
11-09-2021 00:00,12-09-2021 00:00,21.11,0.36,19.83,46.32,125.57,61.0,Gujarat,Ahmedabad,"Maninagar, Ahmedabad - GPCB",Gujarat.xlsx,Gujarat,2021-09-11,2021-09-12,Gujarat,Ahmedabad,"Maninagar, Ahmedabad - GPCB",2021-09-01,6,True,False,"Gujarat|Ahmedabad|Maninagar, Ahmedabad - GPCB|2021-09-11",21.11,18.0,24.7875,57.68410256410257,117.32503355704698,101.0,True,117.32503355704698
12-09-2021 00:00,13-09-2021 00:00,22.05,0.39,19.68,44.92,115.08,51.92,Gujarat,Ahmedabad,"Maninagar, Ahmedabad - GPCB",Gujarat.xlsx,Gujarat,2021-09-12,2021-09-13,Gujarat,Ahmedabad,"Maninagar, Ahmedabad - GPCB",2021-09-01,6,True,False,"Gujarat|Ahmedabad|Maninagar, Ahmedabad - GPCB|2021-09-12",22.05,19.5,24.6,55.9251282051282,110.3551677852349,86.34758620689655,True,110.3551677852349
13-09-2021 00:00,14-09-2021 00:00,24.14,0.57,18.43,36.5,98.11,52.28,Gujarat,Ahmedabad,"Maninagar, Ahmedabad - GPCB",Gujarat.xlsx,Gujarat,2021-09-13,2021-09-14,Gujarat,Ahmedabad,"Maninagar, Ahmedabad - GPCB",2021-09-01,6,True,False,"Gujarat|Ahmedabad|Maninagar, Ahmedabad - GPCB|2021-09-13",24.14,28.5,23.0375,45.625,98.11,86.95586206896553,True,98.11
14-09-2021 00:00,15-09-2021 00:00,21.96,0.39,17.94,27.97,75.97,34.79,Gujarat,Ahmedabad,"Maninagar, Ahmedabad - GPCB",Gujarat.xlsx,Gujarat,2021-09-14,2021-09-15,Gujarat,Ahmedabad,"Maninagar, Ahmedabad - GPCB",2021-09-01,6,True,False,"Gujarat|Ahmedabad|Maninagar, Ahmedabad - GPCB|2021-09-14",21.96,19.5,22.425,34.9625,75.97,57.40379310344827,True,75.97
15-09-2021 00:00,16-09-2021 00:00,18.71,0.37,17.25,18.1,79.99,32.3,Gujarat,Ahmedabad,"Maninagar, Ahmedabad - GPCB",Gujarat.xlsx,Gujarat,2021-09-15,2021-09-16,Gujarat,Ahmedabad,"Maninagar, Ahmedabad - GPCB",2021-09-01,6,True,False,"Gujarat|Ahmedabad|Maninagar, Ahmedabad - GPCB|2021-09-15",18.71,18.5,21.5625,22.625,79.99,53.196551724137926,True,79.99
16-09-2021 00:00,17-09-2021 00:00,23.65,0.28,16.75,28.86,88.66,21.09,Gujarat,Ahmedabad,"Maninagar, Ahmedabad - GPCB",Gujarat.xlsx,Gujarat,2021-09-16,2021-09-17,Gujarat,Ahmedabad,"Maninagar, Ahmedabad - GPCB",2021-09-01,6,True,False,"Gujarat|Ahmedabad|Maninagar, Ahmedabad - GPCB|2021-09-16",23.65,14.000000000000002,20.9375,36.075,88.66,35.15,True,88.66
17-09-2021 00:00,18-09-2021 00:00,28.54,0.27,21.81,35.05,92.55,34.3,Gujarat,Ahmedabad,"Maninagar, Ahmedabad - GPCB",Gujarat.xlsx,Gujarat,2021-09-17,2021-09-18,Gujarat,Ahmedabad,"Maninagar, Ahmedabad - GPCB",2021-09-01,6,True,False,"Gujarat|Ahmedabad|Maninagar, Ahmedabad - GPCB|2021-09-17",28.54,13.5,27.2625,43.8125,92.55,56.57586206896551,True,92.55
18-09-2021 00:00,19-09-2021 00:00,17.89,0.35,31.67,43.3,102.13,44.92,Gujarat,Ahmedabad,"Maninagar, Ahmedabad - GPCB",Gujarat.xlsx,Gujarat,2021-09-18,2021-09-19,Gujarat,Ahmedabad,"Maninagar, Ahmedabad - GPCB",2021-09-01,6,True,False,"Gujarat|Ahmedabad|Maninagar, Ahmedabad - GPCB|2021-09-18",17.89,17.5,39.587500000000006,53.88974358974359,101.75080536912752,74.52000000000001,True,101.75080536912752
19-09-2021 00:00,20-09-2021 00:00,17.69,0.39,32.25,41.6,118.54,52.27,Gujarat,Ahmedabad,"Maninagar, Ahmedabad - GPCB",Gujarat.xlsx,Gujarat,2021-09-19,2021-09-20,Gujarat,Ahmedabad,"Maninagar, Ahmedabad - GPCB",2021-09-01,6,True,False,"Gujarat|Ahmedabad|Maninagar, Ahmedabad - GPCB|2021-09-19",17.69,19.5,40.3125,51.75384615384616,112.65409395973155,86.93896551724139,True,112.65409395973155
20-09-2021 00:00,21-09-2021 00:00,17.18,0.48,30.76,51.48,141.31,62.54,Gujarat,Ahmedabad,"Maninagar, Ahmedabad - GPCB",Gujarat.xlsx,Gujarat,2021-09-20,2021-09-21,Gujarat,Ahmedabad,"Maninagar, Ahmedabad - GPCB",2021-09-01,6,True,False,"Gujarat|Ahmedabad|Maninagar, Ahmedabad - GPCB|2021-09-20",17.18,24.0,38.45,64.16717948717948,127.78315436241613,106.25724137931034,True,127.78315436241613
21-09-2021 00:00,22-09-2021 00:00,23.97,0.43,25.68,39.69,92.64,40.42,Gujarat,Ahmedabad,"Maninagar, Ahmedabad - GPCB",Gujarat.xlsx,Gujarat,2021-09-21,2021-09-22,Gujarat,Ahmedabad,"Maninagar, Ahmedabad - GPCB",2021-09-01,6,True,False,"Gujarat|Ahmedabad|Maninagar, Ahmedabad - GPCB|2021-09-21",23.97,21.5,32.1,49.6125,92.64,66.91655172413793,True,92.64
22-09-2021 00:00,23-09-2021 00:00,29.97,0.61,24.4,40.17,119.05,42.17,Gujarat,Ahmedabad,"Maninagar, Ahmedabad - GPCB",Gujarat.xlsx,Gujarat,2021-09-22,2021-09-23,Gujarat,Ahmedabad,"Maninagar, Ahmedabad - GPCB",2021-09-01,6,True,False,"Gujarat|Ahmedabad|Maninagar, Ahmedabad - GPCB|2021-09-22",29.97,30.5,30.5,51.0,112.99295302013422,69.87344827586207,True,112.99295302013422
23-09-2021 00:00,24-09-2021 00:00,23.93,0.69,35.02,34.42,124.61,44.97,Gujarat,Ahmedabad,"Maninagar, Ahmedabad - GPCB",Gujarat.xlsx,Gujarat,2021-09-23,2021-09-24,Gujarat,Ahmedabad,"Maninagar, Ahmedabad - GPCB",2021-09-01,6,True,False,"Gujarat|Ahmedabad|Maninagar, Ahmedabad - GPCB|2021-09-23",23.93,34.5,43.775000000000006,43.025000000000006,116.68718120805369,74.60448275862069,True,116.68718120805369
24-09-2021 00:00,25-09-2021 00:00,27.66,0.92,51.61,28.07,112.66,34.15,Gujarat,Ahmedabad,"Maninagar, Ahmedabad - GPCB",Gujarat.xlsx,Gujarat,2021-09-24,2021-09-25,Gujarat,Ahmedabad,"Maninagar, Ahmedabad - GPCB",2021-09-01,6,True,False,"Gujarat|Ahmedabad|Maninagar, Ahmedabad - GPCB|2021-09-24",27.66,46.0,64.33051282051282,35.0875,108.74724832214766,56.32241379310344,True,108.74724832214766
25-09-2021 00:00,26-09-2021 00:00,25.65,0.87,50.46,29.22,120.9,47.84,Gujarat,Ahmedabad,"Maninagar, Ahmedabad - GPCB",Gujarat.xlsx,Gujarat,2021-09-25,2021-09-26,Gujarat,Ahmedabad,"Maninagar, Ahmedabad - GPCB",2021-09-01,6,True,False,"Gujarat|Ahmedabad|Maninagar, Ahmedabad - GPCB|2021-09-25",25.65,43.5,62.88564102564103,36.525,114.22214765100672,79.45379310344828,True,114.22214765100672
26-09-2021 00:00,27-09-2021 00:00,21.31,0.48,54.6,25.33,87.69,37.32,Gujarat,Ahmedabad,"Maninagar, Ahmedabad - GPCB",Gujarat.xlsx,Gujarat,2021-09-26,2021-09-27,Gujarat,Ahmedabad,"Maninagar, Ahmedabad - GPCB",2021-09-01,6,True,False,"Gujarat|Ahmedabad|Maninagar, Ahmedabad - GPCB|2021-09-26",21.31,24.0,68.0871794871795,31.6625,87.69,61.678620689655176,True,87.69
27-09-2021 00:00,28-09-2021 00:00,19.78,0.71,55.36,38.23,126.14,55.42,Gujarat,Ahmedabad,"Maninagar, Ahmedabad - GPCB",Gujarat.xlsx,Gujarat,2021-09-27,2021-09-28,Gujarat,Ahmedabad,"Maninagar, Ahmedabad - GPCB",2021-09-01,6,True,False,"Gujarat|Ahmedabad|Maninagar, Ahmedabad - GPCB|2021-09-27",19.78,35.5,69.04205128205129,47.7875,117.70375838926176,92.26137931034484,True,117.70375838926176
28-09-2021 00:00,29-09-2021 00:00,17.51,0.66,52.63,31.65,72.05,28.72,Gujarat,Ahmedabad,"Maninagar, Ahmedabad - GPCB",Gujarat.xlsx,Gujarat,2021-09-28,2021-09-29,Gujarat,Ahmedabad,"Maninagar, Ahmedabad - GPCB",2021-09-01,6,True,False,"Gujarat|Ahmedabad|Maninagar, Ahmedabad - GPCB|2021-09-28",17.51,33.0,65.61205128205128,39.5625,72.05,47.86666666666667,True,72.05
29-09-2021 00:00,30-09-2021 00:00,27.88,0.65,52.34,24.52,38.87,13.64,Gujarat,Ahmedabad,"Maninagar, Ahmedabad - GPCB",Gujarat.xlsx,Gujarat,2021-09-29,2021-09-30,Gujarat,Ahmedabad,"Maninagar, Ahmedabad - GPCB",2021-09-01,6,True,False,"Gujarat|Ahmedabad|Maninagar, Ahmedabad - GPCB|2021-09-29",27.88,32.5,65.24769230769232,30.65,38.87,22.73333333333333,True,65.24769230769232
30-09-2021 00:00,01-10-2021 00:00,19.87,0.88,51.85,23.04,45.98,17.8,Gujarat,Ahmedabad,"Maninagar, Ahmedabad - GPCB",Gujarat.xlsx,Gujarat,2021-09-30,2021-10-01,Gujarat,Ahmedabad,"Maninagar, Ahmedabad - GPCB",2021-09-01,6,True,False,"Gujarat|Ahmedabad|Maninagar, Ahmedabad - GPCB|2021-09-30",19.87,44.0,64.63205128205128,28.8,45.98,29.666666666666668,True,64.63205128205128
01-10-2021 00:00,02-10-2021 00:00,32.29,1.03,32.29,32.41,109.2,38.98,Gujarat,Ahmedabad,"Maninagar, Ahmedabad - GPCB",Gujarat.xlsx,Gujarat,2021-10-01,2021-10-02,Gujarat,Ahmedabad,"Maninagar, Ahmedabad - GPCB",2021-10-01,6,True,False,"Gujarat|Ahmedabad|Maninagar, Ahmedabad - GPCB|2021-10-01",32.29,51.0,40.3625,40.5125,106.448322147651,64.48344827586206,True,106.448322147651
02-10-2021 00:00,03-10-2021 00:00,27.7,1.64,29.29,37.24,174.73,58.75,Gujarat,Ahmedabad,"Maninagar, Ahmedabad - GPCB",Gujarat.xlsx,Gujarat,2021-10-02,2021-10-03,Gujarat,Ahmedabad,"Maninagar, Ahmedabad - GPCB",2021-10-01,6,True,False,"Gujarat|Ahmedabad|Maninagar, Ahmedabad - GPCB|2021-10-02",27.7,80.39999999999999,36.6125,46.55,149.98838926174497,97.88793103448276,True,149.98838926174497
03-10-2021 00:00,04-10-2021 00:00,25.13,0.97,39.28,21.87,94.45,31.44,Gujarat,Ahmedabad,"Maninagar, Ahmedabad - GPCB",Gujarat.xlsx,Gujarat,2021-10-03,2021-10-04,Gujarat,Ahmedabad,"Maninagar, Ahmedabad - GPCB",2021-10-01,6,True,False,"Gujarat|Ahmedabad|Maninagar, Ahmedabad - GPCB|2021-10-03",25.13,48.5,49.1,27.3375,94.45,51.74344827586207,True,94.45
04-10-2021 00:00,05-10-2021 00:00,25.63,0.73,38.49,22.62,84.34,27.38,Gujarat,Ahmedabad,"Maninagar, Ahmedabad - GPCB",Gujarat.xlsx,Gujarat,2021-10-04,2021-10-05,Gujarat,Ahmedabad,"Maninagar, Ahmedabad - GPCB",2021-10-01,6,True,False,"Gujarat|Ahmedabad|Maninagar, Ahmedabad - GPCB|2021-10-04",25.63,36.5,48.1125,28.275,84.34,45.63333333333333,True,84.34
05-10-2021 00:00,06-10-2021 00:00,28.64,0.73,37.85,30.94,100.02,29.35,Gujarat,Ahmedabad,"Maninagar, Ahmedabad - GPCB",Gujarat.xlsx,Gujarat,2021-10-05,2021-10-06,Gujarat,Ahmedabad,"Maninagar, Ahmedabad - GPCB",2021-10-01,6,True,False,"Gujarat|Ahmedabad|Maninagar, Ahmedabad - GPCB|2021-10-05",28.64,36.5,47.3125,38.675,101.0,48.91666666666667,True,101.0
06-10-2021 00:00,07-10-2021 00:00,34.45,1.2,37.41,51.05,121.3,33.78,Gujarat,Ahmedabad,"Maninagar, Ahmedabad - GPCB",Gujarat.xlsx,Gujarat,2021-10-06,2021-10-07,Gujarat,Ahmedabad,"Maninagar, Ahmedabad - GPCB",2021-10-01,6,True,False,"Gujarat|Ahmedabad|Maninagar, Ahmedabad - GPCB|2021-10-06",34.45,56.44444444444444,46.7625,63.62692307692308,114.48791946308724,55.69724137931035,True,114.48791946308724
07-10-2021 00:00,08-10-2021 00:00,46.8,0.94,38.37,46.41,108.54,44.81,Gujarat,Ahmedabad,"Maninagar, Ahmedabad - GPCB",Gujarat.xlsx,Gujarat,2021-10-07,2021-10-08,Gujarat,Ahmedabad,"Maninagar, Ahmedabad - GPCB",2021-10-01,6,True,False,"Gujarat|Ahmedabad|Maninagar, Ahmedabad - GPCB|2021-10-07",46.8,47.0,47.9625,57.79717948717949,106.00979865771812,74.33413793103449,True,106.00979865771812
08-10-2021 00:00,09-10-2021 00:00,14.08,0.8,37.71,55.93,153.22,60.61,Gujarat,Ahmedabad,"Maninagar, Ahmedabad - GPCB",Gujarat.xlsx,Gujarat,2021-10-08,2021-10-09,Gujarat,Ahmedabad,"Maninagar, Ahmedabad - GPCB",2021-10-01,6,True,False,"Gujarat|Ahmedabad|Maninagar, Ahmedabad - GPCB|2021-10-08",14.08,40.0,47.1375,69.75820512820513,135.6965100671141,101.0,True,135.6965100671141
09-10-2021 00:00,10-10-2021 00:00,31.58,0.68,35.16,60.9,103.92,49.87,Gujarat,Ahmedabad,"Maninagar, Ahmedabad - GPCB",Gujarat.xlsx,Gujarat,2021-10-09,2021-10-10,Gujarat,Ahmedabad,"Maninagar, Ahmedabad - GPCB",2021-10-01,6,True,False,"Gujarat|Ahmedabad|Maninagar, Ahmedabad - GPCB|2021-10-09",31.58,34.0,43.95,76.0025641025641,102.94013422818792,82.88379310344827,True,102.94013422818792
10-10-2021 00:00,11-10-2021 00:00,26.75,0.36,39.86,34.32,111.3,44.77,Gujarat,Ahmedabad,"Maninagar, Ahmedabad - GPCB",Gujarat.xlsx,Gujarat,2021-10-10,2021-10-11,Gujarat,Ahmedabad,"Maninagar, Ahmedabad - GPCB",2021-10-01,6,True,False,"Gujarat|Ahmedabad|Maninagar, Ahmedabad - GPCB|2021-10-10",26.75,18.0,49.825,42.9,107.84362416107382,74.26655172413794,True,107.84362416107382
11-10-2021 00:00,12-10-2021 00:00,27.98,2.08,48.24,78.09,157.2,84.07,Gujarat,Ahmedabad,"Maninagar, Ahmedabad - GPCB",Gujarat.xlsx,Gujarat,2021-10-11,2021-10-12,Gujarat,Ahmedabad,"Maninagar, Ahmedabad - GPCB",2021-10-01,6,True,False,"Gujarat|Ahmedabad|Maninagar, Ahmedabad - GPCB|2021-10-11",27.98,101.0,60.09641025641026,97.6002564102564,138.34093959731544,179.7562068965517,True,179.7562068965517
12-10-2021 00:00,13-10-2021 00:00,32.34,0.95,50.58,60.16,160.53,53.19,Gujarat,Ahmedabad,"Maninagar, Ahmedabad - GPCB",Gujarat.xlsx,Gujarat,2021-10-12,2021-10-13,Gujarat,Ahmedabad,"Maninagar, Ahmedabad - GPCB",2021-10-01,6,True,False,"Gujarat|Ahmedabad|Maninagar, Ahmedabad - GPCB|2021-10-12",32.34,47.5,63.03641025641026,75.07282051282051,140.5534899328859,88.49344827586206,True,140.5534899328859
13-10-2021 00:00,14-10-2021 00:00,21.66,0.84,65.32,81.76,108.96,41.46,Gujarat,Ahmedabad,"Maninagar, Ahmedabad - GPCB",Gujarat.xlsx,Gujarat,2021-10-13,2021-10-14,Gujarat,Ahmedabad,"Maninagar, Ahmedabad - GPCB",2021-10-01,6,True,False,"Gujarat|Ahmedabad|Maninagar, Ahmedabad - GPCB|2021-10-13",21.66,42.0,81.55589743589744,101.76,106.28885906040269,68.67379310344828,True,106.28885906040269
14-10-2021 00:00,15-10-2021 00:00,13.98,1.0,63.42,77.45,127.71,41.07,Gujarat,Ahmedabad,"Maninagar, Ahmedabad - GPCB",Gujarat.xlsx,Gujarat,2021-10-14,2021-10-15,Gujarat,Ahmedabad,"Maninagar, Ahmedabad - GPCB",2021-10-01,6,True,False,"Gujarat|Ahmedabad|Maninagar, Ahmedabad - GPCB|2021-10-14",13.98,50.0,79.16871794871795,96.79615384615386,118.74691275167784,68.0148275862069,True,118.74691275167784
15-10-2021 00:00,16-10-2021 00:00,14.59,0.73,60.24,62.52,139.3,34.91,Gujarat,Ahmedabad,"Maninagar, Ahmedabad - GPCB",Gujarat.xlsx,Gujarat,2021-10-15,2021-10-16,Gujarat,Ahmedabad,"Maninagar, Ahmedabad - GPCB",2021-10-01,6,True,False,"Gujarat|Ahmedabad|Maninagar, Ahmedabad - GPCB|2021-10-15",14.59,36.5,75.17333333333333,78.03794871794872,126.44765100671142,57.60655172413792,True,126.44765100671142
16-10-2021 00:00,17-10-2021 00:00,20.01,1.87,64.6,77.19,268.29,47.31,Gujarat,Ahmedabad,"Maninagar, Ahmedabad - GPCB",Gujarat.xlsx,Gujarat,2021-10-16,2021-10-17,Gujarat,Ahmedabad,"Maninagar, Ahmedabad - GPCB",2021-10-01,6,True,False,"Gujarat|Ahmedabad|Maninagar, Ahmedabad - GPCB|2021-10-16",20.01,92.92222222222222,80.65128205128204,96.46948717948716,218.29,78.55827586206897,True,218.29
17-10-2021 00:00,18-10-2021 00:00,27.82,0.92,58.85,49.79,166.27,38.82,Gujarat,Ahmedabad,"Maninagar, Ahmedabad - GPCB",Gujarat.xlsx,Gujarat,2021-10-17,2021-10-18,Gujarat,Ahmedabad,"Maninagar, Ahmedabad - GPCB",2021-10-01,6,True,False,"Gujarat|Ahmedabad|Maninagar, Ahmedabad - GPCB|2021-10-17",27.82,46.0,73.42692307692307,62.04384615384616,144.36731543624165,64.21310344827586,True,144.36731543624165
18-10-2021 00:00,19-10-2021 00:00,26.58,0.62,50.51,29.71,250.48,70.79,Gujarat,Ahmedabad,"Maninagar, Ahmedabad - GPCB",Gujarat.xlsx,Gujarat,2021-10-18,2021-10-19,Gujarat,Ahmedabad,"Maninagar, Ahmedabad - GPCB",2021-10-01,6,True,False,"Gujarat|Ahmedabad|Maninagar, Ahmedabad - GPCB|2021-10-18",26.58,31.0,62.94846153846154,37.1375,201.0,134.42103448275864,True,201.0
19-10-2021 00:00,20-10-2021 00:00,19.07,0.11,37.11,7.66,112.52,27.66,Gujarat,Ahmedabad,"Maninagar, Ahmedabad - GPCB",Gujarat.xlsx,Gujarat,2021-10-19,2021-10-20,Gujarat,Ahmedabad,"Maninagar, Ahmedabad - GPCB",2021-10-01,6,True,False,"Gujarat|Ahmedabad|Maninagar, Ahmedabad - GPCB|2021-10-19",19.07,5.5,46.3875,9.575,108.65422818791946,46.1,True,108.65422818791946
20-10-2021 00:00,21-10-2021 00:00,35.26,0.99,42.76,52.03,190.69,51.37,Gujarat,Ahmedabad,"Maninagar, Ahmedabad - GPCB",Gujarat.xlsx,Gujarat,2021-10-20,2021-10-21,Gujarat,Ahmedabad,"Maninagar, Ahmedabad - GPCB",2021-10-01,6,True,False,"Gujarat|Ahmedabad|Maninagar, Ahmedabad - GPCB|2021-10-20",35.26,49.5,53.21128205128205,64.85820512820513,160.59268456375838,85.41827586206895,True,160.59268456375838
21-10-2021 00:00,22-10-2021 00:00,16.39,1.24,49.1,49.67,218.04,80.96,Gujarat,Ahmedabad,"Maninagar, Ahmedabad - GPCB",Gujarat.xlsx,Gujarat,2021-10-21,2021-10-22,Gujarat,Ahmedabad,"Maninagar, Ahmedabad - GPCB",2021-10-01,6,True,False,"Gujarat|Ahmedabad|Maninagar, Ahmedabad - GPCB|2021-10-21",16.39,58.62222222222222,61.17692307692308,61.893076923076926,178.76483221476508,169.13931034482755,True,178.76483221476508
22-10-2021 00:00,23-10-2021 00:00,20.48,0.8,44.44,28.81,93.34,38.72,Gujarat,Ahmedabad,"Maninagar, Ahmedabad - GPCB",Gujarat.xlsx,Gujarat,2021-10-22,2021-10-23,Gujarat,Ahmedabad,"Maninagar, Ahmedabad - GPCB",2021-10-01,6,True,False,"Gujarat|Ahmedabad|Maninagar, Ahmedabad - GPCB|2021-10-22",20.48,40.0,55.32205128205128,36.0125,93.34,64.04413793103448,True,93.34
23-10-2021 00:00,24-10-2021 00:00,20.39,1.23,41.75,30.42,96.02,33.89,Gujarat,Ahmedabad,"Maninagar, Ahmedabad - GPCB",Gujarat.xlsx,Gujarat,2021-10-23,2021-10-24,Gujarat,Ahmedabad,"Maninagar, Ahmedabad - GPCB",2021-10-01,6,True,False,"Gujarat|Ahmedabad|Maninagar, Ahmedabad - GPCB|2021-10-23",20.39,58.077777777777776,51.94230769230769,38.025000000000006,96.02,55.88310344827586,True,96.02
24-10-2021 00:00,25-10-2021 00:00,18.61,0.85,41.27,30.71,116.38,48.29,Gujarat,Ahmedabad,"Maninagar, Ahmedabad - GPCB",Gujarat.xlsx,Gujarat,2021-10-24,2021-10-25,Gujarat,Ahmedabad,"Maninagar, Ahmedabad - GPCB",2021-10-01,6,True,False,"Gujarat|Ahmedabad|Maninagar, Ahmedabad - GPCB|2021-10-24",18.61,42.5,51.33923076923077,38.3875,111.21892617449664,80.21413793103449,True,111.21892617449664
25-10-2021 00:00,26-10-2021 00:00,20.46,1.52,40.86,43.18,154.31,71.64,Gujarat,Ahmedabad,"Maninagar, Ahmedabad - GPCB",Gujarat.xlsx,Gujarat,2021-10-25,2021-10-26,Gujarat,Ahmedabad,"Maninagar, Ahmedabad - GPCB",2021-10-01,6,True,False,"Gujarat|Ahmedabad|Maninagar, Ahmedabad - GPCB|2021-10-25",20.46,73.86666666666666,51.0,53.73897435897436,136.42073825503357,137.32275862068963,True,137.32275862068963
26-10-2021 00:00,27-10-2021 00:00,18.68,0.92,40.34,56.34,226.35,78.8,Gujarat,Ahmedabad,"Maninagar, Ahmedabad - GPCB",Gujarat.xlsx,Gujarat,2021-10-26,2021-10-27,Gujarat,Ahmedabad,"Maninagar, Ahmedabad - GPCB",2021-10-01,6,True,False,"Gujarat|Ahmedabad|Maninagar, Ahmedabad - GPCB|2021-10-26",18.68,46.0,51.0,70.27333333333334,184.28624161073827,161.7655172413793,True,184.28624161073827
27-10-2021 00:00,28-10-2021 00:00,25.94,1.63,45.94,79.92,178.04,62.37,Gujarat,Ahmedabad,"Maninagar, Ahmedabad - GPCB",Gujarat.xlsx,Gujarat,2021-10-27,2021-10-28,Gujarat,Ahmedabad,"Maninagar, Ahmedabad - GPCB",2021-10-01,6,True,False,"Gujarat|Ahmedabad|Maninagar, Ahmedabad - GPCB|2021-10-27",25.94,79.85555555555555,57.20666666666666,99.89948717948718,152.1876510067114,105.67689655172413,True,152.1876510067114
28-10-2021 00:00,29-10-2021 00:00,14.65,0.82,38.2,75.27,152.29,53.21,Gujarat,Ahmedabad,"Maninagar, Ahmedabad - GPCB",Gujarat.xlsx,Gujarat,2021-10-28,2021-10-29,Gujarat,Ahmedabad,"Maninagar, Ahmedabad - GPCB",2021-10-01,6,True,False,"Gujarat|Ahmedabad|Maninagar, Ahmedabad - GPCB|2021-10-28",14.65,41.0,47.75,94.05717948717948,135.07859060402683,88.52724137931034,True,135.07859060402683
29-10-2021 00:00,30-10-2021 00:00,17.75,0.67,34.48,88.89,171.94,53.75,Gujarat,Ahmedabad,"Maninagar, Ahmedabad - GPCB",Gujarat.xlsx,Gujarat,2021-10-29,2021-10-30,Gujarat,Ahmedabad,"Maninagar, Ahmedabad - GPCB",2021-10-01,6,True,False,"Gujarat|Ahmedabad|Maninagar, Ahmedabad - GPCB|2021-10-29",17.75,33.5,43.1,108.89,148.13463087248323,89.4396551724138,True,148.13463087248323
30-10-2021 00:00,31-10-2021 00:00,13.38,0.76,45.45,109.27,209.63,79.24,Gujarat,Ahmedabad,"Maninagar, Ahmedabad - GPCB",Gujarat.xlsx,Gujarat,2021-10-30,2021-10-31,Gujarat,Ahmedabad,"Maninagar, Ahmedabad - GPCB",2021-10-01,6,True,False,"Gujarat|Ahmedabad|Maninagar, Ahmedabad - GPCB|2021-10-30",13.38,38.0,56.591025641025645,129.26999999999998,173.1769798657718,163.26758620689654,True,173.1769798657718
31-10-2021 00:00,01-11-2021 00:00,18.57,1.29,52.38,108.03,189.52,78.81,Gujarat,Ahmedabad,"Maninagar, Ahmedabad - GPCB",Gujarat.xlsx,Gujarat,2021-10-31,2021-11-01,Gujarat,Ahmedabad,"Maninagar, Ahmedabad - GPCB",2021-10-01,6,True,False,"Gujarat|Ahmedabad|Maninagar, Ahmedabad - GPCB|2021-10-31",18.57,61.34444444444444,65.29794871794871,128.03,159.81530201342284,161.7996551724138,True,161.7996551724138
01-11-2021 00:00,02-11-2021 00:00,26.11,0.98,40.72,120.39,319.93,87.46,Gujarat,Ahmedabad,"Maninagar, Ahmedabad - GPCB",Gujarat.xlsx,Gujarat,2021-11-01,2021-11-02,Gujarat,Ahmedabad,"Maninagar, Ahmedabad - GPCB",2021-11-01,6,True,False,"Gujarat|Ahmedabad|Maninagar, Ahmedabad - GPCB|2021-11-01",26.11,49.0,51.0,140.39,269.93,191.32896551724136,True,269.93
02-11-2021 00:00,03-11-2021 00:00,40.39,0.64,43.56,103.86,318.72,103.2,Gujarat,Ahmedabad,"Maninagar, Ahmedabad - GPCB",Gujarat.xlsx,Gujarat,2021-11-02,2021-11-03,Gujarat,Ahmedabad,"Maninagar, Ahmedabad - GPCB",2021-11-01,6,True,False,"Gujarat|Ahmedabad|Maninagar, Ahmedabad - GPCB|2021-11-02",40.39,32.0,54.216410256410256,123.86,268.72,242.64827586206897,True,268.72
03-11-2021 00:00,04-11-2021 00:00,26.64,0.86,49.43,96.31,272.35,112.33,Gujarat,Ahmedabad,"Maninagar, Ahmedabad - GPCB",Gujarat.xlsx,Gujarat,2021-11-03,2021-11-04,Gujarat,Ahmedabad,"Maninagar, Ahmedabad - GPCB",2021-11-01,6,True,False,"Gujarat|Ahmedabad|Maninagar, Ahmedabad - GPCB|2021-11-03",26.64,43.0,61.59153846153846,116.31,222.35,273.8162068965517,True,273.8162068965517
04-11-2021 00:00,05-11-2021 00:00,13.91,0.5,43.8,77.7,261.01,166.24,Gujarat,Ahmedabad,"Maninagar, Ahmedabad - GPCB",Gujarat.xlsx,Gujarat,2021-11-04,2021-11-05,Gujarat,Ahmedabad,"Maninagar, Ahmedabad - GPCB",2021-11-01,6,True,False,"Gujarat|Ahmedabad|Maninagar, Ahmedabad - GPCB|2021-11-04",13.91,25.0,54.51794871794871,97.1102564102564,211.01,335.71906976744185,True,335.71906976744185
05-11-2021 00:00,06-11-2021 00:00,26.52,0.55,43.33,74.13,362.11,227.6,Gujarat,Ahmedabad,"Maninagar, Ahmedabad - GPCB",Gujarat.xlsx,Gujarat,2021-11-05,2021-11-06,Gujarat,Ahmedabad,"Maninagar, Ahmedabad - GPCB",2021-11-01,6,True,False,"Gujarat|Ahmedabad|Maninagar, Ahmedabad - GPCB|2021-11-05",26.52,27.500000000000004,53.9274358974359,92.62487179487178,314.9226582278481,382.80930232558137,True,382.80930232558137
06-11-2021 00:00,07-11-2021 00:00,28.2,0.63,44.31,57.6,205.26,110.71,Gujarat,Ahmedabad,"Maninagar, Ahmedabad - GPCB",Gujarat.xlsx,Gujarat,2021-11-06,2021-11-07,Gujarat,Ahmedabad,"Maninagar, Ahmedabad - GPCB",2021-11-01,6,True,False,"Gujarat|Ahmedabad|Maninagar, Ahmedabad - GPCB|2021-11-06",28.2,31.5,55.15871794871795,71.85641025641026,170.27342281879194,268.2858620689655,True,268.2858620689655
07-11-2021 00:00,08-11-2021 00:00,24.24,0.61,43.3,62.87,185.99,70.67,Gujarat,Ahmedabad,"Maninagar, Ahmedabad - GPCB",Gujarat.xlsx,Gujarat,2021-11-07,2021-11-08,Gujarat,Ahmedabad,"Maninagar, Ahmedabad - GPCB",2021-11-01,6,True,False,"Gujarat|Ahmedabad|Maninagar, Ahmedabad - GPCB|2021-11-07",24.24,30.5,53.88974358974359,78.47769230769231,157.4698657718121,134.01137931034484,True,157.4698657718121
08-11-2021 00:00,09-11-2021 00:00,19.07,0.67,42.7,79.7,154.57,69.99,Gujarat,Ahmedabad,"Maninagar, Ahmedabad - GPCB",Gujarat.xlsx,Gujarat,2021-11-08,2021-11-09,Gujarat,Ahmedabad,"Maninagar, Ahmedabad - GPCB",2021-11-01,6,True,False,"Gujarat|Ahmedabad|Maninagar, Ahmedabad - GPCB|2021-11-08",19.07,33.5,53.13589743589744,99.62307692307692,136.59348993288592,131.69,True,136.59348993288592
09-11-2021 00:00,10-11-2021 00:00,16.49,0.72,42.67,81.07,151.43,56.6,Gujarat,Ahmedabad,"Maninagar, Ahmedabad - GPCB",Gujarat.xlsx,Gujarat,2021-11-09,2021-11-10,Gujarat,Ahmedabad,"Maninagar, Ahmedabad - GPCB",2021-11-01,6,True,False,"Gujarat|Ahmedabad|Maninagar, Ahmedabad - GPCB|2021-11-09",16.49,36.0,53.09820512820513,101.07,134.50718120805368,94.2551724137931,True,134.50718120805368
10-11-2021 00:00,11-11-2021 00:00,13.11,0.9,39.92,68.3,192.61,66.15,Gujarat,Ahmedabad,"Maninagar, Ahmedabad - GPCB",Gujarat.xlsx,Gujarat,2021-11-10,2021-11-11,Gujarat,Ahmedabad,"Maninagar, Ahmedabad - GPCB",2021-11-01,6,True,False,"Gujarat|Ahmedabad|Maninagar, Ahmedabad - GPCB|2021-11-10",13.11,45.0,49.900000000000006,85.3,161.868389261745,118.58103448275864,True,161.868389261745
11-11-2021 00:00,12-11-2021 00:00,16.33,0.75,31.21,26.61,176.15,83.33,Gujarat,Ahmedabad,"Maninagar, Ahmedabad - GPCB",Gujarat.xlsx,Gujarat,2021-11-11,2021-11-12,Gujarat,Ahmedabad,"Maninagar, Ahmedabad - GPCB",2021-11-01,6,True,False,"Gujarat|Ahmedabad|Maninagar, Ahmedabad - GPCB|2021-11-11",16.33,37.5,39.0125,33.2625,150.93187919463088,177.23,True,177.23
12-11-2021 00:00,13-11-2021 00:00,53.16,0.62,29.89,10.56,181.23,75.53,Gujarat,Ahmedabad,"Maninagar, Ahmedabad - GPCB",Gujarat.xlsx,Gujarat,2021-11-12,2021-11-13,Gujarat,Ahmedabad,"Maninagar, Ahmedabad - GPCB",2021-11-01,6,True,False,"Gujarat|Ahmedabad|Maninagar, Ahmedabad - GPCB|2021-11-12",53.16,31.0,37.3625,13.2,154.3071812080537,150.60241379310344,True,154.3071812080537
13-11-2021 00:00,14-11-2021 00:00,31.57,0.47,28.56,37.09,245.12,85.45,Gujarat,Ahmedabad,"Maninagar, Ahmedabad - GPCB",Gujarat.xlsx,Gujarat,2021-11-13,2021-11-14,Gujarat,Ahmedabad,"Maninagar, Ahmedabad - GPCB",2021-11-01,6,True,False,"Gujarat|Ahmedabad|Maninagar, Ahmedabad - GPCB|2021-11-13",31.57,23.5,35.7,46.3625,196.75758389261745,184.46724137931037,True,196.75758389261745
14-11-2021 00:00,15-11-2021 00:00,30.41,0.46,31.32,63.92,271.59,120.63,Gujarat,Ahmedabad,"Maninagar, Ahmedabad - GPCB",Gujarat.xlsx,Gujarat,2021-11-14,2021-11-15,Gujarat,Ahmedabad,"Maninagar, Ahmedabad - GPCB",2021-11-01,6,True,False,"Gujarat|Ahmedabad|Maninagar, Ahmedabad - GPCB|2021-11-14",30.41,23.0,39.15,79.79692307692308,221.59,301.0,True,301.0
15-11-2021 00:00,16-11-2021 00:00,31.88,0.55,28.05,56.63,242.71,107.26,Gujarat,Ahmedabad,"Maninagar, Ahmedabad - GPCB",Gujarat.xlsx,Gujarat,2021-11-15,2021-11-16,Gujarat,Ahmedabad,"Maninagar, Ahmedabad - GPCB",2021-11-01,6,True,False,"Gujarat|Ahmedabad|Maninagar, Ahmedabad - GPCB|2021-11-15",31.88,27.500000000000004,35.0625,70.6376923076923,195.15630872483223,256.508275862069,True,256.508275862069
16-11-2021 00:00,17-11-2021 00:00,24.19,0.39,25.01,42.74,220.2,89.54,Gujarat,Ahmedabad,"Maninagar, Ahmedabad - GPCB",Gujarat.xlsx,Gujarat,2021-11-16,2021-11-17,Gujarat,Ahmedabad,"Maninagar, Ahmedabad - GPCB",2021-11-01,6,True,False,"Gujarat|Ahmedabad|Maninagar, Ahmedabad - GPCB|2021-11-16",24.19,19.5,31.262500000000003,53.18615384615385,180.2,198.42965517241385,True,198.42965517241385
17-11-2021 00:00,18-11-2021 00:00,38.47,0.47,30.12,40.35,165.44,72.38,Gujarat,Ahmedabad,"Maninagar, Ahmedabad - GPCB",Gujarat.xlsx,Gujarat,2021-11-17,2021-11-18,Gujarat,Ahmedabad,"Maninagar, Ahmedabad - GPCB",2021-11-01,6,True,False,"Gujarat|Ahmedabad|Maninagar, Ahmedabad - GPCB|2021-11-17",38.47,23.5,37.65,51.0,143.8158389261745,139.84896551724137,True,143.8158389261745
18-11-2021 00:00,19-11-2021 00:00,17.16,0.5,27.14,32.95,155.38,77.8,Gujarat,Ahmedabad,"Maninagar, Ahmedabad - GPCB",Gujarat.xlsx,Gujarat,2021-11-18,2021-11-19,Gujarat,Ahmedabad,"Maninagar, Ahmedabad - GPCB",2021-11-01,6,True,False,"Gujarat|Ahmedabad|Maninagar, Ahmedabad - GPCB|2021-11-18",17.16,25.0,33.925,41.1875,137.131677852349,158.35172413793103,True,158.35172413793103
19-11-2021 00:00,20-11-2021 00:00,22.14,0.45,26.29,26.83,142.64,73.48,Gujarat,Ahmedabad,"Maninagar, Ahmedabad - GPCB",Gujarat.xlsx,Gujarat,2021-11-19,2021-11-20,Gujarat,Ahmedabad,"Maninagar, Ahmedabad - GPCB",2021-11-01,6,True,False,"Gujarat|Ahmedabad|Maninagar, Ahmedabad - GPCB|2021-11-19",22.14,22.5,32.8625,33.537499999999994,128.6668456375839,143.6041379310345,True,143.6041379310345
20-11-2021 00:00,21-11-2021 00:00,28.97,0.44,25.65,22.69,103.75,50.58,Gujarat,Ahmedabad,"Maninagar, Ahmedabad - GPCB",Gujarat.xlsx,Gujarat,2021-11-20,2021-11-21,Gujarat,Ahmedabad,"Maninagar, Ahmedabad - GPCB",2021-11-01,6,True,False,"Gujarat|Ahmedabad|Maninagar, Ahmedabad - GPCB|2021-11-20",28.97,22.0,32.0625,28.3625,102.82718120805367,84.08344827586207,True,102.82718120805367
21-11-2021 00:00,22-11-2021 00:00,29.59,0.42,23.75,18.82,110.83,67.49,Gujarat,Ahmedabad,"Maninagar, Ahmedabad - GPCB",Gujarat.xlsx,Gujarat,2021-11-21,2021-11-22,Gujarat,Ahmedabad,"Maninagar, Ahmedabad - GPCB",2021-11-01,6,True,False,"Gujarat|Ahmedabad|Maninagar, Ahmedabad - GPCB|2021-11-21",29.59,21.0,29.6875,23.525,107.5313422818792,123.1555172413793,True,123.1555172413793
22-11-2021 00:00,23-11-2021 00:00,38.57,0.45,25.31,13.41,113.98,48.02,Gujarat,Ahmedabad,"Maninagar, Ahmedabad - GPCB",Gujarat.xlsx,Gujarat,2021-11-22,2021-11-23,Gujarat,Ahmedabad,"Maninagar, Ahmedabad - GPCB",2021-11-01,6,True,False,"Gujarat|Ahmedabad|Maninagar, Ahmedabad - GPCB|2021-11-22",38.57,22.5,31.6375,16.7625,109.62429530201342,79.75793103448277,True,109.62429530201342
23-11-2021 00:00,24-11-2021 00:00,32.84,0.64,36.38,13.89,132.48,49.46,Gujarat,Ahmedabad,"Maninagar, Ahmedabad - GPCB",Gujarat.xlsx,Gujarat,2021-11-23,2021-11-24,Gujarat,Ahmedabad,"Maninagar, Ahmedabad - GPCB",2021-11-01,6,True,False,"Gujarat|Ahmedabad|Maninagar, Ahmedabad - GPCB|2021-11-23",32.84,32.0,45.475,17.3625,121.91624161073824,82.19103448275862,True,121.91624161073824
24-11-2021 00:00,25-11-2021 00:00,29.27,0.56,42.78,12.81,187.4,60.58,Gujarat,Ahmedabad,"Maninagar, Ahmedabad - GPCB",Gujarat.xlsx,Gujarat,2021-11-24,2021-11-25,Gujarat,Ahmedabad,"Maninagar, Ahmedabad - GPCB",2021-11-01,6,True,False,"Gujarat|Ahmedabad|Maninagar, Ahmedabad - GPCB|2021-11-24",29.27,28.000000000000004,53.23641025641026,16.0125,158.406711409396,101.0,True,158.406711409396
25-11-2021 00:00,26-11-2021 00:00,21.62,0.49,38.77,12.43,167.98,49.1,Gujarat,Ahmedabad,"Maninagar, Ahmedabad - GPCB",Gujarat.xlsx,Gujarat,2021-11-25,2021-11-26,Gujarat,Ahmedabad,"Maninagar, Ahmedabad - GPCB",2021-11-01,6,True,False,"Gujarat|Ahmedabad|Maninagar, Ahmedabad - GPCB|2021-11-25",21.62,24.5,48.462500000000006,15.5375,145.5034899328859,81.58275862068966,True,145.5034899328859
26-11-2021 00:00,27-11-2021 00:00,18.01,0.66,35.6,9.67,158.05,48.45,Gujarat,Ahmedabad,"Maninagar, Ahmedabad - GPCB",Gujarat.xlsx,Gujarat,2021-11-26,2021-11-27,Gujarat,Ahmedabad,"Maninagar, Ahmedabad - GPCB",2021-11-01,6,True,False,"Gujarat|Ahmedabad|Maninagar, Ahmedabad - GPCB|2021-11-26",18.01,33.0,44.5,12.0875,138.90570469798658,80.4844827586207,True,138.90570469798658
27-11-2021 00:00,28-11-2021 00:00,31.89,0.88,36.38,9.63,236.98,66.77,Gujarat,Ahmedabad,"Maninagar, Ahmedabad - GPCB",Gujarat.xlsx,Gujarat,2021-11-27,2021-11-28,Gujarat,Ahmedabad,"Maninagar, Ahmedabad - GPCB",2021-11-01,6,True,False,"Gujarat|Ahmedabad|Maninagar, Ahmedabad - GPCB|2021-11-27",31.89,44.0,45.475,12.0375,191.3491275167785,120.69758620689656,True,191.3491275167785
28-11-2021 00:00,29-11-2021 00:00,16.57,0.72,35.03,7.44,170.26,72.35,Gujarat,Ahmedabad,"Maninagar, Ahmedabad - GPCB",Gujarat.xlsx,Gujarat,2021-11-28,2021-11-29,Gujarat,Ahmedabad,"Maninagar, Ahmedabad - GPCB",2021-11-01,6,True,False,"Gujarat|Ahmedabad|Maninagar, Ahmedabad - GPCB|2021-11-28",16.57,36.0,43.7875,9.3,147.01838926174497,139.7465517241379,True,147.01838926174497
29-11-2021 00:00,30-11-2021 00:00,30.18,0.69,33.21,10.59,173.93,66.52,Gujarat,Ahmedabad,"Maninagar, Ahmedabad - GPCB",Gujarat.xlsx,Gujarat,2021-11-29,2021-11-30,Gujarat,Ahmedabad,"Maninagar, Ahmedabad - GPCB",2021-11-01,6,True,False,"Gujarat|Ahmedabad|Maninagar, Ahmedabad - GPCB|2021-11-29",30.18,34.5,41.5125,13.2375,149.4568456375839,119.84413793103448,True,149.4568456375839
30-11-2021 00:00,01-12-2021 00:00,26.06,0.43,36.19,7.98,134.49,55.61,Gujarat,Ahmedabad,"Maninagar, Ahmedabad - GPCB",Gujarat.xlsx,Gujarat,2021-11-30,2021-12-01,Gujarat,Ahmedabad,"Maninagar, Ahmedabad - GPCB",2021-11-01,6,True,False,"Gujarat|Ahmedabad|Maninagar, Ahmedabad - GPCB|2021-11-30",26.06,21.5,45.2375,9.975,123.25174496644296,92.58241379310346,True,123.25174496644296
01-12-2021 00:00,02-12-2021 00:00,16.17,0.75,44.64,9.25,150.13,67.4,Gujarat,Ahmedabad,"Maninagar, Ahmedabad - GPCB",Gujarat.xlsx,Gujarat,2021-12-01,2021-12-02,Gujarat,Ahmedabad,"Maninagar, Ahmedabad - GPCB",2021-12-01,6,True,False,"Gujarat|Ahmedabad|Maninagar, Ahmedabad - GPCB|2021-12-01",16.17,37.5,55.57333333333334,11.5625,133.64342281879195,122.848275862069,True,133.64342281879195
02-12-2021 00:00,03-12-2021 00:00,29.31,0.47,47.39,9.03,124.34,32.73,Gujarat,Ahmedabad,"Maninagar, Ahmedabad - GPCB",Gujarat.xlsx,Gujarat,2021-12-02,2021-12-03,Gujarat,Ahmedabad,"Maninagar, Ahmedabad - GPCB",2021-12-01,6,True,False,"Gujarat|Ahmedabad|Maninagar, Ahmedabad - GPCB|2021-12-02",29.31,23.5,59.02846153846154,11.2875,116.50778523489932,53.92310344827585,True,116.50778523489932
03-12-2021 00:00,04-12-2021 00:00,40.32,0.86,38.87,37.48,136.29,68.83,Gujarat,Ahmedabad,"Maninagar, Ahmedabad - GPCB",Gujarat.xlsx,Gujarat,2021-12-03,2021-12-04,Gujarat,Ahmedabad,"Maninagar, Ahmedabad - GPCB",2021-12-01,6,True,False,"Gujarat|Ahmedabad|Maninagar, Ahmedabad - GPCB|2021-12-03",40.32,43.0,48.5875,46.85,124.44771812080536,127.73,True,127.73
04-12-2021 00:00,05-12-2021 00:00,22.96,1.27,38.42,47.05,192.54,87.99,Gujarat,Ahmedabad,"Maninagar, Ahmedabad - GPCB",Gujarat.xlsx,Gujarat,2021-12-04,2021-12-05,Gujarat,Ahmedabad,"Maninagar, Ahmedabad - GPCB",2021-12-01,6,True,False,"Gujarat|Ahmedabad|Maninagar, Ahmedabad - GPCB|2021-12-04",22.96,60.25555555555555,48.025000000000006,58.60128205128205,161.82187919463087,193.13827586206892,True,193.13827586206892
05-12-2021 00:00,06-12-2021 00:00,17.5,0.91,56.24,50.81,300.99,125.01,Gujarat,Ahmedabad,"Maninagar, Ahmedabad - GPCB",Gujarat.xlsx,Gujarat,2021-12-05,2021-12-06,Gujarat,Ahmedabad,"Maninagar, Ahmedabad - GPCB",2021-12-01,6,True,False,"Gujarat|Ahmedabad|Maninagar, Ahmedabad - GPCB|2021-12-05",17.5,45.5,70.14769230769231,63.32538461538462,250.99,304.0774418604651,True,304.0774418604651
06-12-2021 00:00,07-12-2021 00:00,28.56,0.69,56.74,48.28,133.85,51.45,Gujarat,Ahmedabad,"Maninagar, Ahmedabad - GPCB",Gujarat.xlsx,Gujarat,2021-12-06,2021-12-07,Gujarat,Ahmedabad,"Maninagar, Ahmedabad - GPCB",2021-12-01,6,True,False,"Gujarat|Ahmedabad|Maninagar, Ahmedabad - GPCB|2021-12-06",28.56,34.5,70.77589743589743,60.14666666666667,122.8265100671141,85.55344827586208,True,122.8265100671141
07-12-2021 00:00,08-12-2021 00:00,26.29,0.78,57.43,39.47,135.07,65.75,Gujarat,Ahmedabad,"Maninagar, Ahmedabad - GPCB",Gujarat.xlsx,Gujarat,2021-12-07,2021-12-08,Gujarat,Ahmedabad,"Maninagar, Ahmedabad - GPCB",2021-12-01,6,True,False,"Gujarat|Ahmedabad|Maninagar, Ahmedabad - GPCB|2021-12-07",26.29,39.0,71.64282051282052,49.3375,123.63711409395972,117.2155172413793,True,123.63711409395972
08-12-2021 00:00,09-12-2021 00:00,26.08,0.8,59.51,37.8,118.58,46.44,Gujarat,Ahmedabad,"Maninagar, Ahmedabad - GPCB",Gujarat.xlsx,Gujarat,2021-12-08,2021-12-09,Gujarat,Ahmedabad,"Maninagar, Ahmedabad - GPCB",2021-12-01,6,True,False,"Gujarat|Ahmedabad|Maninagar, Ahmedabad - GPCB|2021-12-08",26.08,40.0,74.25615384615384,47.25,112.6806711409396,77.08827586206897,True,112.6806711409396
09-12-2021 00:00,10-12-2021 00:00,22.03,0.6,60.43,39.17,111.6,45.51,Gujarat,Ahmedabad,"Maninagar, Ahmedabad - GPCB",Gujarat.xlsx,Gujarat,2021-12-09,2021-12-10,Gujarat,Ahmedabad,"Maninagar, Ahmedabad - GPCB",2021-12-01,6,True,False,"Gujarat|Ahmedabad|Maninagar, Ahmedabad - GPCB|2021-12-09",22.03,30.0,75.41205128205128,48.962500000000006,108.04295302013422,75.51689655172413,True,108.04295302013422
10-12-2021 00:00,11-12-2021 00:00,34.71,0.75,69.72,71.8,126.69,50.14,Gujarat,Ahmedabad,"Maninagar, Ahmedabad - GPCB",Gujarat.xlsx,Gujarat,2021-12-10,2021-12-11,Gujarat,Ahmedabad,"Maninagar, Ahmedabad - GPCB",2021-12-01,6,True,False,"Gujarat|Ahmedabad|Maninagar, Ahmedabad - GPCB|2021-12-10",34.71,37.5,87.08410256410257,89.6974358974359,118.06919463087247,83.34,True,118.06919463087247
11-12-2021 00:00,12-12-2021 00:00,32.47,1.49,77.91,93.7,130.56,52.5,Gujarat,Ahmedabad,"Maninagar, Ahmedabad - GPCB",Gujarat.xlsx,Gujarat,2021-12-11,2021-12-12,Gujarat,Ahmedabad,"Maninagar, Ahmedabad - GPCB",2021-12-01,6,True,False,"Gujarat|Ahmedabad|Maninagar, Ahmedabad - GPCB|2021-12-11",32.47,72.23333333333333,97.37410256410256,113.7,120.64053691275168,87.32758620689656,True,120.64053691275168
12-12-2021 00:00,13-12-2021 00:00,24.95,1.85,67.84,112.4,204.84,59.78,Gujarat,Ahmedabad,"Maninagar, Ahmedabad - GPCB",Gujarat.xlsx,Gujarat,2021-12-12,2021-12-13,Gujarat,Ahmedabad,"Maninagar, Ahmedabad - GPCB",2021-12-01,6,True,False,"Gujarat|Ahmedabad|Maninagar, Ahmedabad - GPCB|2021-12-12",24.95,91.83333333333334,84.72205128205128,132.4,169.99436241610738,99.62827586206896,True,169.99436241610738
13-12-2021 00:00,14-12-2021 00:00,23.58,1.37,48.12,73.05,144.99,60.88,Gujarat,Ahmedabad,"Maninagar, Ahmedabad - GPCB",Gujarat.xlsx,Gujarat,2021-12-13,2021-12-14,Gujarat,Ahmedabad,"Maninagar, Ahmedabad - GPCB",2021-12-01,6,True,False,"Gujarat|Ahmedabad|Maninagar, Ahmedabad - GPCB|2021-12-13",23.58,65.7,59.945641025641024,91.26794871794873,130.22825503355705,101.0,True,130.22825503355705
14-12-2021 00:00,15-12-2021 00:00,18.18,1.11,39.33,63.29,126.67,38.22,Gujarat,Ahmedabad,"Maninagar, Ahmedabad - GPCB",Gujarat.xlsx,Gujarat,2021-12-14,2021-12-15,Gujarat,Ahmedabad,"Maninagar, Ahmedabad - GPCB",2021-12-01,6,True,False,"Gujarat|Ahmedabad|Maninagar, Ahmedabad - GPCB|2021-12-14",18.18,51.54444444444445,49.1625,79.00538461538461,118.05590604026844,63.19931034482758,True,118.05590604026844
15-12-2021 00:00,16-12-2021 00:00,25.47,1.15,37.86,54.79,131.79,59.34,Gujarat,Ahmedabad,"Maninagar, Ahmedabad - GPCB",Gujarat.xlsx,Gujarat,2021-12-15,2021-12-16,Gujarat,Ahmedabad,"Maninagar, Ahmedabad - GPCB",2021-12-01,6,True,False,"Gujarat|Ahmedabad|Maninagar, Ahmedabad - GPCB|2021-12-15",25.47,53.72222222222221,47.325,68.32589743589743,121.45778523489932,98.88482758620692,True,121.45778523489932
16-12-2021 00:00,17-12-2021 00:00,19.28,1.04,37.23,53.64,127.42,46.54,Gujarat,Ahmedabad,"Maninagar, Ahmedabad - GPCB",Gujarat.xlsx,Gujarat,2021-12-16,2021-12-17,Gujarat,Ahmedabad,"Maninagar, Ahmedabad - GPCB",2021-12-01,6,True,False,"Gujarat|Ahmedabad|Maninagar, Ahmedabad - GPCB|2021-12-16",19.28,51.0,46.5375,66.88102564102564,118.55422818791946,77.25724137931034,True,118.55422818791946
17-12-2021 00:00,18-12-2021 00:00,22.12,1.07,36.74,46.54,145.01,66.75,Gujarat,Ahmedabad,"Maninagar, Ahmedabad - GPCB",Gujarat.xlsx,Gujarat,2021-12-17,2021-12-18,Gujarat,Ahmedabad,"Maninagar, Ahmedabad - GPCB",2021-12-01,6,True,False,"Gujarat|Ahmedabad|Maninagar, Ahmedabad - GPCB|2021-12-17",22.12,51.0,45.925,57.96051282051282,130.24154362416107,120.6293103448276,True,130.24154362416107
18-12-2021 00:00,19-12-2021 00:00,29.05,0.93,33.71,32.54,174.39,53.86,Gujarat,Ahmedabad,"Maninagar, Ahmedabad - GPCB",Gujarat.xlsx,Gujarat,2021-12-18,2021-12-19,Gujarat,Ahmedabad,"Maninagar, Ahmedabad - GPCB",2021-12-01,6,True,False,"Gujarat|Ahmedabad|Maninagar, Ahmedabad - GPCB|2021-12-18",29.05,46.5,42.1375,40.675,149.7624832214765,89.62551724137931,True,149.7624832214765
19-12-2021 00:00,20-12-2021 00:00,21.12,0.95,34.04,35.79,105.29,37.46,Gujarat,Ahmedabad,"Maninagar, Ahmedabad - GPCB",Gujarat.xlsx,Gujarat,2021-12-19,2021-12-20,Gujarat,Ahmedabad,"Maninagar, Ahmedabad - GPCB",2021-12-01,6,True,False,"Gujarat|Ahmedabad|Maninagar, Ahmedabad - GPCB|2021-12-19",21.12,47.5,42.55,44.7375,103.85040268456376,61.9151724137931,True,103.85040268456376
20-12-2021 00:00,21-12-2021 00:00,16.5,1.58,36.53,42.35,134.73,42.48,Gujarat,Ahmedabad,"Maninagar, Ahmedabad - GPCB",Gujarat.xlsx,Gujarat,2021-12-20,2021-12-21,Gujarat,Ahmedabad,"Maninagar, Ahmedabad - GPCB",2021-12-01,6,True,False,"Gujarat|Ahmedabad|Maninagar, Ahmedabad - GPCB|2021-12-20",16.5,77.13333333333334,45.6625,52.69615384615385,123.41120805369128,70.39724137931034,True,123.41120805369128
21-12-2021 00:00,22-12-2021 00:00,20.04,2.36,37.38,64.47,296.93,80.14,Gujarat,Ahmedabad,"Maninagar, Ahmedabad - GPCB",Gujarat.xlsx,Gujarat,2021-12-21,2021-12-22,Gujarat,Ahmedabad,"Maninagar, Ahmedabad - GPCB",2021-12-01,6,True,False,"Gujarat|Ahmedabad|Maninagar, Ahmedabad - GPCB|2021-12-21",20.04,104.25822784810126,46.725,80.48794871794871,246.93,166.34,True,246.93
22-12-2021 00:00,23-12-2021 00:00,21.18,1.87,36.91,82.81,279.37,84.85,Gujarat,Ahmedabad,"Maninagar, Ahmedabad - GPCB",Gujarat.xlsx,Gujarat,2021-12-22,2021-12-23,Gujarat,Ahmedabad,"Maninagar, Ahmedabad - GPCB",2021-12-01,6,True,False,"Gujarat|Ahmedabad|Maninagar, Ahmedabad - GPCB|2021-12-22",21.18,92.92222222222222,46.1375,102.81,229.37,182.41896551724136,True,229.37
23-12-2021 00:00,24-12-2021 00:00,26.83,2.49,47.3,76.49,516.61,139.91,Gujarat,Ahmedabad,"Maninagar, Ahmedabad - GPCB",Gujarat.xlsx,Gujarat,2021-12-23,2021-12-24,Gujarat,Ahmedabad,"Maninagar, Ahmedabad - GPCB",2021-12-01,6,True,False,"Gujarat|Ahmedabad|Maninagar, Ahmedabad - GPCB|2021-12-23",26.83,105.8873417721519,58.91538461538461,95.59,415.895237258348,315.5123255813954,True,415.895237258348
24-12-2021 00:00,25-12-2021 00:00,17.48,1.56,37.32,65.22,237.29,79.72,Gujarat,Ahmedabad,"Maninagar, Ahmedabad - GPCB",Gujarat.xlsx,Gujarat,2021-12-24,2021-12-25,Gujarat,Ahmedabad,"Maninagar, Ahmedabad - GPCB",2021-12-01,6,True,False,"Gujarat|Ahmedabad|Maninagar, Ahmedabad - GPCB|2021-12-24",17.48,76.04444444444445,46.65,81.4302564102564,191.5551006711409,164.9062068965517,True,191.5551006711409
25-12-2021 00:00,26-12-2021 00:00,18.67,1.65,37.48,65.89,191.94,73.66,Gujarat,Ahmedabad,"Maninagar, Ahmedabad - GPCB",Gujarat.xlsx,Gujarat,2021-12-25,2021-12-26,Gujarat,Ahmedabad,"Maninagar, Ahmedabad - GPCB",2021-12-01,6,True,False,"Gujarat|Ahmedabad|Maninagar, Ahmedabad - GPCB|2021-12-25",18.67,80.94444444444444,46.85,82.27205128205128,161.4232214765101,144.21862068965515,True,161.4232214765101
26-12-2021 00:00,27-12-2021 00:00,19.82,1.43,38.74,70.49,247.12,91.71,Gujarat,Ahmedabad,"Maninagar, Ahmedabad - GPCB",Gujarat.xlsx,Gujarat,2021-12-26,2021-12-27,Gujarat,Ahmedabad,"Maninagar, Ahmedabad - GPCB",2021-12-01,6,True,False,"Gujarat|Ahmedabad|Maninagar, Ahmedabad - GPCB|2021-12-26",19.82,68.96666666666667,48.425,88.05153846153846,198.0864429530201,203.42379310344825,True,203.42379310344825
27-12-2021 00:00,28-12-2021 00:00,23.89,0.81,38.44,65.45,254.51,68.69,Gujarat,Ahmedabad,"Maninagar, Ahmedabad - GPCB",Gujarat.xlsx,Gujarat,2021-12-27,2021-12-28,Gujarat,Ahmedabad,"Maninagar, Ahmedabad - GPCB",2021-12-01,6,True,False,"Gujarat|Ahmedabad|Maninagar, Ahmedabad - GPCB|2021-12-27",23.89,40.5,48.05,81.71923076923078,204.51,127.25206896551722,True,204.51
28-12-2021 00:00,29-12-2021 00:00,11.28,0.61,28.53,34.68,91.54,45.38,Gujarat,Ahmedabad,"Maninagar, Ahmedabad - GPCB",Gujarat.xlsx,Gujarat,2021-12-28,2021-12-29,Gujarat,Ahmedabad,"Maninagar, Ahmedabad - GPCB",2021-12-01,6,True,False,"Gujarat|Ahmedabad|Maninagar, Ahmedabad - GPCB|2021-12-28",11.28,30.5,35.6625,43.35,91.54,75.29724137931035,True,91.54
29-12-2021 00:00,30-12-2021 00:00,17.09,0.57,10.96,30.28,68.3,31.53,Gujarat,Ahmedabad,"Maninagar, Ahmedabad - GPCB",Gujarat.xlsx,Gujarat,2021-12-29,2021-12-30,Gujarat,Ahmedabad,"Maninagar, Ahmedabad - GPCB",2021-12-01,6,True,False,"Gujarat|Ahmedabad|Maninagar, Ahmedabad - GPCB|2021-12-29",17.09,28.5,13.7,37.85,68.3,51.89551724137931,True,68.3
30-12-2021 00:00,31-12-2021 00:00,18.4,0.54,11.01,28.96,74.24,34.97,Gujarat,Ahmedabad,"Maninagar, Ahmedabad - GPCB",Gujarat.xlsx,Gujarat,2021-12-30,2021-12-31,Gujarat,Ahmedabad,"Maninagar, Ahmedabad - GPCB",2021-12-01,6,True,False,"Gujarat|Ahmedabad|Maninagar, Ahmedabad - GPCB|2021-12-30",18.4,27.0,13.7625,36.2,74.24,57.70793103448276,True,74.24
31-12-2021 00:00,01-01-2022 00:00,20.31,0.57,10.99,27.02,91.59,43.94,Gujarat,Ahmedabad,"Maninagar, Ahmedabad - GPCB",Gujarat.xlsx,Gujarat,2021-12-31,2022-01-01,Gujarat,Ahmedabad,"Maninagar, Ahmedabad - GPCB",2021-12-01,6,True,False,"Gujarat|Ahmedabad|Maninagar, Ahmedabad - GPCB|2021-12-31",20.31,28.5,13.7375,33.775,91.59,72.86413793103448,True,91.59
01-01-2022 00:00,02-01-2022 00:00,22.83,0.79,11.77,41.2,109.17,44.75,Gujarat,Ahmedabad,"Maninagar, Ahmedabad - GPCB",Gujarat.xlsx,Gujarat,2022-01-01,2022-01-02,Gujarat,Ahmedabad,"Maninagar, Ahmedabad - GPCB",2022-01-01,6,True,False,"Gujarat|Ahmedabad|Maninagar, Ahmedabad - GPCB|2022-01-01",22.83,39.5,14.7125,51.25128205128205,106.42838926174495,74.23275862068965,True,106.42838926174495
02-01-2022 00:00,03-01-2022 00:00,21.09,0.7,12.11,36.59,109.13,56.63,Gujarat,Ahmedabad,"Maninagar, Ahmedabad - GPCB",Gujarat.xlsx,Gujarat,2022-01-02,2022-01-03,Gujarat,Ahmedabad,"Maninagar, Ahmedabad - GPCB",2022-01-01,6,True,False,"Gujarat|Ahmedabad|Maninagar, Ahmedabad - GPCB|2022-01-02",21.09,35.0,15.1375,45.7375,106.40181208053691,94.30586206896552,True,106.40181208053691
03-01-2022 00:00,04-01-2022 00:00,19.56,0.86,14.13,39.41,116.47,61.02,Gujarat,Ahmedabad,"Maninagar, Ahmedabad - GPCB",Gujarat.xlsx,Gujarat,2022-01-03,2022-01-04,Gujarat,Ahmedabad,"Maninagar, Ahmedabad - GPCB",2022-01-01,6,True,False,"Gujarat|Ahmedabad|Maninagar, Ahmedabad - GPCB|2022-01-03",19.56,43.0,17.6625,49.2625,111.27872483221476,101.06827586206896,True,111.27872483221476
04-01-2022 00:00,05-01-2022 00:00,19.99,0.84,15.97,43.92,145.51,58.52,Gujarat,Ahmedabad,"Maninagar, Ahmedabad - GPCB",Gujarat.xlsx,Gujarat,2022-01-04,2022-01-05,Gujarat,Ahmedabad,"Maninagar, Ahmedabad - GPCB",2022-01-01,6,True,False,"Gujarat|Ahmedabad|Maninagar, Ahmedabad - GPCB|2022-01-04",19.99,42.0,19.9625,54.66871794871795,130.57375838926174,97.4993103448276,True,130.57375838926174
05-01-2022 00:00,06-01-2022 00:00,30.89,0.86,17.34,47.02,236.44,88.48,Gujarat,Ahmedabad,"Maninagar, Ahmedabad - GPCB",Gujarat.xlsx,Gujarat,2022-01-05,2022-01-06,Gujarat,Ahmedabad,"Maninagar, Ahmedabad - GPCB",2022-01-01,6,True,False,"Gujarat|Ahmedabad|Maninagar, Ahmedabad - GPCB|2022-01-05",30.89,43.0,21.675,58.56358974358975,190.9903355704698,194.81103448275863,True,194.81103448275863
06-01-2022 00:00,07-01-2022 00:00,20.86,0.7,15.19,30.33,96.23,48.83,Gujarat,Ahmedabad,"Maninagar, Ahmedabad - GPCB",Gujarat.xlsx,Gujarat,2022-01-06,2022-01-07,Gujarat,Ahmedabad,"Maninagar, Ahmedabad - GPCB",2022-01-01,6,True,False,"Gujarat|Ahmedabad|Maninagar, Ahmedabad - GPCB|2022-01-06",20.86,35.0,18.9875,37.9125,96.23,81.12655172413793,True,96.23
07-01-2022 00:00,08-01-2022 00:00,12.75,0.79,13.8,37.57,141.33,43.19,Gujarat,Ahmedabad,"Maninagar, Ahmedabad - GPCB",Gujarat.xlsx,Gujarat,2022-01-07,2022-01-08,Gujarat,Ahmedabad,"Maninagar, Ahmedabad - GPCB",2022-01-01,6,True,False,"Gujarat|Ahmedabad|Maninagar, Ahmedabad - GPCB|2022-01-07",12.75,39.5,17.25,46.9625,127.79644295302016,71.59689655172414,True,127.79644295302016
08-01-2022 00:00,09-01-2022 00:00,12.31,0.46,7.99,27.75,80.26,37.38,Gujarat,Ahmedabad,"Maninagar, Ahmedabad - GPCB",Gujarat.xlsx,Gujarat,2022-01-08,2022-01-09,Gujarat,Ahmedabad,"Maninagar, Ahmedabad - GPCB",2022-01-01,6,True,False,"Gujarat|Ahmedabad|Maninagar, Ahmedabad - GPCB|2022-01-08",12.31,23.0,9.9875,34.6875,80.26,61.78,True,80.26
09-01-2022 00:00,10-01-2022 00:00,8.18,0.53,13.52,31.56,67.69,28.15,Gujarat,Ahmedabad,"Maninagar, Ahmedabad - GPCB",Gujarat.xlsx,Gujarat,2022-01-09,2022-01-10,Gujarat,Ahmedabad,"Maninagar, Ahmedabad - GPCB",2022-01-01,6,True,False,"Gujarat|Ahmedabad|Maninagar, Ahmedabad - GPCB|2022-01-09",8.18,26.5,16.9,39.45,67.69,46.91666666666666,True,67.69
10-01-2022 00:00,11-01-2022 00:00,12.61,0.69,16.88,39.89,95.72,34.74,Gujarat,Ahmedabad,"Maninagar, Ahmedabad - GPCB",Gujarat.xlsx,Gujarat,2022-01-10,2022-01-11,Gujarat,Ahmedabad,"Maninagar, Ahmedabad - GPCB",2022-01-01,6,True,False,"Gujarat|Ahmedabad|Maninagar, Ahmedabad - GPCB|2022-01-10",12.61,34.5,21.1,49.8625,95.72,57.31931034482759,True,95.72
11-01-2022 00:00,12-01-2022 00:00,10.86,0.61,16.07,34.82,90.2,28.5,Gujarat,Ahmedabad,"Maninagar, Ahmedabad - GPCB",Gujarat.xlsx,Gujarat,2022-01-11,2022-01-12,Gujarat,Ahmedabad,"Maninagar, Ahmedabad - GPCB",2022-01-01,6,True,False,"Gujarat|Ahmedabad|Maninagar, Ahmedabad - GPCB|2022-01-11",10.86,30.5,20.0875,43.525,90.2,47.5,True,90.2
12-01-2022 00:00,13-01-2022 00:00,18.02,0.67,16.28,40.72,124.03,50.52,Gujarat,Ahmedabad,"Maninagar, Ahmedabad - GPCB",Gujarat.xlsx,Gujarat,2022-01-12,2022-01-13,Gujarat,Ahmedabad,"Maninagar, Ahmedabad - GPCB",2022-01-01,6,True,False,"Gujarat|Ahmedabad|Maninagar, Ahmedabad - GPCB|2022-01-12",18.02,33.5,20.35,51.0,116.30181208053692,83.98206896551724,True,116.30181208053692
13-01-2022 00:00,14-01-2022 00:00,14.38,0.66,78.83,37.36,83.76,49.72,Gujarat,Ahmedabad,"Maninagar, Ahmedabad - GPCB",Gujarat.xlsx,Gujarat,2022-01-13,2022-01-14,Gujarat,Ahmedabad,"Maninagar, Ahmedabad - GPCB",2022-01-01,6,True,False,"Gujarat|Ahmedabad|Maninagar, Ahmedabad - GPCB|2022-01-13",14.38,33.0,98.53,46.7,83.76,82.63034482758621,True,98.53
14-01-2022 00:00,15-01-2022 00:00,12.31,0.71,73.06,34.61,105.38,54.65,Gujarat,Ahmedabad,"Maninagar, Ahmedabad - GPCB",Gujarat.xlsx,Gujarat,2022-01-14,2022-01-15,Gujarat,Ahmedabad,"Maninagar, Ahmedabad - GPCB",2022-01-01,6,True,False,"Gujarat|Ahmedabad|Maninagar, Ahmedabad - GPCB|2022-01-14",12.31,35.5,91.28051282051284,43.2625,103.91020134228188,90.9603448275862,True,103.91020134228188
15-01-2022 00:00,16-01-2022 00:00,17.62,0.53,71.21,30.3,86.95,60.46,Gujarat,Ahmedabad,"Maninagar, Ahmedabad - GPCB",Gujarat.xlsx,Gujarat,2022-01-15,2022-01-16,Gujarat,Ahmedabad,"Maninagar, Ahmedabad - GPCB",2022-01-01,6,True,False,"Gujarat|Ahmedabad|Maninagar, Ahmedabad - GPCB|2022-01-15",17.62,26.5,88.95615384615384,37.875,86.95,101.0,True,101.0
16-01-2022 00:00,17-01-2022 00:00,16.01,0.58,6.64,29.97,185.92,57.44,Gujarat,Ahmedabad,"Maninagar, Ahmedabad - GPCB",Gujarat.xlsx,Gujarat,2022-01-16,2022-01-17,Gujarat,Ahmedabad,"Maninagar, Ahmedabad - GPCB",2022-01-01,6,True,False,"Gujarat|Ahmedabad|Maninagar, Ahmedabad - GPCB|2022-01-16",16.01,29.0,8.299999999999999,37.4625,157.423355704698,95.67448275862068,True,157.423355704698
17-01-2022 00:00,18-01-2022 00:00,21.17,1.02,33.75,42.51,209.45,83.33,Gujarat,Ahmedabad,"Maninagar, Ahmedabad - GPCB",Gujarat.xlsx,Gujarat,2022-01-17,2022-01-18,Gujarat,Ahmedabad,"Maninagar, Ahmedabad - GPCB",2022-01-01,6,True,False,"Gujarat|Ahmedabad|Maninagar, Ahmedabad - GPCB|2022-01-17",21.17,51.0,42.1875,52.897179487179486,173.05738255033555,177.23,True,177.23
18-01-2022 00:00,19-01-2022 00:00,17.16,1.3,38.94,46.4,205.07,70.15,Gujarat,Ahmedabad,"Maninagar, Ahmedabad - GPCB",Gujarat.xlsx,Gujarat,2022-01-18,2022-01-19,Gujarat,Ahmedabad,"Maninagar, Ahmedabad - GPCB",2022-01-01,6,True,False,"Gujarat|Ahmedabad|Maninagar, Ahmedabad - GPCB|2022-01-18",17.16,61.888888888888886,48.675,57.784615384615385,170.1471812080537,132.23620689655175,True,170.1471812080537
19-01-2022 00:00,20-01-2022 00:00,20.46,1.22,52.45,48.51,257.34,94.66,Gujarat,Ahmedabad,"Maninagar, Ahmedabad - GPCB",Gujarat.xlsx,Gujarat,2022-01-19,2022-01-20,Gujarat,Ahmedabad,"Maninagar, Ahmedabad - GPCB",2022-01-01,6,True,False,"Gujarat|Ahmedabad|Maninagar, Ahmedabad - GPCB|2022-01-19",20.46,57.53333333333333,65.38589743589743,60.43564102564102,207.34,213.49448275862068,True,213.49448275862068
20-01-2022 00:00,21-01-2022 00:00,19.54,1.4,28.97,44.23,222.95,69.09,Gujarat,Ahmedabad,"Maninagar, Ahmedabad - GPCB",Gujarat.xlsx,Gujarat,2022-01-20,2022-01-21,Gujarat,Ahmedabad,"Maninagar, Ahmedabad - GPCB",2022-01-01,6,True,False,"Gujarat|Ahmedabad|Maninagar, Ahmedabad - GPCB|2022-01-20",19.54,67.33333333333333,36.2125,55.05820512820512,182.0271812080537,128.61758620689656,True,182.0271812080537
21-01-2022 00:00,22-01-2022 00:00,18.26,0.96,47.36,32.21,107.4,40.06,Gujarat,Ahmedabad,"Maninagar, Ahmedabad - GPCB",Gujarat.xlsx,Gujarat,2022-01-21,2022-01-22,Gujarat,Ahmedabad,"Maninagar, Ahmedabad - GPCB",2022-01-01,6,True,False,"Gujarat|Ahmedabad|Maninagar, Ahmedabad - GPCB|2022-01-21",18.26,48.0,58.99076923076923,40.2625,105.2523489932886,66.30827586206897,True,105.2523489932886
22-01-2022 00:00,23-01-2022 00:00,16.95,0.7,41.9,26.33,150.89,31.39,Gujarat,Ahmedabad,"Maninagar, Ahmedabad - GPCB",Gujarat.xlsx,Gujarat,2022-01-22,2022-01-23,Gujarat,Ahmedabad,"Maninagar, Ahmedabad - GPCB",2022-01-01,6,True,False,"Gujarat|Ahmedabad|Maninagar, Ahmedabad - GPCB|2022-01-22",16.95,35.0,52.13076923076923,32.912499999999994,134.14838926174497,51.65896551724138,True,134.14838926174497
23-01-2022 00:00,24-01-2022 00:00,12.95,0.68,23.85,27.49,290.68,60.37,Gujarat,Ahmedabad,"Maninagar, Ahmedabad - GPCB",Gujarat.xlsx,Gujarat,2022-01-23,2022-01-24,Gujarat,Ahmedabad,"Maninagar, Ahmedabad - GPCB",2022-01-01,6,True,False,"Gujarat|Ahmedabad|Maninagar, Ahmedabad - GPCB|2022-01-23",12.95,34.0,29.8125,34.3625,240.68,101.0,True,240.68
24-01-2022 00:00,25-01-2022 00:00,16.62,1.12,34.36,61.4,236.92,61.1,Gujarat,Ahmedabad,"Maninagar, Ahmedabad - GPCB",Gujarat.xlsx,Gujarat,2022-01-24,2022-01-25,Gujarat,Ahmedabad,"Maninagar, Ahmedabad - GPCB",2022-01-01,6,True,False,"Gujarat|Ahmedabad|Maninagar, Ahmedabad - GPCB|2022-01-24",16.62,52.08888888888889,42.95,76.63076923076923,191.3092617449664,101.34137931034483,True,191.3092617449664
25-01-2022 00:00,26-01-2022 00:00,21.45,1.09,53.24,52.73,246.91,56.64,Gujarat,Ahmedabad,"Maninagar, Ahmedabad - GPCB",Gujarat.xlsx,Gujarat,2022-01-25,2022-01-26,Gujarat,Ahmedabad,"Maninagar, Ahmedabad - GPCB",2022-01-01,6,True,False,"Gujarat|Ahmedabad|Maninagar, Ahmedabad - GPCB|2022-01-25",21.45,51.0,66.37846153846154,65.7376923076923,197.94691275167787,94.32275862068964,True,197.94691275167787
26-01-2022 00:00,27-01-2022 00:00,16.98,1.03,69.18,52.21,191.08,50.09,Gujarat,Ahmedabad,"Maninagar, Ahmedabad - GPCB",Gujarat.xlsx,Gujarat,2022-01-26,2022-01-27,Gujarat,Ahmedabad,"Maninagar, Ahmedabad - GPCB",2022-01-01,6,True,False,"Gujarat|Ahmedabad|Maninagar, Ahmedabad - GPCB|2022-01-26",16.98,51.0,86.40564102564103,65.08435897435898,160.85181208053692,83.25551724137932,True,160.85181208053692
27-01-2022 00:00,28-01-2022 00:00,16.16,0.88,70.58,53.71,159.31,49.82,Gujarat,Ahmedabad,"Maninagar, Ahmedabad - GPCB",Gujarat.xlsx,Gujarat,2022-01-27,2022-01-28,Gujarat,Ahmedabad,"Maninagar, Ahmedabad - GPCB",2022-01-01,6,True,False,"Gujarat|Ahmedabad|Maninagar, Ahmedabad - GPCB|2022-01-27",16.16,44.0,88.16461538461539,66.96897435897436,139.74288590604027,82.79931034482759,True,139.74288590604027
28-01-2022 00:00,29-01-2022 00:00,16.99,0.91,57.56,50.87,158.53,48.67,Gujarat,Ahmedabad,"Maninagar, Ahmedabad - GPCB",Gujarat.xlsx,Gujarat,2022-01-28,2022-01-29,Gujarat,Ahmedabad,"Maninagar, Ahmedabad - GPCB",2022-01-01,6,True,False,"Gujarat|Ahmedabad|Maninagar, Ahmedabad - GPCB|2022-01-28",16.99,45.5,71.80615384615385,63.40076923076923,139.22463087248323,80.85620689655173,True,139.22463087248323
29-01-2022 00:00,30-01-2022 00:00,17.43,1.71,45.95,54.78,185.26,76.52,Gujarat,Ahmedabad,"Maninagar, Ahmedabad - GPCB",Gujarat.xlsx,Gujarat,2022-01-29,2022-01-30,Gujarat,Ahmedabad,"Maninagar, Ahmedabad - GPCB",2022-01-01,6,True,False,"Gujarat|Ahmedabad|Maninagar, Ahmedabad - GPCB|2022-01-29",17.43,84.21111111111111,57.219230769230776,68.31333333333333,156.9848322147651,153.9820689655172,True,156.9848322147651
30-01-2022 00:00,31-01-2022 00:00,19.43,1.64,57.14,79.65,304.76,116.94,Gujarat,Ahmedabad,"Maninagar, Ahmedabad - GPCB",Gujarat.xlsx,Gujarat,2022-01-30,2022-01-31,Gujarat,Ahmedabad,"Maninagar, Ahmedabad - GPCB",2022-01-01,6,True,False,"Gujarat|Ahmedabad|Maninagar, Ahmedabad - GPCB|2022-01-30",19.43,80.39999999999999,71.27846153846154,99.5602564102564,254.76,289.55379310344824,True,289.55379310344824
31-01-2022 00:00,01-02-2022 00:00,23.6,1.22,62.87,52.98,232.09,84.97,Gujarat,Ahmedabad,"Maninagar, Ahmedabad - GPCB",Gujarat.xlsx,Gujarat,2022-01-31,2022-02-01,Gujarat,Ahmedabad,"Maninagar, Ahmedabad - GPCB",2022-01-01,6,True,False,"Gujarat|Ahmedabad|Maninagar, Ahmedabad - GPCB|2022-01-31",23.6,57.53333333333333,78.47769230769231,66.05179487179487,188.100067114094,182.8286206896552,True,188.100067114094
01-02-2022 00:00,02-02-2022 00:00,21.21,1.14,67.73,53.41,252.09,91.41,Gujarat,Ahmedabad,"Maninagar, Ahmedabad - GPCB",Gujarat.xlsx,Gujarat,2022-02-01,2022-02-02,Gujarat,Ahmedabad,"Maninagar, Ahmedabad - GPCB",2022-02-01,6,True,False,"Gujarat|Ahmedabad|Maninagar, Ahmedabad - GPCB|2022-02-01",21.21,53.17777777777777,84.58384615384617,66.59205128205127,202.09,202.3996551724138,True,202.3996551724138
02-02-2022 00:00,03-02-2022 00:00,24.05,0.95,60.11,49.99,252.14,74.63,Gujarat,Ahmedabad,"Maninagar, Ahmedabad - GPCB",Gujarat.xlsx,Gujarat,2022-02-02,2022-02-03,Gujarat,Ahmedabad,"Maninagar, Ahmedabad - GPCB",2022-02-01,6,True,False,"Gujarat|Ahmedabad|Maninagar, Ahmedabad - GPCB|2022-02-02",24.05,47.5,75.00999999999999,62.29512820512821,202.14,147.52999999999997,True,202.14
03-02-2022 00:00,04-02-2022 00:00,17.49,0.59,42.18,34.93,226.7,48.58,Gujarat,Ahmedabad,"Maninagar, Ahmedabad - GPCB",Gujarat.xlsx,Gujarat,2022-02-03,2022-02-04,Gujarat,Ahmedabad,"Maninagar, Ahmedabad - GPCB",2022-02-01,6,True,False,"Gujarat|Ahmedabad|Maninagar, Ahmedabad - GPCB|2022-02-03",17.49,29.5,52.482564102564105,43.6625,184.51879194630877,80.70413793103448,True,184.51879194630877
04-02-2022 00:00,05-02-2022 00:00,20.77,1.36,38.26,68.54,441.03,105.78,Gujarat,Ahmedabad,"Maninagar, Ahmedabad - GPCB",Gujarat.xlsx,Gujarat,2022-02-04,2022-02-05,Gujarat,Ahmedabad,"Maninagar, Ahmedabad - GPCB",2022-02-01,6,True,False,"Gujarat|Ahmedabad|Maninagar, Ahmedabad - GPCB|2022-02-04",20.77,65.15555555555555,47.825,85.60153846153847,402.74511423550086,251.45586206896556,True,402.74511423550086
05-02-2022 00:00,06-02-2022 00:00,23.45,1.48,29.2,74.91,268.46,104.02,Gujarat,Ahmedabad,"Maninagar, Ahmedabad - GPCB",Gujarat.xlsx,Gujarat,2022-02-05,2022-02-06,Gujarat,Ahmedabad,"Maninagar, Ahmedabad - GPCB",2022-02-01,6,True,False,"Gujarat|Ahmedabad|Maninagar, Ahmedabad - GPCB|2022-02-05",23.45,71.68888888888888,36.5,93.6048717948718,218.46,245.44758620689652,True,245.44758620689652
06-02-2022 00:00,07-02-2022 00:00,24.34,1.81,28.76,71.99,333.54,97.07,Gujarat,Ahmedabad,"Maninagar, Ahmedabad - GPCB",Gujarat.xlsx,Gujarat,2022-02-06,2022-02-07,Gujarat,Ahmedabad,"Maninagar, Ahmedabad - GPCB",2022-02-01,6,True,False,"Gujarat|Ahmedabad|Maninagar, Ahmedabad - GPCB|2022-02-06",24.34,89.65555555555557,35.95,89.93615384615384,283.54,221.721724137931,True,283.54
07-02-2022 00:00,08-02-2022 00:00,52.17,0.87,27.85,53.75,200.71,74.17,Gujarat,Ahmedabad,"Maninagar, Ahmedabad - GPCB",Gujarat.xlsx,Gujarat,2022-02-07,2022-02-08,Gujarat,Ahmedabad,"Maninagar, Ahmedabad - GPCB",2022-02-01,6,True,False,"Gujarat|Ahmedabad|Maninagar, Ahmedabad - GPCB|2022-02-07",52.17,43.5,34.8125,67.01923076923077,167.25026845637586,145.9596551724138,True,167.25026845637586
08-02-2022 00:00,09-02-2022 00:00,35.84,1.04,13.59,52.29,223.97,65.14,Gujarat,Ahmedabad,"Maninagar, Ahmedabad - GPCB",Gujarat.xlsx,Gujarat,2022-02-08,2022-02-09,Gujarat,Ahmedabad,"Maninagar, Ahmedabad - GPCB",2022-02-01,6,True,False,"Gujarat|Ahmedabad|Maninagar, Ahmedabad - GPCB|2022-02-08",35.84,51.0,16.9875,65.1848717948718,182.70489932885909,115.13310344827586,True,182.70489932885909
09-02-2022 00:00,10-02-2022 00:00,36.92,0.67,8.3,36.52,140.75,50.29,Gujarat,Ahmedabad,"Maninagar, Ahmedabad - GPCB",Gujarat.xlsx,Gujarat,2022-02-09,2022-02-10,Gujarat,Ahmedabad,"Maninagar, Ahmedabad - GPCB",2022-02-01,6,True,False,"Gujarat|Ahmedabad|Maninagar, Ahmedabad - GPCB|2022-02-09",36.92,33.5,10.375,45.650000000000006,127.41107382550337,83.59344827586207,True,127.41107382550337
10-02-2022 00:00,11-02-2022 00:00,26.94,0.7,33.21,37.63,116.36,41.2,Gujarat,Ahmedabad,"Maninagar, Ahmedabad - GPCB",Gujarat.xlsx,Gujarat,2022-02-10,2022-02-11,Gujarat,Ahmedabad,"Maninagar, Ahmedabad - GPCB",2022-02-01,6,True,False,"Gujarat|Ahmedabad|Maninagar, Ahmedabad - GPCB|2022-02-10",26.94,35.0,41.5125,47.0375,111.2056375838926,68.23448275862069,True,111.2056375838926
11-02-2022 00:00,12-02-2022 00:00,25.96,0.7,46.36,36.53,124.42,45.04,Gujarat,Ahmedabad,"Maninagar, Ahmedabad - GPCB",Gujarat.xlsx,Gujarat,2022-02-11,2022-02-12,Gujarat,Ahmedabad,"Maninagar, Ahmedabad - GPCB",2022-02-01,6,True,False,"Gujarat|Ahmedabad|Maninagar, Ahmedabad - GPCB|2022-02-11",25.96,35.0,57.734358974358976,45.6625,116.56093959731544,74.72275862068966,True,116.56093959731544
12-02-2022 00:00,13-02-2022 00:00,19.36,0.87,63.61,46.64,144.18,58.85,Gujarat,Ahmedabad,"Maninagar, Ahmedabad - GPCB",Gujarat.xlsx,Gujarat,2022-02-12,2022-02-13,Gujarat,Ahmedabad,"Maninagar, Ahmedabad - GPCB",2022-02-01,6,True,False,"Gujarat|Ahmedabad|Maninagar, Ahmedabad - GPCB|2022-02-12",19.36,43.5,79.4074358974359,58.08615384615385,129.69006711409398,98.05689655172417,True,129.69006711409398
13-02-2022 00:00,14-02-2022 00:00,27.86,1.14,60.57,58.43,189.18,63.28,Gujarat,Ahmedabad,"Maninagar, Ahmedabad - GPCB",Gujarat.xlsx,Gujarat,2022-02-13,2022-02-14,Gujarat,Ahmedabad,"Maninagar, Ahmedabad - GPCB",2022-02-01,6,True,False,"Gujarat|Ahmedabad|Maninagar, Ahmedabad - GPCB|2022-02-13",27.86,53.17777777777777,75.58794871794872,72.89923076923077,159.58939597315435,108.78344827586209,True,159.58939597315435
14-02-2022 00:00,15-02-2022 00:00,31.96,0.9,53.07,53.16,202.05,60.35,Gujarat,Ahmedabad,"Maninagar, Ahmedabad - GPCB",Gujarat.xlsx,Gujarat,2022-02-14,2022-02-15,Gujarat,Ahmedabad,"Maninagar, Ahmedabad - GPCB",2022-02-01,6,True,False,"Gujarat|Ahmedabad|Maninagar, Ahmedabad - GPCB|2022-02-14",31.96,45.0,66.1648717948718,66.27794871794872,168.14060402684566,101.0,True,168.14060402684566
15-02-2022 00:00,16-02-2022 00:00,27.87,1.27,59.85,60.08,196.26,62.41,Gujarat,Ahmedabad,"Maninagar, Ahmedabad - GPCB",Gujarat.xlsx,Gujarat,2022-02-15,2022-02-16,Gujarat,Ahmedabad,"Maninagar, Ahmedabad - GPCB",2022-02-01,6,True,False,"Gujarat|Ahmedabad|Maninagar, Ahmedabad - GPCB|2022-02-15",27.87,60.25555555555555,74.68333333333334,74.9723076923077,164.29355704697986,105.81344827586206,True,164.29355704697986
16-02-2022 00:00,17-02-2022 00:00,28.33,1.03,63.01,52.51,184.51,61.26,Gujarat,Ahmedabad,"Maninagar, Ahmedabad - GPCB",Gujarat.xlsx,Gujarat,2022-02-16,2022-02-17,Gujarat,Ahmedabad,"Maninagar, Ahmedabad - GPCB",2022-02-01,6,True,False,"Gujarat|Ahmedabad|Maninagar, Ahmedabad - GPCB|2022-02-16",28.33,51.0,78.65358974358975,65.46128205128204,156.4865100671141,101.88758620689654,True,156.4865100671141
17-02-2022 00:00,18-02-2022 00:00,26.11,0.94,62.59,54.21,154.42,46.64,Gujarat,Ahmedabad,"Maninagar, Ahmedabad - GPCB",Gujarat.xlsx,Gujarat,2022-02-17,2022-02-18,Gujarat,Ahmedabad,"Maninagar, Ahmedabad - GPCB",2022-02-01,6,True,False,"Gujarat|Ahmedabad|Maninagar, Ahmedabad - GPCB|2022-02-17",26.11,47.0,78.12589743589744,67.59717948717949,136.4938255033557,77.42620689655172,True,136.4938255033557
18-02-2022 00:00,19-02-2022 00:00,35.41,0.79,46.86,54.62,152.19,43.02,Gujarat,Ahmedabad,"Maninagar, Ahmedabad - GPCB",Gujarat.xlsx,Gujarat,2022-02-18,2022-02-19,Gujarat,Ahmedabad,"Maninagar, Ahmedabad - GPCB",2022-02-01,6,True,False,"Gujarat|Ahmedabad|Maninagar, Ahmedabad - GPCB|2022-02-18",35.41,39.5,58.3625641025641,68.1123076923077,135.01214765100673,71.3096551724138,True,135.01214765100673
19-02-2022 00:00,20-02-2022 00:00,17.13,0.52,13.26,43.74,122.1,36.45,Gujarat,Ahmedabad,"Maninagar, Ahmedabad - GPCB",Gujarat.xlsx,Gujarat,2022-02-19,2022-02-20,Gujarat,Ahmedabad,"Maninagar, Ahmedabad - GPCB",2022-02-01,6,True,False,"Gujarat|Ahmedabad|Maninagar, Ahmedabad - GPCB|2022-02-19",17.13,26.0,16.575,54.442564102564106,115.01946308724833,60.20862068965518,True,115.01946308724833
20-02-2022 00:00,21-02-2022 00:00,24.98,0.71,8.98,50.83,177.7,46.06,Gujarat,Ahmedabad,"Maninagar, Ahmedabad - GPCB",Gujarat.xlsx,Gujarat,2022-02-20,2022-02-21,Gujarat,Ahmedabad,"Maninagar, Ahmedabad - GPCB",2022-02-01,6,True,False,"Gujarat|Ahmedabad|Maninagar, Ahmedabad - GPCB|2022-02-20",24.98,35.5,11.225,63.35051282051282,151.96174496644295,76.44620689655173,True,151.96174496644295
21-02-2022 00:00,22-02-2022 00:00,24.74,0.76,10.8,48.31,186.86,38.92,Gujarat,Ahmedabad,"Maninagar, Ahmedabad - GPCB",Gujarat.xlsx,Gujarat,2022-02-21,2022-02-22,Gujarat,Ahmedabad,"Maninagar, Ahmedabad - GPCB",2022-02-01,6,True,False,"Gujarat|Ahmedabad|Maninagar, Ahmedabad - GPCB|2022-02-21",24.74,38.0,13.5,60.18435897435898,158.04791946308725,64.38206896551725,True,158.04791946308725
22-02-2022 00:00,23-02-2022 00:00,31.41,0.74,46.19,45.14,225.86,43.5,Gujarat,Ahmedabad,"Maninagar, Ahmedabad - GPCB",Gujarat.xlsx,Gujarat,2022-02-22,2022-02-23,Gujarat,Ahmedabad,"Maninagar, Ahmedabad - GPCB",2022-02-01,6,True,False,"Gujarat|Ahmedabad|Maninagar, Ahmedabad - GPCB|2022-02-22",31.41,37.0,57.520769230769226,56.20153846153846,183.9606711409396,72.12068965517241,True,183.9606711409396
23-02-2022 00:00,24-02-2022 00:00,38.55,0.71,20.31,34.13,190.68,34.48,Gujarat,Ahmedabad,"Maninagar, Ahmedabad - GPCB",Gujarat.xlsx,Gujarat,2022-02-23,2022-02-24,Gujarat,Ahmedabad,"Maninagar, Ahmedabad - GPCB",2022-02-01,6,True,False,"Gujarat|Ahmedabad|Maninagar, Ahmedabad - GPCB|2022-02-23",38.55,35.5,25.3875,42.6625,160.58604026845637,56.88,True,160.58604026845637
24-02-2022 00:00,25-02-2022 00:00,25.3,0.98,55.18,57.18,336.91,68.85,Gujarat,Ahmedabad,"Maninagar, Ahmedabad - GPCB",Gujarat.xlsx,Gujarat,2022-02-24,2022-02-25,Gujarat,Ahmedabad,"Maninagar, Ahmedabad - GPCB",2022-02-01,6,True,False,"Gujarat|Ahmedabad|Maninagar, Ahmedabad - GPCB|2022-02-24",25.3,49.0,68.81589743589744,71.32871794871795,286.91,127.79827586206896,True,286.91
25-02-2022 00:00,26-02-2022 00:00,41.36,1.39,71.09,79.53,223.08,84.79,Gujarat,Ahmedabad,"Maninagar, Ahmedabad - GPCB",Gujarat.xlsx,Gujarat,2022-02-25,2022-02-26,Gujarat,Ahmedabad,"Maninagar, Ahmedabad - GPCB",2022-02-01,6,True,False,"Gujarat|Ahmedabad|Maninagar, Ahmedabad - GPCB|2022-02-25",41.36,66.78888888888888,88.80538461538461,99.40948717948716,182.11355704697988,182.2141379310345,True,182.2141379310345
26-02-2022 00:00,27-02-2022 00:00,37.66,0.91,54.73,52.69,218.63,63.4,Gujarat,Ahmedabad,"Maninagar, Ahmedabad - GPCB",Gujarat.xlsx,Gujarat,2022-02-26,2022-02-27,Gujarat,Ahmedabad,"Maninagar, Ahmedabad - GPCB",2022-02-01,6,True,False,"Gujarat|Ahmedabad|Maninagar, Ahmedabad - GPCB|2022-02-26",37.66,45.5,68.25051282051282,65.68743589743589,179.1568456375839,109.19310344827583,True,179.1568456375839
27-02-2022 00:00,28-02-2022 00:00,39.1,0.59,36.36,44.52,165.8,67.59,Gujarat,Ahmedabad,"Maninagar, Ahmedabad - GPCB",Gujarat.xlsx,Gujarat,2022-02-27,2022-02-28,Gujarat,Ahmedabad,"Maninagar, Ahmedabad - GPCB",2022-02-01,6,True,False,"Gujarat|Ahmedabad|Maninagar, Ahmedabad - GPCB|2022-02-27",39.1,29.5,45.45,55.42256410256411,144.05503355704698,123.49689655172416,True,144.05503355704698
28-02-2022 00:00,01-03-2022 00:00,19.32,1.21,37.63,46.77,146.02,58.26,Gujarat,Ahmedabad,"Maninagar, Ahmedabad - GPCB",Gujarat.xlsx,Gujarat,2022-02-28,2022-03-01,Gujarat,Ahmedabad,"Maninagar, Ahmedabad - GPCB",2022-02-01,6,True,False,"Gujarat|Ahmedabad|Maninagar, Ahmedabad - GPCB|2022-02-28",19.32,56.98888888888888,47.0375,58.24948717948718,130.91261744966442,97.06,True,130.91261744966442
01-03-2022 00:00,02-03-2022 00:00,19.96,0.88,60.32,59.33,152.94,64.45,Gujarat,Ahmedabad,"Maninagar, Ahmedabad - GPCB",Gujarat.xlsx,Gujarat,2022-03-01,2022-03-02,Gujarat,Ahmedabad,"Maninagar, Ahmedabad - GPCB",2022-03-01,6,True,False,"Gujarat|Ahmedabad|Maninagar, Ahmedabad - GPCB|2022-03-01",19.96,44.0,75.27384615384615,74.03,135.5104697986577,112.77758620689656,True,135.5104697986577
02-03-2022 00:00,03-03-2022 00:00,38.01,0.98,53.88,58.36,176.84,60.27,Gujarat,Ahmedabad,"Maninagar, Ahmedabad - GPCB",Gujarat.xlsx,Gujarat,2022-03-02,2022-03-03,Gujarat,Ahmedabad,"Maninagar, Ahmedabad - GPCB",2022-03-01,6,True,False,"Gujarat|Ahmedabad|Maninagar, Ahmedabad - GPCB|2022-03-02",38.01,49.0,67.1825641025641,72.81128205128205,151.3903355704698,101.0,True,151.3903355704698
03-03-2022 00:00,04-03-2022 00:00,25.91,0.69,50.58,34.63,122.76,42.92,Gujarat,Ahmedabad,"Maninagar, Ahmedabad - GPCB",Gujarat.xlsx,Gujarat,2022-03-03,2022-03-04,Gujarat,Ahmedabad,"Maninagar, Ahmedabad - GPCB",2022-03-01,6,True,False,"Gujarat|Ahmedabad|Maninagar, Ahmedabad - GPCB|2022-03-03",25.91,34.5,63.03641025641026,43.2875,115.45798657718122,71.14068965517242,True,115.45798657718122
04-03-2022 00:00,05-03-2022 00:00,19.72,0.69,45.34,42.88,105.54,36.18,Gujarat,Ahmedabad,"Maninagar, Ahmedabad - GPCB",Gujarat.xlsx,Gujarat,2022-03-04,2022-03-05,Gujarat,Ahmedabad,"Maninagar, Ahmedabad - GPCB",2022-03-01,6,True,False,"Gujarat|Ahmedabad|Maninagar, Ahmedabad - GPCB|2022-03-04",19.72,34.5,56.45282051282052,53.36205128205128,104.0165100671141,59.75241379310345,True,104.0165100671141
05-03-2022 00:00,06-03-2022 00:00,15.09,1.05,49.58,48.36,147.94,52.7,Gujarat,Ahmedabad,"Maninagar, Ahmedabad - GPCB",Gujarat.xlsx,Gujarat,2022-03-05,2022-03-06,Gujarat,Ahmedabad,"Maninagar, Ahmedabad - GPCB",2022-03-01,6,True,False,"Gujarat|Ahmedabad|Maninagar, Ahmedabad - GPCB|2022-03-05",15.09,51.0,61.78,60.24717948717949,132.188322147651,87.66551724137932,True,132.188322147651
06-03-2022 00:00,07-03-2022 00:00,21.17,1.7,92.99,78.88,261.26,98.0,Gujarat,Ahmedabad,"Maninagar, Ahmedabad - GPCB",Gujarat.xlsx,Gujarat,2022-03-06,2022-03-07,Gujarat,Ahmedabad,"Maninagar, Ahmedabad - GPCB",2022-03-01,6,True,False,"Gujarat|Ahmedabad|Maninagar, Ahmedabad - GPCB|2022-03-06",21.17,83.66666666666666,104.96993311036788,98.59282051282052,211.26,224.89655172413796,True,224.89655172413796
07-03-2022 00:00,08-03-2022 00:00,29.49,0.85,84.98,76.02,249.79,89.45,Gujarat,Ahmedabad,"Maninagar, Ahmedabad - GPCB",Gujarat.xlsx,Gujarat,2022-03-07,2022-03-08,Gujarat,Ahmedabad,"Maninagar, Ahmedabad - GPCB",2022-03-01,6,True,False,"Gujarat|Ahmedabad|Maninagar, Ahmedabad - GPCB|2022-03-07",29.49,42.5,102.31779264214047,94.99948717948718,199.86046979865773,198.12241379310348,True,199.86046979865773
08-03-2022 00:00,09-03-2022 00:00,28.18,1.14,71.13,71.7,163.54,74.0,Gujarat,Ahmedabad,"Maninagar, Ahmedabad - GPCB",Gujarat.xlsx,Gujarat,2022-03-08,2022-03-09,Gujarat,Ahmedabad,"Maninagar, Ahmedabad - GPCB",2022-03-01,6,True,False,"Gujarat|Ahmedabad|Maninagar, Ahmedabad - GPCB|2022-03-08",28.18,53.17777777777777,88.85564102564102,89.57179487179488,142.55342281879194,145.3793103448276,True,145.3793103448276
09-03-2022 00:00,10-03-2022 00:00,26.63,1.14,68.08,63.29,262.82,85.67,Gujarat,Ahmedabad,"Maninagar, Ahmedabad - GPCB",Gujarat.xlsx,Gujarat,2022-03-09,2022-03-10,Gujarat,Ahmedabad,"Maninagar, Ahmedabad - GPCB",2022-03-01,6,True,False,"Gujarat|Ahmedabad|Maninagar, Ahmedabad - GPCB|2022-03-09",26.63,53.17777777777777,85.02358974358974,79.00538461538461,212.82,185.21827586206896,True,212.82
10-03-2022 00:00,11-03-2022 00:00,42.09,0.96,47.88,58.46,204.42,61.66,Gujarat,Ahmedabad,"Maninagar, Ahmedabad - GPCB",Gujarat.xlsx,Gujarat,2022-03-10,2022-03-11,Gujarat,Ahmedabad,"Maninagar, Ahmedabad - GPCB",2022-03-01,6,True,False,"Gujarat|Ahmedabad|Maninagar, Ahmedabad - GPCB|2022-03-10",42.09,48.0,59.64410256410257,72.93692307692308,169.7153020134228,103.25310344827584,True,169.7153020134228
11-03-2022 00:00,12-03-2022 00:00,29.49,0.93,45.26,55.3,147.63,49.36,Gujarat,Ahmedabad,"Maninagar, Ahmedabad - GPCB",Gujarat.xlsx,Gujarat,2022-03-11,2022-03-12,Gujarat,Ahmedabad,"Maninagar, Ahmedabad - GPCB",2022-03-01,6,True,False,"Gujarat|Ahmedabad|Maninagar, Ahmedabad - GPCB|2022-03-11",29.49,46.5,56.35230769230769,68.96666666666667,131.98234899328858,82.02206896551724,True,131.98234899328858
12-03-2022 00:00,13-03-2022 00:00,14.34,1.49,51.65,54.75,158.48,59.07,Gujarat,Ahmedabad,"Maninagar, Ahmedabad - GPCB",Gujarat.xlsx,Gujarat,2022-03-12,2022-03-13,Gujarat,Ahmedabad,"Maninagar, Ahmedabad - GPCB",2022-03-01,6,True,False,"Gujarat|Ahmedabad|Maninagar, Ahmedabad - GPCB|2022-03-12",14.34,72.23333333333333,64.38076923076923,68.27564102564102,139.19140939597315,98.42862068965518,True,139.19140939597315
13-03-2022 00:00,14-03-2022 00:00,19.64,1.28,65.7,74.36,249.63,80.55,Gujarat,Ahmedabad,"Maninagar, Ahmedabad - GPCB",Gujarat.xlsx,Gujarat,2022-03-13,2022-03-14,Gujarat,Ahmedabad,"Maninagar, Ahmedabad - GPCB",2022-03-01,6,True,False,"Gujarat|Ahmedabad|Maninagar, Ahmedabad - GPCB|2022-03-13",19.64,60.8,82.03333333333333,92.91384615384617,199.75416107382551,167.7396551724138,True,199.75416107382551
14-03-2022 00:00,15-03-2022 00:00,25.85,1.22,62.53,83.27,227.97,77.14,Gujarat,Ahmedabad,"Maninagar, Ahmedabad - GPCB",Gujarat.xlsx,Gujarat,2022-03-14,2022-03-15,Gujarat,Ahmedabad,"Maninagar, Ahmedabad - GPCB",2022-03-01,6,True,False,"Gujarat|Ahmedabad|Maninagar, Ahmedabad - GPCB|2022-03-14",25.85,57.53333333333333,78.05051282051282,103.27,185.36261744966444,156.09862068965518,True,185.36261744966444
15-03-2022 00:00,16-03-2022 00:00,24.79,1.23,40.96,57.59,151.61,52.3,Gujarat,Ahmedabad,"Maninagar, Ahmedabad - GPCB",Gujarat.xlsx,Gujarat,2022-03-15,2022-03-16,Gujarat,Ahmedabad,"Maninagar, Ahmedabad - GPCB",2022-03-01,6,True,False,"Gujarat|Ahmedabad|Maninagar, Ahmedabad - GPCB|2022-03-15",24.79,58.077777777777776,51.0,71.84384615384616,134.62677852348995,86.98965517241379,True,134.62677852348995
16-03-2022 00:00,17-03-2022 00:00,10.11,0.99,35.26,47.86,138.29,45.45,Gujarat,Ahmedabad,"Maninagar, Ahmedabad - GPCB",Gujarat.xlsx,Gujarat,2022-03-16,2022-03-17,Gujarat,Ahmedabad,"Maninagar, Ahmedabad - GPCB",2022-03-01,6,True,False,"Gujarat|Ahmedabad|Maninagar, Ahmedabad - GPCB|2022-03-16",10.11,49.5,44.075,59.61897435897436,125.77657718120804,75.41551724137932,True,125.77657718120804
17-03-2022 00:00,18-03-2022 00:00,18.77,1.15,35.14,50.6,132.66,51.08,Gujarat,Ahmedabad,"Maninagar, Ahmedabad - GPCB",Gujarat.xlsx,Gujarat,2022-03-17,2022-03-18,Gujarat,Ahmedabad,"Maninagar, Ahmedabad - GPCB",2022-03-01,6,True,False,"Gujarat|Ahmedabad|Maninagar, Ahmedabad - GPCB|2022-03-17",18.77,53.72222222222221,43.925,63.06153846153846,122.03583892617448,84.92827586206897,True,122.03583892617448
18-03-2022 00:00,19-03-2022 00:00,18.66,1.08,36.14,38.37,138.03,36.79,Gujarat,Ahmedabad,"Maninagar, Ahmedabad - GPCB",Gujarat.xlsx,Gujarat,2022-03-18,2022-03-19,Gujarat,Ahmedabad,"Maninagar, Ahmedabad - GPCB",2022-03-01,6,True,False,"Gujarat|Ahmedabad|Maninagar, Ahmedabad - GPCB|2022-03-18",18.66,51.0,45.175,47.9625,125.60382550335572,60.78310344827586,True,125.60382550335572
19-03-2022 00:00,20-03-2022 00:00,18.91,0.87,29.65,36.57,121.89,21.49,Gujarat,Ahmedabad,"Maninagar, Ahmedabad - GPCB",Gujarat.xlsx,Gujarat,2022-03-19,2022-03-20,Gujarat,Ahmedabad,"Maninagar, Ahmedabad - GPCB",2022-03-01,6,True,False,"Gujarat|Ahmedabad|Maninagar, Ahmedabad - GPCB|2022-03-19",18.91,43.5,37.0625,45.7125,114.87993288590604,35.81666666666666,True,114.87993288590604
20-03-2022 00:00,21-03-2022 00:00,25.02,0.98,30.45,33.17,211.18,29.84,Gujarat,Ahmedabad,"Maninagar, Ahmedabad - GPCB",Gujarat.xlsx,Gujarat,2022-03-20,2022-03-21,Gujarat,Ahmedabad,"Maninagar, Ahmedabad - GPCB",2022-03-01,6,True,False,"Gujarat|Ahmedabad|Maninagar, Ahmedabad - GPCB|2022-03-20",25.02,49.0,38.0625,41.462500000000006,174.2068456375839,49.73333333333333,True,174.2068456375839
21-03-2022 00:00,22-03-2022 00:00,29.16,0.9,33.56,40.71,144.16,37.93,Gujarat,Ahmedabad,"Maninagar, Ahmedabad - GPCB",Gujarat.xlsx,Gujarat,2022-03-21,2022-03-22,Gujarat,Ahmedabad,"Maninagar, Ahmedabad - GPCB",2022-03-01,6,True,False,"Gujarat|Ahmedabad|Maninagar, Ahmedabad - GPCB|2022-03-21",29.16,45.0,41.95,51.0,129.67677852348993,62.70931034482759,True,129.67677852348993
22-03-2022 00:00,23-03-2022 00:00,15.15,0.58,31.56,30.61,136.07,37.43,Gujarat,Ahmedabad,"Maninagar, Ahmedabad - GPCB",Gujarat.xlsx,Gujarat,2022-03-22,2022-03-23,Gujarat,Ahmedabad,"Maninagar, Ahmedabad - GPCB",2022-03-01,6,True,False,"Gujarat|Ahmedabad|Maninagar, Ahmedabad - GPCB|2022-03-22",15.15,29.0,39.45,38.2625,124.30154362416108,61.86448275862069,True,124.30154362416108
23-03-2022 00:00,24-03-2022 00:00,6.36,1.55,35.8,51.38,242.71,54.07,Gujarat,Ahmedabad,"Maninagar, Ahmedabad - GPCB",Gujarat.xlsx,Gujarat,2022-03-23,2022-03-24,Gujarat,Ahmedabad,"Maninagar, Ahmedabad - GPCB",2022-03-01,6,True,False,"Gujarat|Ahmedabad|Maninagar, Ahmedabad - GPCB|2022-03-23",6.36,75.5,44.75,64.04153846153847,195.15630872483223,89.98034482758621,True,195.15630872483223
24-03-2022 00:00,25-03-2022 00:00,28.03,1.03,31.67,61.29,137.94,39.88,Gujarat,Ahmedabad,"Maninagar, Ahmedabad - GPCB",Gujarat.xlsx,Gujarat,2022-03-24,2022-03-25,Gujarat,Ahmedabad,"Maninagar, Ahmedabad - GPCB",2022-03-01,6,True,False,"Gujarat|Ahmedabad|Maninagar, Ahmedabad - GPCB|2022-03-24",28.03,51.0,39.587500000000006,76.4925641025641,125.5440268456376,66.00413793103449,True,125.5440268456376
25-03-2022 00:00,26-03-2022 00:00,36.76,1.18,37.07,65.05,194.3,51.52,Gujarat,Ahmedabad,"Maninagar, Ahmedabad - GPCB",Gujarat.xlsx,Gujarat,2022-03-25,2022-03-26,Gujarat,Ahmedabad,"Maninagar, Ahmedabad - GPCB",2022-03-01,6,True,False,"Gujarat|Ahmedabad|Maninagar, Ahmedabad - GPCB|2022-03-25",36.76,55.35555555555555,46.3375,81.21666666666667,162.99127516778526,85.67172413793105,True,162.99127516778526
26-03-2022 00:00,27-03-2022 00:00,29.48,1.14,52.52,84.82,224.54,62.74,Gujarat,Ahmedabad,"Maninagar, Ahmedabad - GPCB",Gujarat.xlsx,Gujarat,2022-03-26,2022-03-27,Gujarat,Ahmedabad,"Maninagar, Ahmedabad - GPCB",2022-03-01,6,True,False,"Gujarat|Ahmedabad|Maninagar, Ahmedabad - GPCB|2022-03-26",29.48,53.17777777777777,65.47384615384615,104.82,183.08362416107383,106.94,True,183.08362416107383
27-03-2022 00:00,28-03-2022 00:00,28.85,1.31,31.18,82.17,248.02,60.84,Gujarat,Ahmedabad,"Maninagar, Ahmedabad - GPCB",Gujarat.xlsx,Gujarat,2022-03-27,2022-03-28,Gujarat,Ahmedabad,"Maninagar, Ahmedabad - GPCB",2022-03-01,6,True,False,"Gujarat|Ahmedabad|Maninagar, Ahmedabad - GPCB|2022-03-27",28.85,62.43333333333333,38.975,102.17,198.68442953020136,101.0,True,198.68442953020136
28-03-2022 00:00,29-03-2022 00:00,25.84,1.0,39.7,65.16,241.4,74.55,Gujarat,Ahmedabad,"Maninagar, Ahmedabad - GPCB",Gujarat.xlsx,Gujarat,2022-03-28,2022-03-29,Gujarat,Ahmedabad,"Maninagar, Ahmedabad - GPCB",2022-03-01,6,True,False,"Gujarat|Ahmedabad|Maninagar, Ahmedabad - GPCB|2022-03-28",25.84,50.0,49.625,81.3548717948718,194.2859060402685,147.25689655172414,True,194.2859060402685
29-03-2022 00:00,30-03-2022 00:00,24.86,0.89,36.18,27.87,202.58,67.41,Gujarat,Ahmedabad,"Maninagar, Ahmedabad - GPCB",Gujarat.xlsx,Gujarat,2022-03-29,2022-03-30,Gujarat,Ahmedabad,"Maninagar, Ahmedabad - GPCB",2022-03-01,6,True,False,"Gujarat|Ahmedabad|Maninagar, Ahmedabad - GPCB|2022-03-29",24.86,44.5,45.225,34.8375,168.49275167785237,122.88241379310344,True,168.49275167785237
30-03-2022 00:00,31-03-2022 00:00,26.64,1.02,51.06,40.26,200.05,75.66,Gujarat,Ahmedabad,"Maninagar, Ahmedabad - GPCB",Gujarat.xlsx,Gujarat,2022-03-30,2022-03-31,Gujarat,Ahmedabad,"Maninagar, Ahmedabad - GPCB",2022-03-01,6,True,False,"Gujarat|Ahmedabad|Maninagar, Ahmedabad - GPCB|2022-03-30",26.64,51.0,63.63948717948718,51.0,166.81174496644297,151.04620689655172,True,166.81174496644297
31-03-2022 00:00,01-04-2022 00:00,31.12,1.21,72.65,45.07,250.01,93.66,Gujarat,Ahmedabad,"Maninagar, Ahmedabad - GPCB",Gujarat.xlsx,Gujarat,2022-03-31,2022-04-01,Gujarat,Ahmedabad,"Maninagar, Ahmedabad - GPCB",2022-03-01,6,True,False,"Gujarat|Ahmedabad|Maninagar, Ahmedabad - GPCB|2022-03-31",31.12,56.98888888888888,90.76538461538462,56.11358974358974,201.0,210.0806896551724,True,210.0806896551724
01-04-2022 00:00,02-04-2022 00:00,38.34,1.14,86.96,48.35,327.71,95.07,Gujarat,Ahmedabad,"Maninagar, Ahmedabad - GPCB",Gujarat.xlsx,Gujarat,2022-04-01,2022-04-02,Gujarat,Ahmedabad,"Maninagar, Ahmedabad - GPCB",2022-04-01,6,True,False,"Gujarat|Ahmedabad|Maninagar, Ahmedabad - GPCB|2022-04-01",38.34,53.17777777777777,102.9733779264214,60.23461538461539,277.71,214.8941379310345,True,277.71
02-04-2022 00:00,03-04-2022 00:00,29.46,0.97,51.46,44.16,258.26,82.13,Gujarat,Ahmedabad,"Maninagar, Ahmedabad - GPCB",Gujarat.xlsx,Gujarat,2022-04-02,2022-04-03,Gujarat,Ahmedabad,"Maninagar, Ahmedabad - GPCB",2022-04-01,6,True,False,"Gujarat|Ahmedabad|Maninagar, Ahmedabad - GPCB|2022-04-02",29.46,48.5,64.14205128205128,54.9702564102564,208.26,173.1334482758621,True,208.26
03-04-2022 00:00,04-04-2022 00:00,28.28,1.18,25.68,48.1,179.27,63.49,Gujarat,Ahmedabad,"Maninagar, Ahmedabad - GPCB",Gujarat.xlsx,Gujarat,2022-04-03,2022-04-04,Gujarat,Ahmedabad,"Maninagar, Ahmedabad - GPCB",2022-04-01,6,True,False,"Gujarat|Ahmedabad|Maninagar, Ahmedabad - GPCB|2022-04-03",28.28,55.35555555555555,32.1,59.920512820512826,153.00489932885907,109.50034482758622,True,153.00489932885907
04-04-2022 00:00,05-04-2022 00:00,36.15,1.05,22.32,46.2,157.72,80.47,Gujarat,Ahmedabad,"Maninagar, Ahmedabad - GPCB",Gujarat.xlsx,Gujarat,2022-04-04,2022-04-05,Gujarat,Ahmedabad,"Maninagar, Ahmedabad - GPCB",2022-04-01,6,True,False,"Gujarat|Ahmedabad|Maninagar, Ahmedabad - GPCB|2022-04-04",36.15,51.0,27.9,57.53333333333334,138.68644295302013,167.46655172413793,True,167.46655172413793
05-04-2022 00:00,06-04-2022 00:00,34.05,1.04,23.29,46.06,142.84,58.14,Gujarat,Ahmedabad,"Maninagar, Ahmedabad - GPCB",Gujarat.xlsx,Gujarat,2022-04-05,2022-04-06,Gujarat,Ahmedabad,"Maninagar, Ahmedabad - GPCB",2022-04-01,6,True,False,"Gujarat|Ahmedabad|Maninagar, Ahmedabad - GPCB|2022-04-05",34.05,51.0,29.1125,57.3574358974359,128.79973154362418,96.85724137931037,True,128.79973154362418
06-04-2022 00:00,07-04-2022 00:00,43.12,1.1,12.59,35.71,124.32,51.29,Gujarat,Ahmedabad,"Maninagar, Ahmedabad - GPCB",Gujarat.xlsx,Gujarat,2022-04-06,2022-04-07,Gujarat,Ahmedabad,"Maninagar, Ahmedabad - GPCB",2022-04-01,6,True,False,"Gujarat|Ahmedabad|Maninagar, Ahmedabad - GPCB|2022-04-06",43.12,51.0,15.7375,44.6375,116.4944966442953,85.28310344827585,True,116.4944966442953
07-04-2022 00:00,08-04-2022 00:00,32.69,1.12,16.78,40.67,115.98,48.28,Gujarat,Ahmedabad,"Maninagar, Ahmedabad - GPCB",Gujarat.xlsx,Gujarat,2022-04-07,2022-04-08,Gujarat,Ahmedabad,"Maninagar, Ahmedabad - GPCB",2022-04-01,6,True,False,"Gujarat|Ahmedabad|Maninagar, Ahmedabad - GPCB|2022-04-07",32.69,52.08888888888889,20.975,51.0,110.95315436241611,80.19724137931036,True,110.95315436241611
08-04-2022 00:00,09-04-2022 00:00,33.57,1.31,23.6,47.88,135.72,46.25,Gujarat,Ahmedabad,"Maninagar, Ahmedabad - GPCB",Gujarat.xlsx,Gujarat,2022-04-08,2022-04-09,Gujarat,Ahmedabad,"Maninagar, Ahmedabad - GPCB",2022-04-01,6,True,False,"Gujarat|Ahmedabad|Maninagar, Ahmedabad - GPCB|2022-04-08",33.57,62.43333333333333,29.5,59.64410256410257,124.0689932885906,76.76724137931035,True,124.0689932885906
09-04-2022 00:00,10-04-2022 00:00,44.28,0.96,25.77,35.11,110.25,41.39,Gujarat,Ahmedabad,"Maninagar, Ahmedabad - GPCB",Gujarat.xlsx,Gujarat,2022-04-09,2022-04-10,Gujarat,Ahmedabad,"Maninagar, Ahmedabad - GPCB",2022-04-01,6,True,False,"Gujarat|Ahmedabad|Maninagar, Ahmedabad - GPCB|2022-04-09",44.28,48.0,32.2125,43.8875,107.14597315436242,68.5555172413793,True,107.14597315436242
10-04-2022 00:00,11-04-2022 00:00,60.35,0.73,41.32,53.09,122.06,47.97,Gujarat,Ahmedabad,"Maninagar, Ahmedabad - GPCB",Gujarat.xlsx,Gujarat,2022-04-10,2022-04-11,Gujarat,Ahmedabad,"Maninagar, Ahmedabad - GPCB",2022-04-01,6,True,False,"Gujarat|Ahmedabad|Maninagar, Ahmedabad - GPCB|2022-04-10",60.35,36.5,51.40205128205128,66.19,114.99288590604029,79.67344827586207,True,114.99288590604029
11-04-2022 00:00,12-04-2022 00:00,52.84,0.89,47.24,67.88,163.44,50.52,Gujarat,Ahmedabad,"Maninagar, Ahmedabad - GPCB",Gujarat.xlsx,Gujarat,2022-04-11,2022-04-12,Gujarat,Ahmedabad,"Maninagar, Ahmedabad - GPCB",2022-04-01,6,True,False,"Gujarat|Ahmedabad|Maninagar, Ahmedabad - GPCB|2022-04-11",52.84,44.5,58.84,84.77230769230769,142.4869798657718,83.98206896551724,True,142.4869798657718
12-04-2022 00:00,13-04-2022 00:00,48.89,0.88,56.55,75.25,154.22,56.99,Gujarat,Ahmedabad,"Maninagar, Ahmedabad - GPCB",Gujarat.xlsx,Gujarat,2022-04-12,2022-04-13,Gujarat,Ahmedabad,"Maninagar, Ahmedabad - GPCB",2022-04-01,6,True,False,"Gujarat|Ahmedabad|Maninagar, Ahmedabad - GPCB|2022-04-12",48.89,44.0,70.53717948717949,94.03205128205128,136.36093959731545,94.91413793103447,True,136.36093959731545
13-04-2022 00:00,14-04-2022 00:00,49.74,0.84,57.76,75.53,154.74,66.03,Gujarat,Ahmedabad,"Maninagar, Ahmedabad - GPCB",Gujarat.xlsx,Gujarat,2022-04-13,2022-04-14,Gujarat,Ahmedabad,"Maninagar, Ahmedabad - GPCB",2022-04-01,6,True,False,"Gujarat|Ahmedabad|Maninagar, Ahmedabad - GPCB|2022-04-13",49.74,42.0,72.0574358974359,94.38384615384616,136.70644295302014,118.17137931034485,True,136.70644295302014
14-04-2022 00:00,15-04-2022 00:00,57.45,1.07,41.25,61.81,121.17,42.97,Gujarat,Ahmedabad,"Maninagar, Ahmedabad - GPCB",Gujarat.xlsx,Gujarat,2022-04-14,2022-04-15,Gujarat,Ahmedabad,"Maninagar, Ahmedabad - GPCB",2022-04-01,6,True,False,"Gujarat|Ahmedabad|Maninagar, Ahmedabad - GPCB|2022-04-14",57.45,51.0,51.31410256410256,77.14589743589744,114.40154362416108,71.2251724137931,True,114.40154362416108
15-04-2022 00:00,16-04-2022 00:00,44.43,0.96,33.26,49.17,146.46,51.99,Gujarat,Ahmedabad,"Maninagar, Ahmedabad - GPCB",Gujarat.xlsx,Gujarat,2022-04-15,2022-04-16,Gujarat,Ahmedabad,"Maninagar, Ahmedabad - GPCB",2022-04-01,6,True,False,"Gujarat|Ahmedabad|Maninagar, Ahmedabad - GPCB|2022-04-15",44.43,48.0,41.575,61.264871794871794,131.20496644295304,86.46586206896552,True,131.20496644295304
16-04-2022 00:00,17-04-2022 00:00,28.05,0.85,37.05,61.58,146.53,45.81,Gujarat,Ahmedabad,"Maninagar, Ahmedabad - GPCB",Gujarat.xlsx,Gujarat,2022-04-16,2022-04-17,Gujarat,Ahmedabad,"Maninagar, Ahmedabad - GPCB",2022-04-01,6,True,False,"Gujarat|Ahmedabad|Maninagar, Ahmedabad - GPCB|2022-04-16",28.05,42.5,46.3125,76.85692307692307,131.2514765100671,76.02379310344828,True,131.2514765100671
17-04-2022 00:00,18-04-2022 00:00,34.47,0.91,26.95,47.41,124.75,42.51,Gujarat,Ahmedabad,"Maninagar, Ahmedabad - GPCB",Gujarat.xlsx,Gujarat,2022-04-17,2022-04-18,Gujarat,Ahmedabad,"Maninagar, Ahmedabad - GPCB",2022-04-01,6,True,False,"Gujarat|Ahmedabad|Maninagar, Ahmedabad - GPCB|2022-04-17",34.47,45.5,33.6875,59.05358974358974,116.78020134228188,70.44793103448276,True,116.78020134228188
18-04-2022 00:00,19-04-2022 00:00,23.15,0.84,20.85,54.52,119.0,42.49,Gujarat,Ahmedabad,"Maninagar, Ahmedabad - GPCB",Gujarat.xlsx,Gujarat,2022-04-18,2022-04-19,Gujarat,Ahmedabad,"Maninagar, Ahmedabad - GPCB",2022-04-01,6,True,False,"Gujarat|Ahmedabad|Maninagar, Ahmedabad - GPCB|2022-04-18",23.15,42.0,26.0625,67.98666666666668,112.95973154362416,70.41413793103449,True,112.95973154362416
19-04-2022 00:00,20-04-2022 00:00,28.39,0.92,21.82,61.84,120.65,43.96,Gujarat,Ahmedabad,"Maninagar, Ahmedabad - GPCB",Gujarat.xlsx,Gujarat,2022-04-19,2022-04-20,Gujarat,Ahmedabad,"Maninagar, Ahmedabad - GPCB",2022-04-01,6,True,False,"Gujarat|Ahmedabad|Maninagar, Ahmedabad - GPCB|2022-04-19",28.39,46.0,27.275,77.18358974358975,114.0560402684564,72.89793103448275,True,114.0560402684564
20-04-2022 00:00,21-04-2022 00:00,25.74,0.92,15.03,31.66,115.28,34.63,Gujarat,Ahmedabad,"Maninagar, Ahmedabad - GPCB",Gujarat.xlsx,Gujarat,2022-04-20,2022-04-21,Gujarat,Ahmedabad,"Maninagar, Ahmedabad - GPCB",2022-04-01,6,True,False,"Gujarat|Ahmedabad|Maninagar, Ahmedabad - GPCB|2022-04-20",25.74,46.0,18.7875,39.575,110.48805369127516,57.13344827586207,True,110.48805369127516
21-04-2022 00:00,22-04-2022 00:00,29.26,0.87,16.88,53.78,135.35,30.91,Gujarat,Ahmedabad,"Maninagar, Ahmedabad - GPCB",Gujarat.xlsx,Gujarat,2022-04-21,2022-04-22,Gujarat,Ahmedabad,"Maninagar, Ahmedabad - GPCB",2022-04-01,6,True,False,"Gujarat|Ahmedabad|Maninagar, Ahmedabad - GPCB|2022-04-21",29.26,43.5,21.1,67.05692307692308,123.8231543624161,51.0,True,123.8231543624161
22-04-2022 00:00,23-04-2022 00:00,38.61,0.82,14.28,51.18,98.32,30.54,Gujarat,Ahmedabad,"Maninagar, Ahmedabad - GPCB",Gujarat.xlsx,Gujarat,2022-04-22,2022-04-23,Gujarat,Ahmedabad,"Maninagar, Ahmedabad - GPCB",2022-04-01,6,True,False,"Gujarat|Ahmedabad|Maninagar, Ahmedabad - GPCB|2022-04-22",38.61,41.0,17.849999999999998,63.79025641025641,98.32,51.0,True,98.32
23-04-2022 00:00,24-04-2022 00:00,50.77,0.84,20.45,64.45,104.67,33.72,Gujarat,Ahmedabad,"Maninagar, Ahmedabad - GPCB",Gujarat.xlsx,Gujarat,2022-04-23,2022-04-24,Gujarat,Ahmedabad,"Maninagar, Ahmedabad - GPCB",2022-04-01,6,True,False,"Gujarat|Ahmedabad|Maninagar, Ahmedabad - GPCB|2022-04-23",51.0,42.0,25.5625,80.46282051282051,103.43845637583892,55.59586206896552,True,103.43845637583892
24-04-2022 00:00,25-04-2022 00:00,46.01,0.8,28.98,52.2,96.83,37.84,Gujarat,Ahmedabad,"Maninagar, Ahmedabad - GPCB",Gujarat.xlsx,Gujarat,2022-04-24,2022-04-25,Gujarat,Ahmedabad,"Maninagar, Ahmedabad - GPCB",2022-04-01,6,True,False,"Gujarat|Ahmedabad|Maninagar, Ahmedabad - GPCB|2022-04-24",46.01,40.0,36.225,65.07179487179488,96.83,62.55724137931036,True,96.83
25-04-2022 00:00,26-04-2022 00:00,33.12,0.69,23.04,52.02,84.33,31.64,Gujarat,Ahmedabad,"Maninagar, Ahmedabad - GPCB",Gujarat.xlsx,Gujarat,2022-04-25,2022-04-26,Gujarat,Ahmedabad,"Maninagar, Ahmedabad - GPCB",2022-04-01,6,True,False,"Gujarat|Ahmedabad|Maninagar, Ahmedabad - GPCB|2022-04-25",33.12,34.5,28.8,64.84564102564103,84.33,52.08137931034483,True,84.33
26-04-2022 00:00,27-04-2022 00:00,23.48,1.0,28.64,51.75,114.61,36.4,Gujarat,Ahmedabad,"Maninagar, Ahmedabad - GPCB",Gujarat.xlsx,Gujarat,2022-04-26,2022-04-27,Gujarat,Ahmedabad,"Maninagar, Ahmedabad - GPCB",2022-04-01,6,True,False,"Gujarat|Ahmedabad|Maninagar, Ahmedabad - GPCB|2022-04-26",23.48,50.0,35.8,64.50641025641025,110.04288590604028,60.12413793103448,True,110.04288590604028
27-04-2022 00:00,28-04-2022 00:00,17.33,1.18,29.58,74.32,158.41,55.83,Gujarat,Ahmedabad,"Maninagar, Ahmedabad - GPCB",Gujarat.xlsx,Gujarat,2022-04-27,2022-04-28,Gujarat,Ahmedabad,"Maninagar, Ahmedabad - GPCB",2022-04-01,6,True,False,"Gujarat|Ahmedabad|Maninagar, Ahmedabad - GPCB|2022-04-27",17.33,55.35555555555555,36.975,92.86358974358971,139.14489932885903,92.95413793103448,True,139.14489932885903
